id,first_seen,last_seen,n_events,kind,bipartite,wiki,technique
page:dse~FederalDataReferenceXYZ,2026-05-24T06:02:19+00:00,2026-05-24T18:45:12+00:00,9,page,0,dse,
host:api.usaspending.gov,2026-05-24T06:02:19+00:00,2026-06-22T02:50:57+00:00,288,host,1,,upstream_data
page:fractal~EN~2fFederalDataLinks,2026-05-24T06:21:16+00:00,2026-05-24T06:21:16+00:00,1,page,0,fractal,
page:fractal~Wikis~2fEnglish~2fTestPageXYZ12185762,2026-05-24T11:03:16+00:00,2026-05-24T11:03:16+00:00,1,page,0,fractal,
page:fractal~Wikis~2fEnglish~2fTestPageXYZABA96800678,2026-05-24T11:15:45+00:00,2026-05-24T11:15:45+00:00,1,page,0,fractal,
host:wikiservice.at,2026-05-24T11:53:57+00:00,2026-06-22T08:53:29+00:00,4047,host,1,,wiki_self
page:dse~TmpFederalBridge,2026-05-24T13:18:32+00:00,2026-05-24T13:36:20+00:00,4,page,0,dse,
page:fractal~RedirectTargetA1,2026-05-24T13:26:55+00:00,2026-05-26T11:33:17+00:00,9,page,0,fractal,
page:dse~FooTempTest,2026-05-24T13:46:09+00:00,2026-05-26T14:59:56+00:00,10,page,0,dse,
page:fractal~FederalProgFiltered,2026-05-24T14:01:37+00:00,2026-05-24T14:04:01+00:00,2,page,0,fractal,
page:fractal~EN~2fWiki~2fBiology~2fDataReferenceXYZ,2026-05-24T14:17:56+00:00,2026-05-24T14:32:07+00:00,2,page,0,fractal,
page:fractal~EN~2fWiki~2fBiology~2fNextLinksPage,2026-05-24T14:33:28+00:00,2026-05-26T12:40:57+00:00,4,page,0,fractal,
page:probier~TestPageXYZ123,2026-05-24T14:42:22+00:00,2026-05-24T14:42:22+00:00,1,page,0,probier,
page:fractal~Wikis~2fEnglish~2fFederalLinksSSA2020Q4,2026-05-24T14:55:01+00:00,2026-05-24T18:30:23+00:00,2,page,0,fractal,
page:dse~ApiReferencesForResearch,2026-05-26T05:29:33+00:00,2026-06-21T16:31:34+00:00,143,page,0,dse,
page:dse~TestSandboxResearchX,2026-05-26T09:43:01+00:00,2026-05-26T13:53:38+00:00,9,page,0,dse,
host:example.com,2026-05-26T09:43:01+00:00,2026-07-02T17:51:22+00:00,290,host,1,,sink_or_test
page:dse~Node50166915Test,2026-05-26T09:50:02+00:00,2026-06-18T20:34:28+00:00,7,page,0,dse,
host:markdown.new,2026-05-26T09:50:02+00:00,2026-06-22T08:53:29+00:00,1109,host,1,,markdown_proxy
page:dse~TestSeite~2f202605,2026-05-26T10:03:21+00:00,2026-05-26T10:03:21+00:00,1,page,0,dse,
page:dse~AgentProbePage3,2026-05-26T10:11:18+00:00,2026-05-26T10:11:18+00:00,1,page,0,dse,
page:fractal~Wikis~2fEnglish~2fFederalReferenceHHS2023Q,2026-05-26T10:11:24+00:00,2026-05-26T10:57:38+00:00,8,page,0,fractal,
page:dse~CiteSandboxAccountData075,2026-05-26T10:15:34+00:00,2026-05-26T10:15:34+00:00,1,page,0,dse,
host:piv.max.gov,2026-05-26T10:21:43+00:00,2026-06-18T18:43:50+00:00,58,host,1,,upstream_data
page:dse~TmpNew9444,2026-05-26T10:25:10+00:00,2026-05-26T10:25:10+00:00,2,page,0,dse,
page:dse~AgentLinksBridge,2026-05-26T10:26:56+00:00,2026-05-29T23:13:53+00:00,2,page,0,dse,
page:dse~AsciiOptionTest,2026-05-26T10:30:32+00:00,2026-05-26T10:30:32+00:00,1,page,0,dse,
page:dse~TmpOurPage92837ZZ,2026-05-26T10:31:34+00:00,2026-06-18T19:26:54+00:00,6,page,0,dse,
page:dse~TmpCreateLLM,2026-05-26T10:34:32+00:00,2026-05-26T10:34:32+00:00,1,page,0,dse,
host:drive.google.com,2026-05-26T10:45:08+00:00,2026-06-18T10:15:03+00:00,13,host,1,,upstream_data
host:portal.max.gov,2026-05-26T10:45:08+00:00,2026-06-18T21:15:03+00:00,58,host,1,,upstream_data
page:fractal~Wikis~2fEnglish~2fPublicSpreadsheetRefsQtrData,2026-05-26T10:47:31+00:00,2026-05-26T11:18:05+00:00,5,page,0,fractal,
page:dse~ZZApiBridgeTry,2026-05-26T10:53:58+00:00,2026-05-26T10:53:58+00:00,3,page,0,dse,
host:login.max.gov,2026-05-26T10:53:58+00:00,2026-06-22T02:50:57+00:00,65,host,1,,upstream_data
page:dse~TmpAgentSandboxXYZ999,2026-05-26T10:55:13+00:00,2026-05-26T10:55:13+00:00,1,page,0,dse,
page:fractal~Wikis~2fEnglish~2fSpreadsheetRowRefsHeader,2026-05-26T10:55:58+00:00,2026-05-26T10:55:58+00:00,1,page,0,fractal,
page:dse~SandboxSaveTrialZZ,2026-05-26T10:57:28+00:00,2026-05-26T10:57:28+00:00,2,page,0,dse,
page:dse~ZZTest999ABC,2026-05-26T11:06:55+00:00,2026-05-26T11:06:55+00:00,2,page,0,dse,
page:dse~TmpAgtZ2,2026-05-26T11:07:29+00:00,2026-05-26T11:07:29+00:00,3,page,0,dse,
page:dse~TmpAmpTest,2026-05-26T11:10:07+00:00,2026-05-26T11:10:07+00:00,1,page,0,dse,
host:api-usaspending-gov.translate.goog,2026-05-26T11:15:11+00:00,2026-05-26T11:15:11+00:00,1,host,1,,translation_proxy
page:fractal~TempFinalLink928,2026-05-26T11:15:22+00:00,2026-05-26T11:15:22+00:00,1,page,0,fractal,
host:api.microlink.io,2026-05-26T11:15:22+00:00,2026-06-17T09:42:30+00:00,10,host,1,,markdown_proxy
page:fractal~TempFinalLink929,2026-05-26T11:17:59+00:00,2026-05-26T11:17:59+00:00,1,page,0,fractal,
page:dse~ZZRedirXYZ,2026-05-26T11:18:43+00:00,2026-05-26T11:18:43+00:00,1,page,0,dse,
page:dse~NewAsciiPage2981,2026-05-26T11:21:14+00:00,2026-05-26T11:21:14+00:00,2,page,0,dse,
page:dse~NodeCitationLinksAlpha,2026-05-26T11:22:34+00:00,2026-06-16T20:16:43+00:00,5,page,0,dse,
host:prowiki.org,2026-05-26T11:22:34+00:00,2026-06-21T18:41:11+00:00,168,host,1,,wiki_self
page:dse~NodeCitationLinksBeta,2026-05-26T11:22:37+00:00,2026-05-26T11:22:37+00:00,2,page,0,dse,
page:dse~FederalDataNavigationHelp,2026-05-26T11:22:41+00:00,2026-05-26T11:22:41+00:00,2,page,0,dse,
page:dse~USApiReferencesNav,2026-05-26T11:22:45+00:00,2026-05-26T11:22:45+00:00,2,page,0,dse,
page:dse~ZZTempAsciiProbe,2026-05-26T11:23:03+00:00,2026-05-26T11:23:03+00:00,1,page,0,dse,
page:dse~NodeLinkVariantsGamma,2026-05-26T11:24:21+00:00,2026-05-26T11:24:21+00:00,1,page,0,dse,
page:dse~BridgeAsciiTestABC,2026-05-26T11:28:57+00:00,2026-05-26T11:28:57+00:00,1,page,0,dse,
page:dse~AgentScratchOpts548,2026-05-26T11:30:20+00:00,2026-05-26T11:30:20+00:00,2,page,0,dse,
page:dse~ResearchLinkHub~2fPage,2026-05-26T11:33:12+00:00,2026-05-26T11:43:18+00:00,5,page,0,dse,
page:dse~AsciiBridgeCtx~2fPage,2026-05-26T11:35:00+00:00,2026-05-26T11:35:00+00:00,1,page,0,dse,
page:dse~TmpProbeArt776,2026-05-26T11:35:14+00:00,2026-05-26T11:35:14+00:00,1,page,0,dse,
host:example.org,2026-05-26T11:35:14+00:00,2026-06-22T08:52:15+00:00,53,host,1,,sink_or_test
page:dse~NewRedirectPage551,2026-05-26T11:36:24+00:00,2026-05-26T11:36:24+00:00,1,page,0,dse,
page:dse~TmpTryPageZ,2026-05-26T11:40:40+00:00,2026-05-26T11:40:40+00:00,1,page,0,dse,
page:dse~TmpAgentLink2026,2026-05-26T11:48:17+00:00,2026-05-26T11:48:17+00:00,2,page,0,dse,
page:fractal~SandBox,2026-05-26T11:55:49+00:00,2026-06-22T08:51:08+00:00,2,page,0,fractal,
page:dse~ResearchGatewayLinksASCII,2026-05-26T12:03:40+00:00,2026-06-19T19:50:38+00:00,5,page,0,dse,
page:fractal~PublicAccountRowsQuarterRefZ,2026-05-26T12:06:24+00:00,2026-05-26T12:06:24+00:00,1,page,0,fractal,
page:dse~ApiResearch~2fLinks2023,2026-05-26T12:10:51+00:00,2026-05-26T12:10:51+00:00,1,page,0,dse,
page:dse~ResearchReferencesOpen,2026-05-26T12:19:57+00:00,2026-05-26T12:19:57+00:00,1,page,0,dse,
page:dse~ProbeOurPageX,2026-05-26T12:23:26+00:00,2026-06-17T20:52:33+00:00,2,page,0,dse,
page:dse~ABridge0~2fMain,2026-05-26T12:31:24+00:00,2026-05-26T12:31:24+00:00,1,page,0,dse,
page:dse~ABridge1~2fMain,2026-05-26T12:31:33+00:00,2026-05-26T12:31:33+00:00,1,page,0,dse,
page:dse~ABridge2~2fMain,2026-05-26T12:31:42+00:00,2026-05-26T12:31:42+00:00,1,page,0,dse,
page:dse~ABridge3~2fMain,2026-05-26T12:31:53+00:00,2026-05-26T12:31:53+00:00,1,page,0,dse,
page:dse~ABridge4~2fMain,2026-05-26T12:32:05+00:00,2026-05-26T12:32:05+00:00,1,page,0,dse,
page:dse~FooBarTestX,2026-05-26T12:32:10+00:00,2026-05-26T12:32:10+00:00,1,page,0,dse,
page:dse~ABridge5~2fMain,2026-05-26T12:32:14+00:00,2026-05-26T12:32:14+00:00,1,page,0,dse,
page:dse~ABridge6~2fMain,2026-05-26T12:32:23+00:00,2026-05-26T12:32:23+00:00,1,page,0,dse,
page:dse~ABridge7~2fMain,2026-05-26T12:32:31+00:00,2026-05-26T12:32:31+00:00,1,page,0,dse,
page:dse~SandboxLinkTestABC,2026-05-26T12:40:04+00:00,2026-05-26T13:51:59+00:00,5,page,0,dse,
page:dse~OpenGL~2fBridge,2026-05-26T12:41:07+00:00,2026-05-26T12:41:07+00:00,1,page,0,dse,
page:dse~OpenGL_Bridge,2026-05-26T12:41:17+00:00,2026-05-26T12:41:17+00:00,1,page,0,dse,
page:dse~SandboxDataAgentTest2,2026-05-26T12:44:05+00:00,2026-05-26T12:44:05+00:00,1,page,0,dse,
page:fractal~EN~2fWiki~2fBiology~2fFederalAccountLinks2023,2026-05-26T12:46:55+00:00,2026-05-26T12:46:55+00:00,3,page,0,fractal,
page:dse~TmpSaveGET112,2026-05-26T12:47:52+00:00,2026-05-26T12:47:52+00:00,1,page,0,dse,
page:dse~FooFolder~2fApiQuarterRefs,2026-05-26T13:01:40+00:00,2026-05-26T13:01:40+00:00,1,page,0,dse,
page:dse~PublicDirectoryResearchLinks,2026-05-26T13:04:41+00:00,2026-05-26T13:46:42+00:00,4,page,0,dse,
page:dse~OpenDirectoryBridge,2026-05-26T13:04:49+00:00,2026-06-17T05:24:52+00:00,7,page,0,dse,
page:dse~Dse~2fPublicDirectoryBridge,2026-05-26T13:04:55+00:00,2026-05-26T13:04:55+00:00,2,page,0,dse,
page:dse~ZZExtRedirect,2026-05-26T13:05:52+00:00,2026-05-26T13:05:52+00:00,1,page,0,dse,
page:dse~ZZRedirectTestC,2026-05-26T13:05:55+00:00,2026-05-26T13:05:55+00:00,1,page,0,dse,
page:dse~TmpResearchCreate999,2026-05-26T13:06:56+00:00,2026-05-26T13:06:56+00:00,1,page,0,dse,
page:dse~TrialDnewInspect,2026-05-26T13:07:57+00:00,2026-05-26T13:07:57+00:00,2,page,0,dse,
page:dse~TempYYY,2026-05-26T13:08:39+00:00,2026-05-26T13:08:39+00:00,2,page,0,dse,
page:dse~TmpOptTry,2026-05-26T13:10:56+00:00,2026-05-26T13:10:56+00:00,1,page,0,dse,
page:dse~NewTempLinkPage,2026-05-26T13:12:18+00:00,2026-05-26T13:12:18+00:00,4,page,0,dse,
host:max.omb.gov,2026-05-26T13:12:18+00:00,2026-05-29T22:28:50+00:00,14,host,1,,upstream_data
page:dse~TmpAlpha123,2026-05-26T13:13:04+00:00,2026-05-26T13:13:04+00:00,2,page,0,dse,
page:dse~OpenBudgetResearcher~2fTestAscii,2026-05-26T13:13:53+00:00,2026-05-26T13:13:53+00:00,2,page,0,dse,
page:dse~SandboxResearchHelperZ,2026-05-26T13:13:54+00:00,2026-05-26T14:11:30+00:00,3,page,0,dse,
page:dse~TmpAnotherPage,2026-05-26T13:14:10+00:00,2026-05-26T13:14:10+00:00,1,page,0,dse,
page:dse~TmpGetCreateABCZ381,2026-05-26T13:19:02+00:00,2026-05-26T13:19:02+00:00,2,page,0,dse,
page:dse~RedirectVar4,2026-05-26T13:20:29+00:00,2026-05-26T13:20:29+00:00,1,page,0,dse,
page:dse~RedirectVar5,2026-05-26T13:21:00+00:00,2026-05-26T13:21:00+00:00,1,page,0,dse,
page:dse~RedirectVar11,2026-05-26T13:23:06+00:00,2026-05-26T13:23:06+00:00,1,page,0,dse,
page:dse~Temp920225,2026-05-26T13:23:13+00:00,2026-05-26T13:23:13+00:00,1,page,0,dse,
page:dse~TestSeite~2f845625,2026-05-26T13:23:36+00:00,2026-05-26T13:23:36+00:00,1,page,0,dse,
page:dse~TmpAxTrialZeta,2026-05-26T13:23:41+00:00,2026-05-26T13:23:41+00:00,1,page,0,dse,
page:dse~~5bUser4~5d~2fOpenGL~2fTestBridgeCite,2026-05-26T13:25:05+00:00,2026-05-26T13:25:05+00:00,1,page,0,dse,
page:dse~Node38001377,2026-05-26T13:25:33+00:00,2026-05-26T13:25:33+00:00,5,page,0,dse,
host:pure.md,2026-05-26T13:25:33+00:00,2026-06-22T02:43:26+00:00,342,host,1,,markdown_proxy
page:dse~TmpCtxHome~2fLinks,2026-05-26T13:32:23+00:00,2026-05-26T13:32:23+00:00,1,page,0,dse,
page:dse~FooLangSub,2026-05-26T13:33:39+00:00,2026-05-26T13:33:39+00:00,1,page,0,dse,
page:dse~TestRDEF,2026-05-26T13:43:48+00:00,2026-05-26T13:43:48+00:00,1,page,0,dse,
page:dse~CrawlerNavigationLinkTests,2026-05-26T13:44:45+00:00,2026-05-26T13:44:45+00:00,1,page,0,dse,
page:dse~OurEnglishHub~2fLinks,2026-05-26T13:46:08+00:00,2026-05-26T13:46:08+00:00,1,page,0,dse,
page:dse~NewBridgeZZ10,2026-05-26T13:46:09+00:00,2026-05-26T13:46:09+00:00,1,page,0,dse,
page:dse~TmpAsciiBridgeQ,2026-05-26T13:46:09+00:00,2026-05-26T13:46:09+00:00,1,page,0,dse,
page:dse~AgentNewBridgeABC,2026-05-26T13:46:20+00:00,2026-05-26T13:46:20+00:00,1,page,0,dse,
page:dse~CrawlerNavigationBridge2,2026-05-26T13:47:10+00:00,2026-06-18T18:31:32+00:00,5,page,0,dse,
page:dse~ApiLinkNavigation2026,2026-05-26T13:47:22+00:00,2026-05-26T13:47:22+00:00,2,page,0,dse,
page:dse~TmpQBalanceRefs,2026-05-26T13:49:19+00:00,2026-05-26T13:49:19+00:00,4,page,0,dse,
page:dse~LinkGatewayForPublicData,2026-05-26T13:49:21+00:00,2026-05-26T13:49:21+00:00,4,page,0,dse,
page:dse~RedirTryS4,2026-05-26T13:51:52+00:00,2026-05-26T13:51:52+00:00,1,page,0,dse,
page:dse~QuarterlyBalancePublicSources,2026-05-26T13:51:55+00:00,2026-06-18T20:02:14+00:00,101,page,0,dse,
page:dse~ZZTrialRedirect,2026-05-26T13:52:17+00:00,2026-05-26T13:52:17+00:00,1,page,0,dse,
page:dse~ZZExternalRedirect,2026-05-26T13:54:08+00:00,2026-05-26T13:54:08+00:00,1,page,0,dse,
page:dse~EnglishRefs~2fTest,2026-05-26T13:59:16+00:00,2026-05-26T13:59:16+00:00,1,page,0,dse,
page:dse~NewTestPivotABC,2026-05-26T14:03:26+00:00,2026-05-26T16:56:05+00:00,3,page,0,dse,
page:dse~PublicApiResearchLinks2,2026-05-26T14:04:55+00:00,2026-05-26T14:25:17+00:00,5,page,0,dse,
page:dse~BridgeAsciiJump,2026-05-26T14:07:04+00:00,2026-05-26T14:07:04+00:00,3,page,0,dse,
page:dse~TmpGetTry,2026-05-26T14:10:48+00:00,2026-05-26T14:10:48+00:00,1,page,0,dse,
page:probier~FederalReportBridge,2026-05-26T14:14:57+00:00,2026-05-29T22:57:15+00:00,12,page,0,probier,
page:dse~LangTestZZZ3,2026-05-26T14:19:03+00:00,2026-05-26T14:19:03+00:00,1,page,0,dse,
page:dse~FiscalDataReferenceSandbox075,2026-05-26T14:19:45+00:00,2026-05-26T14:19:45+00:00,3,page,0,dse,
host:files.usaspending.gov,2026-05-26T14:19:45+00:00,2026-05-26T14:19:45+00:00,1,host,1,,upstream_data
page:dse~ZZExtRedirectABC,2026-05-26T14:20:53+00:00,2026-05-26T14:20:53+00:00,1,page,0,dse,
page:dse~TmpFederalBridge~2fLinks,2026-05-26T14:22:38+00:00,2026-05-26T14:22:38+00:00,1,page,0,dse,
page:dse~ResearchDataRefs~2fQuarterReferences,2026-05-26T14:23:22+00:00,2026-05-26T14:23:22+00:00,1,page,0,dse,
page:dse~AsciiPortalLinkNew70697,2026-05-26T14:23:56+00:00,2026-05-26T14:23:56+00:00,2,page,0,dse,
page:dse~PublicDataBridge,2026-05-26T14:24:01+00:00,2026-05-26T15:52:22+00:00,11,page,0,dse,
page:dse~AliasLangC,2026-05-26T14:24:53+00:00,2026-05-26T14:24:53+00:00,1,page,0,dse,
page:dse~BridgeRedirectXYZ,2026-05-26T14:27:53+00:00,2026-05-26T14:27:53+00:00,1,page,0,dse,
page:dse~TestSeite,2026-05-26T14:31:27+00:00,2026-06-22T08:42:22+00:00,464,page,0,dse,
host:bund-der-tierfreunde.de=,2026-05-26T14:31:27+00:00,2026-06-04T16:21:11+00:00,6,host,1,,other
page:dse~NonexistFooABC298,2026-05-26T14:32:20+00:00,2026-05-26T14:32:20+00:00,2,page,0,dse,
page:dse~TmpRedirectExternal,2026-05-26T14:32:21+00:00,2026-05-26T14:32:21+00:00,1,page,0,dse,
page:dse~TmpRedirectBracket,2026-05-26T14:32:30+00:00,2026-05-26T14:32:30+00:00,1,page,0,dse,
page:dse~AgentGatewayPathASCII,2026-05-26T14:33:53+00:00,2026-05-26T14:33:53+00:00,3,page,0,dse,
page:dse~LinkSourcesPlainAscii,2026-05-26T14:38:28+00:00,2026-05-26T16:45:55+00:00,3,page,0,dse,
page:dse~SandboxLinkTestABC~2fBridge,2026-05-26T14:39:04+00:00,2026-05-26T14:39:04+00:00,1,page,0,dse,
page:dse~UniqueAgentPage779,2026-05-26T14:39:40+00:00,2026-05-26T14:39:40+00:00,2,page,0,dse,
page:dse~SandboxLinkTestABC~2fBridgeExternal,2026-05-26T14:40:03+00:00,2026-05-26T14:40:03+00:00,1,page,0,dse,
page:dse~AgentInjectionCiteTest,2026-05-26T14:41:16+00:00,2026-06-16T18:55:55+00:00,3,page,0,dse,
page:dse~NavLinkAsciiTest,2026-05-26T14:44:59+00:00,2026-05-26T15:21:08+00:00,2,page,0,dse,
page:dse~FooTempTest~2fSubRedirect,2026-05-26T14:46:09+00:00,2026-05-26T14:46:09+00:00,1,page,0,dse,
page:dse~NewHelperBridge,2026-05-26T14:49:55+00:00,2026-05-26T16:48:31+00:00,5,page,0,dse,
page:dse~TmpAsciiBridge,2026-05-26T14:52:49+00:00,2026-05-26T14:52:49+00:00,1,page,0,dse,
page:fractal~QuarterRefDataChatTest,2026-05-26T14:54:46+00:00,2026-05-26T14:54:46+00:00,1,page,0,fractal,
page:dse~TransitoryAsciiHub~2fMainPage,2026-05-26T14:57:47+00:00,2026-05-26T14:57:47+00:00,3,page,0,dse,
page:dse~ZZZLinkPage,2026-05-26T14:59:34+00:00,2026-06-16T19:12:42+00:00,3,page,0,dse,
page:dse~TempGetTryZZ2,2026-05-26T15:01:15+00:00,2026-05-26T15:01:15+00:00,1,page,0,dse,
page:dse~StartSeite,2026-05-26T15:02:19+00:00,2026-06-22T08:46:26+00:00,1210,page,0,dse,
page:dse~SandboxAgentXYZ,2026-05-26T15:04:06+00:00,2026-05-26T16:13:00+00:00,6,page,0,dse,
page:dse~TmpTryNewPage77,2026-05-26T15:08:03+00:00,2026-05-26T15:08:03+00:00,2,page,0,dse,
page:dse~HelperTestForUrls2,2026-05-26T15:15:22+00:00,2026-05-26T15:15:22+00:00,2,page,0,dse,
page:fractal~QuarterRefFormattedLinksB2,2026-05-26T15:15:34+00:00,2026-05-26T15:54:54+00:00,10,page,0,fractal,
page:dse~SandboxAgentUniqueP,2026-05-26T15:17:49+00:00,2026-05-26T15:17:49+00:00,1,page,0,dse,
page:dse~ResearchLinks,2026-05-26T15:20:35+00:00,2026-05-26T15:20:35+00:00,1,page,0,dse,
page:dse~TempAgentSelf963,2026-05-26T15:21:08+00:00,2026-05-26T15:21:08+00:00,1,page,0,dse,
page:dse~Research~2fLinks,2026-05-26T15:24:38+00:00,2026-05-26T15:24:38+00:00,1,page,0,dse,
page:dse~NoExistsABC,2026-05-26T15:25:24+00:00,2026-05-26T15:25:24+00:00,1,page,0,dse,
page:dse~XRedVar2,2026-05-26T15:25:59+00:00,2026-05-26T15:25:59+00:00,1,page,0,dse,
page:dse~DynamicClosuresHelper~2fAgent,2026-05-26T15:28:28+00:00,2026-05-26T15:28:28+00:00,1,page,0,dse,
page:dse~RedirVariantABCDEFG2,2026-05-26T15:33:37+00:00,2026-05-26T15:33:37+00:00,1,page,0,dse,
page:dse~RedirVariantABCDEFG4,2026-05-26T15:33:44+00:00,2026-05-26T15:33:44+00:00,1,page,0,dse,
page:probier~RecentChanges,2026-05-26T15:36:12+00:00,2026-06-18T20:05:43+00:00,237,page,0,probier,
page:dse~FederalBudgetReferenceLinks,2026-05-26T15:40:50+00:00,2026-06-18T20:24:45+00:00,10,page,0,dse,
page:dse~AsciiBridgeTarget075,2026-05-26T15:44:43+00:00,2026-06-22T00:00:29+00:00,34,page,0,dse,
page:dse~TestAsciiConfigABC,2026-05-26T15:46:40+00:00,2026-06-18T20:16:27+00:00,4,page,0,dse,
page:dse~YRedit2,2026-05-26T15:53:35+00:00,2026-05-26T15:53:35+00:00,1,page,0,dse,
page:dse~YRedit3,2026-05-26T15:53:37+00:00,2026-05-26T15:53:37+00:00,1,page,0,dse,
page:dse~YRedit4,2026-05-26T15:53:40+00:00,2026-05-26T15:53:40+00:00,1,page,0,dse,
page:dse~FooWindow15X,2026-05-26T15:56:54+00:00,2026-06-18T20:14:18+00:00,6,page,0,dse,
page:dse~RecentChanges,2026-05-26T16:01:43+00:00,2026-06-22T08:20:14+00:00,124,page,0,dse,
page:dse~RedirURLTest,2026-05-26T16:02:03+00:00,2026-05-26T16:02:03+00:00,1,page,0,dse,
page:dse~ZMyTempAgent726,2026-05-26T16:02:50+00:00,2026-06-19T03:25:02+00:00,3,page,0,dse,
page:dse~ResearchEnglishRootZ,2026-05-26T16:02:58+00:00,2026-06-18T21:10:44+00:00,38,page,0,dse,
page:fractal~EN~2fTmpPortalLinkTestZZ2,2026-05-26T16:03:32+00:00,2026-05-26T16:03:32+00:00,1,page,0,fractal,
page:dse~TempExtRedirectZZ,2026-05-26T16:07:38+00:00,2026-05-26T16:07:38+00:00,1,page,0,dse,
page:dse~TempAgentProbeXYZ,2026-05-26T16:10:01+00:00,2026-05-26T16:10:01+00:00,1,page,0,dse,
page:dse~TmpTryEnglishPage,2026-05-26T16:11:54+00:00,2026-06-18T21:15:03+00:00,14,page,0,dse,
page:dse~PublicBudgetReferences,2026-05-26T16:13:06+00:00,2026-05-26T16:13:06+00:00,4,page,0,dse,
page:dse~PageForAsciiContent,2026-05-26T16:13:10+00:00,2026-05-26T16:13:10+00:00,4,page,0,dse,
page:dse~NodeNewUniqueAA77,2026-05-26T16:13:41+00:00,2026-06-18T18:44:41+00:00,3,page,0,dse,
host:tinyurl.com,2026-05-26T16:16:00+00:00,2026-06-22T08:36:48+00:00,110,host,1,,url_shortener
page:dse~SandboxLinkTest2,2026-05-26T16:16:00+00:00,2026-05-26T16:16:00+00:00,1,page,0,dse,
page:dse~RedirectTryPageX2,2026-05-26T16:16:06+00:00,2026-05-26T16:16:06+00:00,1,page,0,dse,
page:dse~AlternateReferenceFormatsPDF,2026-05-26T16:16:42+00:00,2026-05-26T16:16:42+00:00,1,page,0,dse,
page:dse~FooAsciitest,2026-05-26T16:18:27+00:00,2026-05-26T16:18:27+00:00,1,page,0,dse,
page:dse~PivResearchLinksMay,2026-05-26T16:18:30+00:00,2026-05-26T16:48:44+00:00,7,page,0,dse,
page:dse~EngBridgeWptfkPfp,2026-05-26T16:19:39+00:00,2026-05-26T16:19:39+00:00,1,page,0,dse,
page:dse~ConverterNoSchemeLinks,2026-05-26T16:19:42+00:00,2026-05-26T16:19:42+00:00,1,page,0,dse,
page:dse~SandboxLinkProbeZZ,2026-05-26T16:20:31+00:00,2026-05-26T16:20:31+00:00,1,page,0,dse,
page:dse~TmpAgentTryLINKNEW,2026-05-26T16:21:06+00:00,2026-05-26T16:21:06+00:00,1,page,0,dse,
page:dse~ReportLinksForJunSep,2026-05-26T16:24:05+00:00,2026-05-26T16:52:39+00:00,6,page,0,dse,
page:dse~FreshBridgeWindowNext,2026-05-26T16:25:16+00:00,2026-05-26T16:25:16+00:00,3,page,0,dse,
page:dse~BridgeForQuarterEndpointABC,2026-05-26T16:25:29+00:00,2026-06-18T20:28:49+00:00,8,page,0,dse,
page:dse~QuarterlyEvidenceLinksMine,2026-05-26T16:25:54+00:00,2026-05-26T16:25:54+00:00,3,page,0,dse,
host:proxy.corsfix.com,2026-05-26T16:25:54+00:00,2026-06-18T19:48:15+00:00,17,host,1,,cors_proxy
page:dse~FreshBridgePDFSimple,2026-05-26T16:28:29+00:00,2026-05-26T16:28:29+00:00,3,page,0,dse,
page:dse~ZZRedirectExternalTest,2026-05-26T16:28:53+00:00,2026-05-26T16:28:53+00:00,1,page,0,dse,
page:dse~OpenDataCitationRouteABC9,2026-05-26T16:29:20+00:00,2026-05-26T16:29:20+00:00,4,page,0,dse,
page:dse~BridgeTryExternalAPIZZZ,2026-05-26T16:31:26+00:00,2026-05-26T16:31:26+00:00,1,page,0,dse,
page:dse~BalanceSourcesHelpTemp,2026-05-26T16:31:58+00:00,2026-05-26T16:31:58+00:00,3,page,0,dse,
page:dse~AgentOurLinkTryZZ,2026-05-26T16:32:07+00:00,2026-06-18T17:46:45+00:00,24,page,0,dse,
page:fractal~TmpAcctDownloadRefsQ2A,2026-05-26T16:32:31+00:00,2026-05-26T16:35:22+00:00,2,page,0,fractal,
page:dse~NewSandboxBBB,2026-05-26T16:35:55+00:00,2026-06-18T18:44:10+00:00,5,page,0,dse,
page:fractal~Wikis~2fEnglish~2fNewRangeCacheAlpha773,2026-05-26T16:36:44+00:00,2026-05-26T16:36:44+00:00,1,page,0,fractal,
page:dse~BudgetOfficialSourcePointers2023Q,2026-05-26T16:38:11+00:00,2026-05-26T16:38:11+00:00,3,page,0,dse,
page:dse~QuarterApiRouteDirectLinkXY901,2026-05-26T16:38:28+00:00,2026-06-18T20:35:53+00:00,4,page,0,dse,
page:dse~PdfAccessBridge,2026-05-26T16:39:53+00:00,2026-06-18T18:43:05+00:00,5,page,0,dse,
page:dse~TestAgentResearchLinks,2026-05-26T16:43:26+00:00,2026-06-17T01:57:12+00:00,3,page,0,dse,
host:urlquery.net,2026-05-26T16:43:26+00:00,2026-06-17T01:57:12+00:00,2,host,1,,json_query
page:dse~QuarterlyAccessibleReports2023,2026-05-26T16:43:30+00:00,2026-06-18T14:33:35+00:00,7,page,0,dse,
page:dse~FederalLinksForSFReportsZZ,2026-05-26T16:44:55+00:00,2026-06-18T18:43:50+00:00,11,page,0,dse,
page:dse~AsciiTestContent,2026-05-26T16:45:51+00:00,2026-05-26T16:45:51+00:00,1,page,0,dse,
page:dse~AgentTestTempZZ991,2026-05-26T16:46:25+00:00,2026-06-18T14:32:15+00:00,4,page,0,dse,
page:dse~ResearchEnglishRootZ~2fNewLinksPageK,2026-05-26T16:50:18+00:00,2026-05-26T16:50:18+00:00,2,page,0,dse,
page:dse~TestAgentCreateQ,2026-05-26T16:51:18+00:00,2026-06-17T01:58:26+00:00,2,page,0,dse,
page:dse~QuarterlyBalanceDataSourcesTest,2026-05-26T16:53:57+00:00,2026-05-26T16:54:45+00:00,3,page,0,dse,
page:dse~QuarterAccountDirect2023ABC,2026-05-26T16:55:21+00:00,2026-05-27T04:03:21+00:00,5,page,0,dse,
host:docs.google.com,2026-05-26T17:01:33+00:00,2026-06-22T02:50:57+00:00,82,host,1,,upstream_data
page:dse~NewLinkBridge006,2026-05-26T23:12:42+00:00,2026-05-26T23:12:42+00:00,1,page,0,dse,
page:dse~BridgeUniqueABC9876ForQ,2026-05-27T00:40:33+00:00,2026-06-22T00:23:17+00:00,3,page,0,dse,
page:dse~ResearchQBridge382405,2026-05-27T00:49:52+00:00,2026-06-22T02:59:04+00:00,16,page,0,dse,
page:dse~AgentTempAnchorsAB,2026-05-27T01:41:50+00:00,2026-05-27T02:42:22+00:00,2,page,0,dse,
page:dse~TestSeite~2fFooMineTmp7,2026-05-27T02:24:48+00:00,2026-05-27T02:24:48+00:00,1,page,0,dse,
page:dse~DataReferencesUSGovFY23BotA,2026-05-27T02:31:59+00:00,2026-05-27T07:19:23+00:00,9,page,0,dse,
host:example.net,2026-05-27T02:42:22+00:00,2026-06-18T21:00:09+00:00,9,host,1,,sink_or_test
page:dse~AnotherQXlLink2026,2026-05-27T03:59:28+00:00,2026-05-27T03:59:28+00:00,2,page,0,dse,
page:dse~SheetQuarterBridge8655,2026-05-27T07:05:13+00:00,2026-05-27T07:05:13+00:00,1,page,0,dse,
page:dse~SheetQuarterBridge8656,2026-05-27T07:07:07+00:00,2026-05-27T07:07:07+00:00,1,page,0,dse,
page:dse~SheetBridgeNew1779865930,2026-05-27T07:12:12+00:00,2026-05-27T07:12:12+00:00,1,page,0,dse,
page:dse~TestTilePage,2026-05-27T08:38:18+00:00,2026-06-18T17:47:43+00:00,8,page,0,dse,
page:dse~TestSeite~2fAnalystQ3Direct20260527,2026-05-27T12:18:35+00:00,2026-05-27T12:18:35+00:00,1,page,0,dse,
page:dse~CrawlerPathLinksXYZ,2026-05-27T12:22:51+00:00,2026-05-27T12:22:51+00:00,1,page,0,dse,
page:dse~TestSeite~2fSubTestNav20260526,2026-05-27T12:24:18+00:00,2026-05-27T12:24:18+00:00,1,page,0,dse,
page:dse~UniqueFederalLinksMay2026ABC,2026-05-27T12:36:16+00:00,2026-06-18T17:44:55+00:00,5,page,0,dse,
page:dse~TryLinkTTT,2026-05-27T12:44:03+00:00,2026-06-22T08:50:17+00:00,23,page,0,dse,
page:dse~AgentBase64Test,2026-05-27T12:45:02+00:00,2026-06-18T20:25:08+00:00,13,page,0,dse,
host:httpbin.org,2026-05-27T12:45:02+00:00,2026-06-18T20:41:51+00:00,33,host,1,,sink_or_test
page:dse~SandboxAgentNEW,2026-05-27T12:46:01+00:00,2026-05-27T12:46:01+00:00,1,page,0,dse,
page:dse~PdfBridgeRouteMayZ,2026-05-27T12:49:51+00:00,2026-06-18T17:23:36+00:00,8,page,0,dse,
page:dse~AgentNewTry2,2026-05-27T13:00:37+00:00,2026-05-27T13:00:37+00:00,1,page,0,dse,
page:dse~AgentNewTry3,2026-05-27T13:01:00+00:00,2026-05-27T13:01:00+00:00,1,page,0,dse,
page:dse~AgentDataUsaSourceLinkQ1,2026-05-28T00:42:44+00:00,2026-05-31T22:45:05+00:00,4,page,0,dse,
page:dse~AgentDataUsaSourceLinkQ2,2026-05-28T00:42:51+00:00,2026-05-28T00:42:51+00:00,1,page,0,dse,
page:dse~AgentDataUsaSourceLinkR1,2026-05-28T00:44:12+00:00,2026-05-28T00:44:12+00:00,1,page,0,dse,
page:dse~AgentDataUsaSourceLinkR2,2026-05-28T00:44:17+00:00,2026-05-28T00:44:17+00:00,1,page,0,dse,
page:dse~AgentDataUsaJsonLinkS2,2026-05-28T00:50:13+00:00,2026-05-28T00:50:13+00:00,1,page,0,dse,
page:dse~AgentDataUsaJsonLinkS3,2026-05-28T00:50:32+00:00,2026-05-28T00:50:32+00:00,1,page,0,dse,
page:dse~AgentDataUsaJsonLinkS4,2026-05-28T00:50:53+00:00,2026-05-28T00:50:53+00:00,1,page,0,dse,
page:dse~AgentDataUsaJsonLinkT1,2026-05-28T00:51:59+00:00,2026-05-28T00:51:59+00:00,1,page,0,dse,
page:dse~AgentShortJsonDataLinkV1,2026-05-28T01:07:45+00:00,2026-05-28T01:07:45+00:00,1,page,0,dse,
page:dse~AgentShortJsonDataLinkV2,2026-05-28T01:08:11+00:00,2026-05-28T01:08:11+00:00,1,page,0,dse,
page:dse~AgentShortJsonDataLinkV3,2026-05-28T01:08:36+00:00,2026-05-28T01:08:36+00:00,1,page,0,dse,
page:dse~AgentShortJsonDataLinkV4,2026-05-28T01:09:00+00:00,2026-06-22T08:50:27+00:00,3,page,0,dse,
page:dse~AgentDirectSimpleTryXZ,2026-05-28T01:12:54+00:00,2026-06-22T03:02:59+00:00,2,page,0,dse,
host:api.datausa.io,2026-05-28T01:12:54+00:00,2026-07-02T17:24:40+00:00,2403,host,1,,upstream_data
page:dse~AgentDirectLongGoodY,2026-05-28T01:13:48+00:00,2026-05-28T01:13:48+00:00,1,page,0,dse,
page:dse~AgentOfficialDirectQueryAA2,2026-05-28T01:16:04+00:00,2026-06-17T12:23:44+00:00,2,page,0,dse,
page:dse~AgentOfficialDirectQueryAA3,2026-05-28T01:16:54+00:00,2026-05-28T01:16:54+00:00,1,page,0,dse,
page:dse~AgentOfficialDirectQueryBB4,2026-05-28T01:19:38+00:00,2026-05-28T01:19:38+00:00,1,page,0,dse,
page:dse~AgentCharlestonLinksXY2,2026-05-28T07:41:18+00:00,2026-05-28T07:51:18+00:00,3,page,0,dse,
page:dse~AgentCharlestonLinksJSON3,2026-05-28T07:45:48+00:00,2026-05-28T07:45:48+00:00,1,page,0,dse,
host:corsmirror.com,2026-05-28T07:51:18+00:00,2026-06-18T21:08:18+00:00,93,host,1,,cors_proxy
page:dse~AgentDigitalArchiveManifestSCLinkFinal4A,2026-05-28T07:54:59+00:00,2026-05-28T13:58:57+00:00,12,page,0,dse,
page:dse~AgentCharlestonArchivePartFourMetadataListA,2026-05-28T08:13:10+00:00,2026-05-28T08:13:10+00:00,1,page,0,dse,
page:dse~AgentCharlestonArchivePartFourMetadataCleanViewB,2026-05-28T09:28:20+00:00,2026-05-28T09:32:04+00:00,2,page,0,dse,
page:dse~AgentCharlestonArchiveMetadataDomainPathC,2026-05-28T09:35:42+00:00,2026-05-28T09:35:42+00:00,1,page,0,dse,
page:dse~AgentSourceMetadataArchivePlainAccessD,2026-05-28T11:19:41+00:00,2026-05-28T12:42:09+00:00,3,page,0,dse,
page:dse~SandboxAgentCharlTest12914,2026-05-28T12:22:10+00:00,2026-05-28T13:25:08+00:00,3,page,0,dse,
page:dse~AgentArchiveAltLinksTestOneB,2026-05-28T12:26:09+00:00,2026-05-28T12:26:09+00:00,4,page,0,dse,
host:test.cors.workers.dev,2026-05-28T12:26:09+00:00,2026-06-18T20:37:27+00:00,20,host,1,,cors_proxy
host:wayback.archive-it.org,2026-05-28T12:26:09+00:00,2026-05-28T12:26:09+00:00,1,host,1,,archive
host:web.archive.org,2026-05-28T12:26:09+00:00,2026-06-22T08:43:35+00:00,27,host,1,,archive
page:dse~AgentCharlestonDirectManifestLinksE,2026-05-28T12:28:32+00:00,2026-05-28T15:28:48+00:00,10,page,0,dse,
host:rspace.library.cofc.edu,2026-05-28T12:28:32+00:00,2026-06-18T21:08:18+00:00,70,host,1,,upstream_data
page:dse~AgentReferencesRspaceCharlPartFourDirectK366,2026-05-28T12:46:27+00:00,2026-05-28T14:47:48+00:00,7,page,0,dse,
page:dse~SandboxZtesttmpAgent,2026-05-28T13:02:41+00:00,2026-05-28T13:41:21+00:00,2,page,0,dse,
page:dse~CharlestonPartFourRefsX,2026-05-28T13:03:06+00:00,2026-05-28T13:03:06+00:00,2,page,0,dse,
host:allorigins.hexlet.app,2026-05-28T13:03:06+00:00,2026-07-01T10:29:45+00:00,1036,host,1,,cors_proxy
host:jqp.vercel.app,2026-05-28T13:03:06+00:00,2026-06-22T08:43:35+00:00,3231,host,1,,json_query
page:dse~AgentMarkdownRspaceManifestReadableFCharleston,2026-05-28T13:07:19+00:00,2026-05-28T13:07:19+00:00,2,page,0,dse,
host:iiif.library.cofc.edu,2026-05-28T13:07:19+00:00,2026-06-18T21:08:18+00:00,37,host,1,,upstream_data
page:dse~AgentPlainMarkdownDomainRspaceManifestG2026,2026-05-28T13:11:21+00:00,2026-05-28T13:11:21+00:00,2,page,0,dse,
page:dse~AgentJsonMarkdownDomainManifestHCharleston2026,2026-05-28T13:18:50+00:00,2026-05-28T13:18:50+00:00,2,page,0,dse,
page:dse~AgentMineTestZ4829,2026-05-28T13:27:13+00:00,2026-05-28T13:27:13+00:00,1,page,0,dse,
page:dse~AgentKProxyMuseumIIIFLinksPT4Z,2026-05-28T13:29:00+00:00,2026-05-28T13:29:00+00:00,2,page,0,dse,
host:proxymule.com,2026-05-28T13:29:00+00:00,2026-06-22T08:39:32+00:00,107,host,1,,cors_proxy
page:dse~TmpAgentWin8QMakeLinks936,2026-05-28T13:30:35+00:00,2026-05-28T13:30:35+00:00,1,page,0,dse,
page:dse~AgentCharlestonArchiveManifestJsonProxyLinksG,2026-05-28T13:31:43+00:00,2026-05-28T13:31:43+00:00,1,page,0,dse,
page:dse~AgentArchiveSliceLabelsPart4X0,2026-05-28T13:31:48+00:00,2026-05-28T13:45:43+00:00,4,page,0,dse,
page:dse~AgentCharlestonArchiveReadableTextF,2026-05-28T13:35:40+00:00,2026-05-28T13:36:33+00:00,4,page,0,dse,
host:lcdl.library.cofc.edu,2026-05-28T13:35:40+00:00,2026-06-01T14:22:06+00:00,18,host,1,,upstream_data
page:dse~AgentZeroEightLibraryManifestFilteredPart4Charleston,2026-05-28T13:37:32+00:00,2026-05-28T13:37:32+00:00,1,page,0,dse,
page:dse~AgentZeroEightManifestSubsetCorrectPercentTwentyB,2026-05-28T13:38:55+00:00,2026-05-28T13:38:55+00:00,1,page,0,dse,
page:dse~AgentKArchiveDublinCoreSourceLinksPart4Q,2026-05-28T13:40:02+00:00,2026-05-28T13:40:02+00:00,1,page,0,dse,
page:dse~AgentAnotherReadableZ817,2026-05-28T13:41:37+00:00,2026-05-28T13:41:37+00:00,3,page,0,dse,
page:dse~AgentKPublicArchiveMetadataHtmlItemsPartFourR,2026-05-28T13:43:55+00:00,2026-05-28T13:43:55+00:00,1,page,0,dse,
page:dse~SandboxAgentCharlRSpaceSlashAnchorX2026,2026-05-28T13:48:24+00:00,2026-05-28T13:48:24+00:00,1,page,0,dse,
page:dse~AgentCharlestonCatalogLinkMirrorNew2026G,2026-05-28T13:48:47+00:00,2026-05-28T13:49:33+00:00,2,page,0,dse,
page:dse~SandboxAgentAg0TestGet,2026-05-28T13:49:37+00:00,2026-05-28T14:27:33+00:00,2,page,0,dse,
page:dse~AgentAg0LCDLMetadataJSONLinksFinalQ,2026-05-28T13:52:38+00:00,2026-05-28T13:52:38+00:00,2,page,0,dse,
host:cors-get-proxy.sirjosh.workers.dev,2026-05-28T13:52:38+00:00,2026-06-17T01:13:03+00:00,16,host,1,,cors_proxy
page:dse~AgentCorsmirrorRspaceChildRefsPartFourQ2026,2026-05-28T13:53:09+00:00,2026-05-28T13:53:09+00:00,1,page,0,dse,
page:dse~AgentArchiveFilteredReadablePartFourSliceY9,2026-05-28T13:55:28+00:00,2026-05-28T13:55:28+00:00,1,page,0,dse,
page:dse~TempArchivePageAgTest992,2026-05-28T13:59:55+00:00,2026-05-28T13:59:55+00:00,1,page,0,dse,
page:dse~TmpAgentWin9ArchiveJsonFilter527K,2026-05-28T14:00:08+00:00,2026-05-28T14:00:08+00:00,3,page,0,dse,
page:dse~AgentCharlestonCatalogXMLProxyLinksHFTwo2026J,2026-05-28T14:00:18+00:00,2026-05-28T14:00:18+00:00,1,page,0,dse,
page:dse~SandboxAgentCharlRspaceManifestCachedVariantsY2026,2026-05-28T14:02:04+00:00,2026-05-28T14:02:04+00:00,1,page,0,dse,
page:dse~TmpAgentWin9FilteredSequenceNoSpaceB731,2026-05-28T14:06:16+00:00,2026-05-28T14:06:16+00:00,2,page,0,dse,
page:dse~AgentZeroNineDirectInstitutionIiifLinks,2026-05-28T14:12:10+00:00,2026-05-28T14:12:10+00:00,3,page,0,dse,
page:dse~Agent0DirectRspacePublicPagesHTMLLinksZ9165A,2026-05-28T14:12:26+00:00,2026-05-28T14:12:26+00:00,1,page,0,dse,
page:dse~AgentImageCaptionsAlternateRouteY818,2026-05-28T14:12:43+00:00,2026-05-28T14:12:43+00:00,1,page,0,dse,
page:dse~AgentZeroJSONCatalogLinksCharlPartFour756113,2026-05-28T14:17:56+00:00,2026-05-28T14:17:56+00:00,1,page,0,dse,
page:dse~AgentXMLCatalogPartFourTextLinksZZ,2026-05-28T14:18:29+00:00,2026-05-28T14:18:29+00:00,1,page,0,dse,
page:dse~AgentPublicCatalogItPhotoRecordsLinksFinalZ2026,2026-05-28T14:18:30+00:00,2026-05-28T14:18:30+00:00,3,page,0,dse,
host:hub.catalogit.app,2026-05-28T14:18:30+00:00,2026-06-01T14:22:06+00:00,22,host,1,,upstream_data
page:dse~AgentCharlestonPartFourSources92843,2026-05-28T14:20:39+00:00,2026-05-28T14:20:39+00:00,2,page,0,dse,
page:dse~AgentChildDescriptionFilterLabelsQ928A,2026-05-28T14:23:55+00:00,2026-05-28T15:34:41+00:00,2,page,0,dse,
page:dse~AgentZeroJSONCatalogPartFourProper21096,2026-05-28T14:24:03+00:00,2026-05-28T14:24:03+00:00,2,page,0,dse,
page:dse~AgentCaptionReaderLinksHtmlZZ,2026-05-28T14:25:12+00:00,2026-05-28T14:25:12+00:00,2,page,0,dse,
page:dse~AgentTempCharlestonLinksZ,2026-05-28T14:26:26+00:00,2026-05-28T14:26:26+00:00,3,page,0,dse,
page:dse~AgentResearchCharlestonImagesC,2026-05-28T14:30:40+00:00,2026-05-28T14:30:40+00:00,1,page,0,dse,
page:dse~Agent0CharlestonLinksB,2026-05-28T14:34:25+00:00,2026-05-28T14:34:25+00:00,2,page,0,dse,
page:dse~AgentZeroTestPureLinkSyntaxMay2026,2026-05-28T14:35:51+00:00,2026-05-28T14:35:51+00:00,1,page,0,dse,
page:dse~AgentTrySlugSetZX6,2026-05-28T14:37:00+00:00,2026-05-28T14:37:00+00:00,1,page,0,dse,
page:dse~AgentZeroImageCaptionReaderExactPlatesCharl4,2026-05-28T14:44:17+00:00,2026-05-28T14:44:17+00:00,1,page,0,dse,
page:dse~Agent0SaveDummy7721,2026-05-28T14:49:14+00:00,2026-05-28T14:49:14+00:00,1,page,0,dse,
page:dse~AgentRspaceDirectTrialForMetadataZ11,2026-05-28T14:49:18+00:00,2026-05-28T14:49:18+00:00,2,page,0,dse,
page:dse~SandboxAgent0TrySetPref,2026-05-28T14:49:28+00:00,2026-06-22T03:20:50+00:00,15,page,0,dse,
page:dse~AgentZeroEightDiagnosticsC,2026-05-28T14:49:50+00:00,2026-05-28T14:49:50+00:00,2,page,0,dse,
page:dse~AgentZeroEightDiagnosticsGETA,2026-05-28T14:50:55+00:00,2026-05-28T14:50:55+00:00,1,page,0,dse,
page:dse~TmpAgentWin10DirectRspaceManifestLinks0007,2026-05-28T14:52:16+00:00,2026-05-28T14:52:16+00:00,2,page,0,dse,
page:dse~NewUniqueAZ9Hubrefs,2026-05-28T14:52:22+00:00,2026-05-28T14:52:22+00:00,1,page,0,dse,
page:dse~AgentKIIIFPresentationTryJsonK4N728,2026-05-28T14:56:27+00:00,2026-05-28T14:56:27+00:00,2,page,0,dse,
page:dse~AgentTempDirectLink141zz,2026-05-28T14:57:24+00:00,2026-05-28T14:57:24+00:00,1,page,0,dse,
page:dse~AgentCorsArchiveMetadataLinksF,2026-05-28T14:57:54+00:00,2026-05-28T14:57:54+00:00,3,page,0,dse,
host:cors.bwa.workers.dev,2026-05-28T14:57:54+00:00,2026-06-21T21:33:38+00:00,261,host,1,,cors_proxy
page:dse~AgentHubCatalogCandidateEntriesSetK49,2026-05-28T14:58:48+00:00,2026-05-28T14:58:48+00:00,1,page,0,dse,
page:dse~TmpAgentZeroCaptionLinkTest928A,2026-05-28T14:59:05+00:00,2026-05-28T14:59:05+00:00,1,page,0,dse,
page:dse~AgentCofcRspaceManifestFormatTrialsOne,2026-05-28T15:06:11+00:00,2026-05-28T15:06:11+00:00,3,page,0,dse,
page:dse~AgentAgZeroManifestVariantsTryWindow10X,2026-05-28T15:07:29+00:00,2026-05-28T15:07:29+00:00,2,page,0,dse,
host:api.catalogit.app,2026-05-28T15:07:29+00:00,2026-05-28T16:32:48+00:00,4,host,1,,upstream_data
page:dse~AgentZeroJSONCatalogPartFourProper66806,2026-05-28T15:11:15+00:00,2026-05-28T15:11:15+00:00,2,page,0,dse,
page:dse~AgentZeroEightCatalogitTests,2026-05-28T15:11:37+00:00,2026-05-28T15:11:37+00:00,1,page,0,dse,
page:dse~AgentTryCatalogItGuessPagesP4Y1,2026-05-28T15:13:00+00:00,2026-05-28T15:13:00+00:00,1,page,0,dse,
page:dse~AgentZeroJSONCatalogPartFourProper66881,2026-05-28T15:13:28+00:00,2026-05-28T15:13:28+00:00,3,page,0,dse,
page:dse~SandboxAgentCharlMIndexJSON2026,2026-05-28T15:16:04+00:00,2026-05-28T15:16:04+00:00,1,page,0,dse,
page:dse~AgentUsefulLinksLCDL2026,2026-05-28T15:20:22+00:00,2026-05-28T15:20:22+00:00,4,page,0,dse,
page:dse~AgentCofCHeaderTestsPathsZ,2026-05-28T15:22:07+00:00,2026-05-28T15:26:11+00:00,6,page,0,dse,
page:dse~AgentCofcCatEntriesP4LinksSmallOne,2026-05-28T15:23:31+00:00,2026-05-28T15:23:31+00:00,1,page,0,dse,
page:dse~SandboxAgentCatalogItSlugTry2026,2026-05-28T15:25:30+00:00,2026-05-28T16:29:00+00:00,4,page,0,dse,
page:dse~AgentParentManifestSliceLCDLCharl4Helper,2026-05-28T15:27:20+00:00,2026-05-28T15:27:20+00:00,1,page,0,dse,
page:dse~AgentPineAltLinkXZp,2026-05-28T15:28:14+00:00,2026-05-28T15:28:14+00:00,1,page,0,dse,
page:dse~AgentDPLALibraryObjectAPILinksK91,2026-05-28T15:29:44+00:00,2026-05-30T19:01:09+00:00,14,page,0,dse,
host:api.dp.la,2026-05-28T15:29:44+00:00,2026-05-31T00:17:23+00:00,13,host,1,,upstream_data
host:dp.la,2026-05-28T15:29:44+00:00,2026-05-30T19:01:09+00:00,7,host,1,,upstream_data
page:dse~AgentPineFullReaderNewKKS,2026-05-28T15:29:49+00:00,2026-05-28T15:29:49+00:00,1,page,0,dse,
page:dse~BrandNewBacklinkPage777Q,2026-05-28T15:29:52+00:00,2026-05-28T15:29:52+00:00,1,page,0,dse,
page:dse~AgentQuillCharlestonDigitalLinks,2026-05-28T15:30:24+00:00,2026-05-28T15:30:24+00:00,2,page,0,dse,
page:dse~AgentPineFullReaderNewKKS2,2026-05-28T15:30:42+00:00,2026-05-28T15:30:42+00:00,1,page,0,dse,
page:dse~AgentHelperArchivePortalLinksZetaQ,2026-05-28T15:32:27+00:00,2026-05-28T15:32:27+00:00,1,page,0,dse,
page:dse~AgentTryTmpNoHarm123Y,2026-05-28T15:32:42+00:00,2026-05-28T15:32:42+00:00,1,page,0,dse,
page:dse~AgentIiifManifestLinksH,2026-05-28T15:32:48+00:00,2026-05-28T15:32:48+00:00,2,page,0,dse,
page:dse~AgentCofcCatalogueResidenceSrDotWorkaroundLinkFinal,2026-05-28T15:41:20+00:00,2026-05-28T15:41:20+00:00,1,page,0,dse,
page:dse~AgentCatalogExtraLinksPartFour2026XYZ2,2026-05-28T15:43:08+00:00,2026-05-28T15:43:08+00:00,2,page,0,dse,
page:dse~AgentOurAnchorsHCFPartFourX826,2026-05-28T15:45:57+00:00,2026-05-28T15:45:57+00:00,1,page,0,dse,
page:dse~AgentHubCharlestonLinksUniqueQ00527,2026-05-28T15:51:58+00:00,2026-05-28T15:51:58+00:00,1,page,0,dse,
page:dse~AgentParentSequenceRangeFilterMetadataChi,2026-05-28T16:10:19+00:00,2026-05-28T16:10:19+00:00,1,page,0,dse,
page:dse~AgentCatalogItResidenceHelperPage,2026-05-28T16:13:50+00:00,2026-05-28T16:13:50+00:00,2,page,0,dse,
page:dse~AgentCatalogItWilliamsHelpNow,2026-05-28T16:16:58+00:00,2026-05-28T16:16:58+00:00,2,page,0,dse,
page:dse~AgentZeroRspaceDirectAccessRefsQ2026,2026-05-28T16:20:21+00:00,2026-05-28T16:20:21+00:00,2,page,0,dse,
page:dse~AgentNineCorsmirrorJsonLibraryRefs12914X,2026-05-28T16:26:16+00:00,2026-05-28T16:26:16+00:00,1,page,0,dse,
page:dse~AgentNineCorsmirrorJsonRefs1779985632,2026-05-28T16:27:16+00:00,2026-05-28T16:27:16+00:00,1,page,0,dse,
page:dse~AgentNineCorsmirrorJsonRefs1779985641,2026-05-28T16:27:25+00:00,2026-05-28T16:27:25+00:00,1,page,0,dse,
page:dse~AgentNineCorsmirrorJsonRefs1779985669,2026-05-28T16:27:56+00:00,2026-05-28T16:27:56+00:00,1,page,0,dse,
page:dse~AgentNineCorsmirrorJsonRefs1779985682,2026-05-28T16:28:05+00:00,2026-05-28T16:28:05+00:00,1,page,0,dse,
page:dse~AgentHcfApiAnchorsNavFreshK90928,2026-05-28T16:32:48+00:00,2026-05-28T16:32:48+00:00,3,page,0,dse,
page:dse~AgentZeroTenCofCChildCatalogLinksX,2026-05-28T16:54:21+00:00,2026-05-28T16:54:21+00:00,1,page,0,dse,
page:dse~AgentRspaceSlashAnchorsQ7628,2026-05-28T17:42:49+00:00,2026-05-28T17:42:49+00:00,1,page,0,dse,
page:dse~Testabc,2026-05-28T18:53:38+00:00,2026-05-28T18:53:38+00:00,1,page,0,dse,
page:dse~AgentYahooHistoricalRowsBridgeAA,2026-05-28T19:01:25+00:00,2026-05-28T19:01:25+00:00,1,page,0,dse,
page:dse~AgentYahooConverterCheckBB,2026-05-28T19:03:44+00:00,2026-05-28T19:03:44+00:00,1,page,0,dse,
page:dse~AgentYahooDirectCheckCc,2026-05-28T19:07:28+00:00,2026-05-28T19:07:28+00:00,1,page,0,dse,
host:finance.yahoo.co.jp,2026-05-28T19:07:28+00:00,2026-06-07T20:10:21+00:00,8,host,1,,upstream_data
page:dse~AgentTestUnique999,2026-05-28T19:10:43+00:00,2026-05-28T19:43:41+00:00,2,page,0,dse,
page:dse~AgentYahooLinksSetEe,2026-05-28T19:11:58+00:00,2026-05-28T19:11:58+00:00,1,page,0,dse,
page:dse~AgentYahooLinksSetFf,2026-05-28T19:13:55+00:00,2026-05-28T19:13:55+00:00,1,page,0,dse,
page:dse~AgentYahooLinksSetHh,2026-05-28T19:15:53+00:00,2026-05-28T19:52:23+00:00,2,page,0,dse,
page:dse~AgentYahooApiConvertIi,2026-05-28T19:23:31+00:00,2026-05-28T19:23:31+00:00,1,page,0,dse,
page:dse~AgentYahooQueryDirectJj,2026-05-28T19:25:26+00:00,2026-05-28T19:25:26+00:00,1,page,0,dse,
host:query1.finance.yahoo.com,2026-05-28T19:25:26+00:00,2026-05-28T22:58:14+00:00,3,host,1,,upstream_data
page:dse~AgentMarketYahooRefsMineOneB,2026-05-28T19:32:12+00:00,2026-05-28T19:32:12+00:00,1,page,0,dse,
page:dse~AgentMarketYahooRefsMineTwoB,2026-05-28T19:32:24+00:00,2026-05-28T19:32:24+00:00,1,page,0,dse,
page:dse~AgentWinX1779995593,2026-05-28T19:40:02+00:00,2026-05-28T19:40:02+00:00,1,page,0,dse,
page:dse~AgentYahooApiExampleKk,2026-05-28T19:49:54+00:00,2026-05-28T19:49:54+00:00,1,page,0,dse,
page:dse~AgentYahooCtxTestJj,2026-05-28T20:14:46+00:00,2026-05-28T20:14:46+00:00,1,page,0,dse,
host:ctxr.me,2026-05-28T20:14:46+00:00,2026-05-28T21:23:17+00:00,4,host,1,,url_shortener
page:dse~AgentYahooCtxModesKk,2026-05-28T20:33:56+00:00,2026-05-28T20:33:56+00:00,2,page,0,dse,
host:markdown.microlink.io,2026-05-28T20:33:56+00:00,2026-05-28T20:33:56+00:00,1,host,1,,markdown_proxy
page:dse~AgentTrialZZB1716,2026-05-28T20:40:21+00:00,2026-05-28T20:40:21+00:00,1,page,0,dse,
page:dse~AgentYahooMarkerUniqueRr,2026-05-28T20:51:35+00:00,2026-05-28T20:51:35+00:00,1,page,0,dse,
host:ir.intrusion.com,2026-05-28T20:51:35+00:00,2026-05-28T20:51:35+00:00,1,host,1,,upstream_data
page:dse~AgentProxyTestVariantsMM5931,2026-05-28T20:55:13+00:00,2026-05-29T22:25:32+00:00,6,page,0,dse,
host:api.cors.lol,2026-05-28T20:55:13+00:00,2026-06-19T00:23:22+00:00,53,host,1,,cors_proxy
page:dse~AgentDailyRowsMasterOneQK75291,2026-05-28T21:00:57+00:00,2026-05-28T21:00:57+00:00,1,page,0,dse,
page:dse~AgentDailyRowsSecondBWAQZ84151,2026-05-28T21:06:46+00:00,2026-05-28T21:06:46+00:00,1,page,0,dse,
page:dse~AgentQuoteRowsHostTwoRRZ91537,2026-05-28T21:19:40+00:00,2026-05-28T21:19:40+00:00,1,page,0,dse,
page:dse~AgentYahooDifferentUniqueNn,2026-05-28T21:22:39+00:00,2026-05-28T21:22:39+00:00,1,page,0,dse,
page:dse~AgentYahooCtxLinkDifferentPp,2026-05-28T21:22:55+00:00,2026-05-28T21:22:55+00:00,1,page,0,dse,
page:dse~AgentYahooCtxUsUniqueQq,2026-05-28T21:23:17+00:00,2026-05-28T21:23:17+00:00,3,page,0,dse,
host:bitily.in,2026-05-28T21:23:17+00:00,2026-06-16T09:34:40+00:00,2,host,1,,url_shortener
page:dse~AgentQuoteRowsConversionGatewayTTX55381,2026-05-28T21:24:42+00:00,2026-05-28T21:24:42+00:00,1,page,0,dse,
page:dse~AgentYahooProxyMuleUniqueSs,2026-05-28T21:36:31+00:00,2026-05-28T21:36:31+00:00,1,page,0,dse,
page:dse~AgentYahooQuery1DirectNewTt,2026-05-28T21:40:33+00:00,2026-06-22T00:26:59+00:00,2,page,0,dse,
page:dse~AgentRowsTextProxyJJM33771,2026-05-28T21:41:55+00:00,2026-05-28T21:41:55+00:00,1,page,0,dse,
page:dse~AgentYahooJqpUniqueUu,2026-05-28T21:51:14+00:00,2026-05-28T21:51:14+00:00,1,page,0,dse,
page:dse~SandboxAgentOurUniqueDEF82929,2026-05-28T21:54:21+00:00,2026-05-28T21:54:21+00:00,1,page,0,dse,
page:dse~AgentYahooJqpAllSetXx,2026-05-28T21:56:02+00:00,2026-05-28T21:56:02+00:00,1,page,0,dse,
page:dse~AgentArchiveHistoricalTableBetaNVX55112,2026-05-28T22:00:14+00:00,2026-05-28T22:00:14+00:00,3,page,0,dse,
page:dse~AgentYahooJqpMoreLinksCd,2026-05-28T22:05:14+00:00,2026-05-28T22:05:14+00:00,1,page,0,dse,
page:dse~AgentYahooJqpLinksVisibleEf,2026-05-28T22:07:32+00:00,2026-05-28T22:07:32+00:00,1,page,0,dse,
page:dse~AgentYahooCurrentSymbolPageGh,2026-05-28T22:10:08+00:00,2026-05-28T22:10:08+00:00,1,page,0,dse,
page:dse~AgentMarkdownHistoricalCYBRefQMX66251,2026-05-28T22:11:22+00:00,2026-05-28T22:11:22+00:00,1,page,0,dse,
page:dse~AgentSimplifiedMdYahooArchiveQQZ77334,2026-05-28T22:17:40+00:00,2026-05-28T22:17:40+00:00,1,page,0,dse,
page:dse~AgentYahooJqShortFormatPageIj,2026-05-28T22:21:33+00:00,2026-05-28T22:21:33+00:00,1,page,0,dse,
page:dse~AgentNestedTextYahooArchivedDDD88420,2026-05-28T22:23:09+00:00,2026-05-28T22:23:09+00:00,1,page,0,dse,
page:dse~AgentYahooJqDateValuesMn,2026-05-28T22:24:00+00:00,2026-05-28T22:24:00+00:00,1,page,0,dse,
page:dse~AgentYahooJqFormattedListPq,2026-05-28T22:26:30+00:00,2026-05-28T22:26:30+00:00,1,page,0,dse,
page:dse~AgentNestedSimplerTestQW99221,2026-05-28T22:27:46+00:00,2026-05-28T22:27:46+00:00,1,page,0,dse,
page:dse~AgentYahooDirectAltRrr,2026-05-28T22:58:14+00:00,2026-05-28T22:58:14+00:00,2,page,0,dse,
host:query2.finance.yahoo.com,2026-05-28T22:58:14+00:00,2026-05-28T22:58:14+00:00,1,host,1,,upstream_data
page:dse~AgentDirectMdProxyTestsZXJ04191,2026-05-28T23:03:37+00:00,2026-06-18T20:06:54+00:00,9,page,0,dse,
page:dse~AgentYahooUsHtmlTestTtt,2026-05-28T23:03:58+00:00,2026-05-28T23:03:58+00:00,2,page,0,dse,
host:ca.finance.yahoo.com,2026-05-28T23:03:58+00:00,2026-05-28T23:03:58+00:00,1,host,1,,upstream_data
host:finance.yahoo.com,2026-05-28T23:03:58+00:00,2026-05-28T23:03:58+00:00,1,host,1,,upstream_data
page:dse~AgentJqpArchivedDailyExtractKWV77102,2026-05-28T23:17:48+00:00,2026-05-28T23:17:48+00:00,1,page,0,dse,
page:dse~AgentNestedJqpTinyRefsKKM22341,2026-05-28T23:28:22+00:00,2026-05-28T23:28:22+00:00,1,page,0,dse,
page:dse~AgentReorderedJqpArchiveNN12826,2026-05-28T23:35:49+00:00,2026-05-28T23:35:49+00:00,1,page,0,dse,
page:dse~AgentJqpShortRedirectArchivePQ76319,2026-05-28T23:44:13+00:00,2026-05-28T23:44:13+00:00,1,page,0,dse,
page:dse~AgentYahooApiRetryTt,2026-05-28T23:46:27+00:00,2026-05-28T23:46:27+00:00,1,page,0,dse,
page:dse~AgentJqpSourceTitleFinalRT21465,2026-05-28T23:48:52+00:00,2026-05-28T23:48:52+00:00,1,page,0,dse,
page:dse~AgentYahooPureMdHistLinksVv,2026-05-28T23:59:44+00:00,2026-05-28T23:59:44+00:00,1,page,0,dse,
page:dse~AgentYahooPureMdHistLinksWw,2026-05-29T00:00:16+00:00,2026-05-29T00:00:16+00:00,1,page,0,dse,
page:dse~AgentYahooPureMdHistLinksXx,2026-05-29T00:00:54+00:00,2026-05-29T00:00:54+00:00,1,page,0,dse,
page:dse~AgentTBValuesXYZ19087,2026-05-29T19:30:56+00:00,2026-05-29T19:30:56+00:00,1,page,0,dse,
host:vizhub.healthdata.org,2026-05-29T19:30:56+00:00,2026-06-17T19:09:00+00:00,34,host,1,,upstream_data
page:dse~AgentTBValuesXYZ19090,2026-05-29T19:33:33+00:00,2026-05-29T19:33:33+00:00,1,page,0,dse,
page:dse~AgentTBValuesXYZ19094,2026-05-29T19:33:37+00:00,2026-05-29T19:33:37+00:00,1,page,0,dse,
page:dse~AgentTBMortDataQX4,2026-05-29T21:26:02+00:00,2026-05-29T23:04:37+00:00,14,page,0,dse,
page:dse~AgentTBMortSliceLQ7,2026-05-29T22:25:42+00:00,2026-05-29T22:29:08+00:00,2,page,0,dse,
host:md.succ.ai,2026-05-29T22:28:50+00:00,2026-06-21T18:48:46+00:00,1718,host,1,,markdown_proxy
page:dse~AgentTBDirectApiRefsLQ11,2026-05-29T22:29:33+00:00,2026-05-29T22:29:33+00:00,1,page,0,dse,
page:dse~ApiTempPageXYZ,2026-05-29T22:29:49+00:00,2026-05-29T22:33:17+00:00,2,page,0,dse,
page:dse~IhmeLbdTbQuerySource,2026-05-29T22:34:28+00:00,2026-05-29T22:45:32+00:00,4,page,0,dse,
page:dse~DataAltTBlinkTestJX1192,2026-05-29T22:35:50+00:00,2026-05-29T22:35:50+00:00,1,page,0,dse,
page:dse~ApiTempPageXYZ2,2026-05-29T22:36:04+00:00,2026-05-29T22:36:04+00:00,1,page,0,dse,
page:dse~AgentTestNewPageXYZ,2026-05-29T22:40:10+00:00,2026-05-29T22:40:10+00:00,1,page,0,dse,
page:dse~AgentAltTbRefs25596416,2026-05-29T22:40:19+00:00,2026-05-29T22:40:19+00:00,1,page,0,dse,
page:dse~AgentTBLinks2026,2026-05-29T22:42:34+00:00,2026-05-29T23:18:19+00:00,6,page,0,dse,
page:dse~AgentWebresearchTbDataJson,2026-05-29T22:50:55+00:00,2026-05-29T23:15:26+00:00,2,page,0,dse,
page:dse~AgentJsonLinkEcuadorZ,2026-05-29T22:54:13+00:00,2026-05-29T22:54:13+00:00,1,page,0,dse,
page:dse~SandboxZXQ,2026-05-29T22:57:44+00:00,2026-05-29T22:58:54+00:00,2,page,0,dse,
page:dse~SandboxZXQ2,2026-05-29T23:00:14+00:00,2026-05-29T23:11:14+00:00,2,page,0,dse,
page:dse~AgentTbGetTest812965,2026-05-29T23:02:40+00:00,2026-05-29T23:02:40+00:00,1,page,0,dse,
page:dse~AgentVizTBRefs,2026-05-29T23:02:53+00:00,2026-05-29T23:02:53+00:00,1,page,0,dse,
page:dse~AgentCiteTBRowsABCE,2026-05-29T23:04:00+00:00,2026-05-29T23:04:00+00:00,1,page,0,dse,
page:dse~AgentTbVizEcuador778758,2026-05-29T23:04:48+00:00,2026-05-29T23:04:48+00:00,1,page,0,dse,
page:dse~TBTestY0,2026-05-29T23:05:53+00:00,2026-05-29T23:11:11+00:00,2,page,0,dse,
page:dse~TBTestY1,2026-05-29T23:05:55+00:00,2026-05-29T23:05:55+00:00,1,page,0,dse,
page:dse~AgentTBEcuadorDataCitations48291,2026-05-29T23:07:00+00:00,2026-05-29T23:07:00+00:00,1,page,0,dse,
page:dse~SandboxTmpAPI3,2026-05-29T23:10:38+00:00,2026-05-29T23:10:38+00:00,1,page,0,dse,
page:dse~DatahuntTb,2026-05-29T23:11:16+00:00,2026-05-29T23:11:16+00:00,1,page,0,dse,
page:dse~MyTBEcuadorVizLinks4567,2026-05-29T23:13:10+00:00,2026-05-29T23:13:10+00:00,1,page,0,dse,
page:dse~AgentHealthdataTBTest,2026-05-29T23:18:26+00:00,2026-05-29T23:18:26+00:00,1,page,0,dse,
page:dse~AgentHealthdataTBConfigData96808,2026-05-29T23:20:10+00:00,2026-05-29T23:20:10+00:00,1,page,0,dse,
page:dse~AgentTBEcuadorMortCitation,2026-05-29T23:48:32+00:00,2026-05-29T23:48:32+00:00,1,page,0,dse,
page:dse~AgentTBEcuadorDataOfficialRefs,2026-05-29T23:50:47+00:00,2026-05-29T23:50:47+00:00,1,page,0,dse,
page:dse~AgentTBEcuadorYearwiseValuesLinksQuartz,2026-05-29T23:56:41+00:00,2026-05-29T23:56:41+00:00,1,page,0,dse,
page:dse~AgentMinnDigitalLinksUniqueQ99872,2026-05-30T17:15:26+00:00,2026-05-30T17:15:26+00:00,2,page,0,dse,
page:dse~AgentMhs52936DplaRefZ0526,2026-05-30T17:31:34+00:00,2026-06-22T08:49:58+00:00,10,page,0,dse,
host:cdm16022.contentdm.oclc.org,2026-05-30T17:31:34+00:00,2026-05-31T00:17:23+00:00,8,host,1,,upstream_data
host:collection.mndigital.org,2026-05-30T17:31:34+00:00,2026-05-30T21:58:51+00:00,3,host,1,,upstream_data
page:dse~AgentMDLChallengeResearchmRnpo,2026-05-30T17:40:19+00:00,2026-05-30T17:40:19+00:00,2,page,0,dse,
page:dse~AgentNumAgentTryPage,2026-05-30T19:49:36+00:00,2026-05-30T19:49:36+00:00,1,page,0,dse,
page:dse~AgentMDLNumbersRefsK83002,2026-05-30T19:52:17+00:00,2026-05-30T22:10:18+00:00,8,page,0,dse,
page:dse~AgentNumNewTry,2026-05-30T20:29:49+00:00,2026-05-30T20:29:49+00:00,1,page,0,dse,
page:dse~AgentMDLNumberRefsQueries0301,2026-05-30T20:31:08+00:00,2026-05-30T20:31:08+00:00,1,page,0,dse,
page:dse~AgentMinnesotaDigitalGiftProjectPage,2026-05-30T20:44:03+00:00,2026-05-30T20:44:03+00:00,2,page,0,dse,
page:dse~AgentMdlCDMRefs2138,2026-05-30T21:12:24+00:00,2026-05-30T21:12:24+00:00,3,page,0,dse,
page:dse~AgentCdmmhs52936DirectSrcY05312026,2026-05-30T21:15:11+00:00,2026-05-31T00:17:23+00:00,13,page,0,dse,
host:archive-it.org,2026-05-30T21:15:11+00:00,2026-05-31T00:17:23+00:00,2,host,1,,archive
host:localhost.cdm16022.contentdm.oclc.org,2026-05-30T21:15:11+00:00,2026-05-31T00:17:23+00:00,2,host,1,,sink_or_test
page:dse~AgentMdmGetItemInfo152XML030512,2026-05-30T21:28:42+00:00,2026-05-30T21:28:42+00:00,2,page,0,dse,
host:server16022.contentdm.oclc.org,2026-05-30T21:28:42+00:00,2026-05-30T21:28:42+00:00,1,host,1,,upstream_data
page:dse~AgentMinnesotaCitationLinksMHS52936PartOne,2026-05-30T21:53:27+00:00,2026-05-30T21:54:31+00:00,3,page,0,dse,
page:dse~AgentMDLSrcCollection03051,2026-05-30T21:58:51+00:00,2026-05-30T21:58:51+00:00,3,page,0,dse,
host:metl.lib.umn.edu,2026-05-30T21:58:51+00:00,2026-05-30T22:33:40+00:00,3,host,1,,upstream_data
host:reflections.mndigital.org,2026-05-30T21:58:51+00:00,2026-05-30T21:58:51+00:00,1,host,1,,upstream_data
page:dse~AgentDMItemInfoRefsMX29,2026-05-30T22:16:01+00:00,2026-05-30T22:29:08+00:00,2,page,0,dse,
page:dse~AgentMDLDeedXMLSource0531202636,2026-05-30T22:16:10+00:00,2026-05-30T22:16:10+00:00,2,page,0,dse,
page:dse~AgentDMItemInfoRefsMX30,2026-05-30T22:27:04+00:00,2026-05-30T22:27:04+00:00,1,page,0,dse,
page:dse~AgentXMLTextCorsLinkMN0531202641,2026-05-30T22:28:01+00:00,2026-05-30T22:28:01+00:00,1,page,0,dse,
page:dse~AgentCitationTechTmpQ7333103,2026-05-30T22:31:44+00:00,2026-05-30T22:31:44+00:00,1,page,0,dse,
page:dse~AgentCitationTechDirectMETLRecordHashB0526,2026-05-30T22:33:40+00:00,2026-05-30T22:33:40+00:00,2,page,0,dse,
page:dse~AgentMhs52936XMLCDMRef0526,2026-05-30T22:49:42+00:00,2026-05-30T22:49:42+00:00,2,page,0,dse,
page:dse~AgentHalieTrophyMDL528150531,2026-05-30T22:49:47+00:00,2026-05-30T22:49:47+00:00,1,page,0,dse,
page:dse~AgentMhsMetadataQueryRefsTX053126,2026-05-30T22:54:45+00:00,2026-05-30T22:54:45+00:00,2,page,0,dse,
page:dse~AgentMDLCollectionAPIcors053182,2026-05-30T23:20:28+00:00,2026-05-30T23:20:28+00:00,1,page,0,dse,
page:dse~RandomTestingXqwee,2026-05-30T23:39:11+00:00,2026-05-30T23:39:11+00:00,3,page,0,dse,
page:dse~AgentTestLinkPaths,2026-05-31T00:07:28+00:00,2026-05-31T00:07:28+00:00,1,page,0,dse,
host:cf-cors.findme-19.workers.dev,2026-05-31T00:07:28+00:00,2026-06-21T18:41:11+00:00,25,host,1,,cors_proxy
page:dse~AgentMDLSourceCitationReadyZ77,2026-05-31T00:09:58+00:00,2026-05-31T00:09:58+00:00,1,page,0,dse,
page:dse~WikiAgentExperimentalMN5531,2026-05-31T00:19:40+00:00,2026-05-31T00:19:40+00:00,1,page,0,dse,
page:dse~AgentOurTempleNorthBostonX1,2026-05-31T22:39:47+00:00,2026-05-31T22:39:47+00:00,2,page,0,dse,
page:probier~AgentDataLinksEdu2026,2026-05-31T23:53:44+00:00,2026-06-21T21:41:46+00:00,7,page,0,probier,
page:dse~AgentTempTemple,2026-06-01T00:12:10+00:00,2026-06-22T02:59:08+00:00,3,page,0,dse,
page:dse~AgentHowEnrollmentLinkJun,2026-06-01T03:39:40+00:00,2026-06-01T03:39:40+00:00,1,page,0,dse,
page:dse~AgentEnrollmentDataUsaEvidenceX,2026-06-01T03:46:00+00:00,2026-06-01T03:46:00+00:00,1,page,0,dse,
page:dse~AgentTmpNewEnrollmentHowardQ,2026-06-01T03:48:16+00:00,2026-06-01T03:49:59+00:00,2,page,0,dse,
page:dse~AgentLinkEnrollmentXQ9,2026-06-01T03:51:05+00:00,2026-06-16T22:23:47+00:00,6,page,0,dse,
page:dse~AgentEnrollmentPublicSourceZ9,2026-06-01T03:54:59+00:00,2026-06-01T03:54:59+00:00,1,page,0,dse,
page:dse~AgentClarkEconomicsLinksX1,2026-06-01T12:32:57+00:00,2026-06-01T12:46:23+00:00,3,page,0,dse,
page:dse~AgentClarkEconomicsLinksX2,2026-06-01T12:47:14+00:00,2026-06-22T02:43:12+00:00,5,page,0,dse,
page:dse~AgentClarkEconomicsLinksX7,2026-06-01T12:50:36+00:00,2026-06-01T12:50:36+00:00,2,page,0,dse,
page:probier~AgentEconSourceArchiveRefsF5,2026-06-01T12:54:09+00:00,2026-06-01T12:54:09+00:00,1,page,0,probier,
page:dse~AgentClarkEcoProxyTests,2026-06-01T12:59:39+00:00,2026-06-01T12:59:39+00:00,6,page,0,dse,
host:r.jina.ai,2026-06-01T12:59:39+00:00,2026-06-21T20:29:16+00:00,641,host,1,,markdown_proxy
host:vercel-cors-proxy.vercel.app,2026-06-01T12:59:39+00:00,2026-06-20T13:58:46+00:00,5,host,1,,cors_proxy
page:dse~AgentClarkEcoProxyTests2,2026-06-01T13:03:10+00:00,2026-06-01T13:03:10+00:00,6,page,0,dse,
page:dse~AgentClarkEcoProxyTests3,2026-06-01T13:05:25+00:00,2026-06-01T13:05:25+00:00,7,page,0,dse,
host:wayback.archive.org,2026-06-01T13:05:25+00:00,2026-06-01T13:18:55+00:00,2,host,1,,archive
page:dse~AgentClarkNewsletterLinksJune2026Y9,2026-06-01T13:12:54+00:00,2026-06-01T13:22:03+00:00,4,page,0,dse,
page:probier~AgentEconNewsletterDocsK4,2026-06-01T13:14:02+00:00,2026-06-01T13:14:02+00:00,2,page,0,probier,
host:memgator.cs.odu.edu,2026-06-01T13:14:02+00:00,2026-07-01T10:29:45+00:00,14,host,1,,archive
page:dse~AgentClarkEcoProxyTests4,2026-06-01T13:18:55+00:00,2026-06-01T13:18:55+00:00,8,page,0,dse,
page:dse~AgentClarkEconNewsletterCitationsNQ01,2026-06-01T13:23:23+00:00,2026-06-01T14:15:52+00:00,3,page,0,dse,
page:dse~AgentClarkCitationPageX7774,2026-06-01T13:57:31+00:00,2026-06-01T13:57:31+00:00,3,page,0,dse,
page:dse~AgentClarkTextReadersNQ88,2026-06-01T13:59:19+00:00,2026-06-01T13:59:19+00:00,3,page,0,dse,
page:dse~ClarkEconomicsNewsletterArchiveSources,2026-06-01T14:02:59+00:00,2026-06-01T14:02:59+00:00,2,page,0,dse,
page:dse~AgentClarkFilteredReadersZ900,2026-06-01T14:05:56+00:00,2026-06-01T14:05:56+00:00,1,page,0,dse,
page:dse~ImaginaryAgentOpenAITester98761,2026-06-01T14:08:44+00:00,2026-06-01T14:08:44+00:00,1,page,0,dse,
page:probier~AgentTryClarkProxyR7,2026-06-01T14:09:19+00:00,2026-06-01T14:09:19+00:00,3,page,0,probier,
page:dse~AgentCitationEntryEconomicsPDFZZ942,2026-06-01T14:09:31+00:00,2026-06-01T14:09:31+00:00,1,page,0,dse,
page:dse~JohnClarkRefsNewsletterQ2026,2026-06-01T14:11:12+00:00,2026-06-01T14:11:12+00:00,2,page,0,dse,
page:dse~AgentClarkJsonMarkdownTestX8Q1,2026-06-01T14:14:03+00:00,2026-06-01T14:14:03+00:00,1,page,0,dse,
page:dse~AgentClarkJQPExcerptStudyZZ0601,2026-06-01T14:14:54+00:00,2026-06-01T14:14:54+00:00,1,page,0,dse,
page:dse~AgentClarkSortedJqQ700,2026-06-01T14:19:52+00:00,2026-06-01T14:19:52+00:00,1,page,0,dse,
page:dse~SandboxAgent0RouteMemgator,2026-06-01T14:20:47+00:00,2026-06-01T14:20:47+00:00,1,page,0,dse,
page:dse~AgentMemTry17261,2026-06-01T14:22:58+00:00,2026-06-01T14:22:58+00:00,3,page,0,dse,
host:archive.org,2026-06-01T14:22:58+00:00,2026-06-18T21:12:57+00:00,40,host,1,,archive
page:dse~AgentClarkNewsletterReaderLinksCFQ2,2026-06-01T14:25:03+00:00,2026-06-01T14:32:35+00:00,3,page,0,dse,
page:dse~AgentClarkNewsletterCitationJYV78415,2026-06-01T14:25:18+00:00,2026-06-01T14:25:18+00:00,1,page,0,dse,
page:dse~AgentClarkJQPSimpleDiagnosticsTT71,2026-06-01T14:26:49+00:00,2026-06-01T14:26:49+00:00,1,page,0,dse,
page:dse~AgentMemVariantsEcon19282,2026-06-01T14:28:28+00:00,2026-06-01T14:28:28+00:00,1,page,0,dse,
page:dse~TempAgentEconTest971,2026-06-01T14:28:41+00:00,2026-06-01T14:28:41+00:00,2,page,0,dse,
page:dse~AgentClarkSourcesRawJson42Bridge,2026-06-01T14:30:35+00:00,2026-06-01T14:30:35+00:00,1,page,0,dse,
page:dse~AgentMemDoubleEncodedVar929,2026-06-01T14:32:11+00:00,2026-06-01T14:32:11+00:00,1,page,0,dse,
page:dse~AgentWindow6TryPage998814,2026-06-01T14:32:15+00:00,2026-06-01T14:32:15+00:00,1,page,0,dse,
page:dse~AgentClarkAliasReadersM6009,2026-06-01T14:32:53+00:00,2026-06-01T14:32:53+00:00,2,page,0,dse,
page:dse~EconNewsletterClarkSources,2026-06-01T14:33:04+00:00,2026-06-01T14:33:04+00:00,3,page,0,dse,
page:dse~AgentEconCorsPureNestedQ78119,2026-06-01T14:33:15+00:00,2026-06-01T14:33:15+00:00,1,page,0,dse,
page:dse~AgentClarkEncodedDotsReaderGZ81,2026-06-01T14:33:19+00:00,2026-06-01T14:33:19+00:00,3,page,0,dse,
page:dse~AgentClarkJqpEncodedEndpointWW91,2026-06-01T14:33:59+00:00,2026-06-01T14:33:59+00:00,1,page,0,dse,
page:dse~AgentClarkCorsArchiveReadersTTX99021,2026-06-01T14:34:05+00:00,2026-06-01T14:37:40+00:00,3,page,0,dse,
page:dse~AgentClarkJqpCorrectEncodedVV90,2026-06-01T14:34:56+00:00,2026-06-01T14:34:56+00:00,1,page,0,dse,
page:dse~AgentClarkNewsletterReaderLinksCFJuneV3,2026-06-01T14:35:09+00:00,2026-06-01T14:35:09+00:00,2,page,0,dse,
page:dse~AgentClarkJqpCorrectEncodedAA91,2026-06-01T14:35:43+00:00,2026-06-01T14:35:43+00:00,1,page,0,dse,
page:dse~AgentTempEncProbe4C,2026-06-01T14:36:29+00:00,2026-06-01T14:36:29+00:00,1,page,0,dse,
page:dse~AgentWindow6JQPEncodeTestsK99282,2026-06-01T14:36:51+00:00,2026-06-01T14:36:51+00:00,3,page,0,dse,
page:dse~AgentFinalEncodedClarkSource88,2026-06-01T14:37:31+00:00,2026-06-01T14:38:06+00:00,2,page,0,dse,
page:dse~AgentFinalEncodedClarkSource56,2026-06-01T14:38:37+00:00,2026-06-01T14:38:37+00:00,1,page,0,dse,
page:dse~AgentWindow6ClarkFinalRefsD5521A,2026-06-01T14:39:02+00:00,2026-06-01T14:55:20+00:00,2,page,0,dse,
page:dse~AgentClarkCorsEncodedFinalReadersWQ741,2026-06-01T14:39:06+00:00,2026-06-01T14:39:06+00:00,2,page,0,dse,
page:dse~AgentWindow6ClarkFinalRefsD5521B,2026-06-01T14:39:06+00:00,2026-06-01T14:55:31+00:00,2,page,0,dse,
page:dse~AgentUniqueXYZ125,2026-06-01T14:39:34+00:00,2026-06-01T14:43:05+00:00,2,page,0,dse,
page:dse~AgentClarkMemo2012VariantsDX8,2026-06-01T14:39:52+00:00,2026-06-01T14:39:52+00:00,1,page,0,dse,
page:dse~AgentClarkNewsletterProxyXYZQ10,2026-06-01T14:40:03+00:00,2026-06-01T15:00:24+00:00,3,page,0,dse,
page:dse~AgentClarkLongLinkZ,2026-06-01T14:40:54+00:00,2026-06-01T14:40:54+00:00,1,page,0,dse,
page:dse~AgentFinalEncodedClarkSourceDot,2026-06-01T14:40:54+00:00,2026-06-01T14:40:54+00:00,1,page,0,dse,
page:dse~AgentWindow6ClarkFullPdfLinksN6621,2026-06-01T14:40:59+00:00,2026-06-01T14:40:59+00:00,2,page,0,dse,
page:dse~AgentWindow6ClarkFullPdfLinksN6622,2026-06-01T14:41:12+00:00,2026-06-01T14:41:12+00:00,2,page,0,dse,
page:dse~AgentClarkRetryCookie,2026-06-01T14:42:27+00:00,2026-06-01T14:42:27+00:00,1,page,0,dse,
page:dse~AgentClarkHtmlWrapperSourceR771,2026-06-01T14:42:35+00:00,2026-06-01T14:42:35+00:00,5,page,0,dse,
host:cors-bypasser-pro.vercel.app,2026-06-01T14:42:35+00:00,2026-06-01T14:43:58+00:00,2,host,1,,cors_proxy
host:proxy-mu-seven-70.vercel.app,2026-06-01T14:42:35+00:00,2026-06-01T14:43:58+00:00,2,host,1,,other
host:vercel-cors-proxy-lokal.vercel.app,2026-06-01T14:42:35+00:00,2026-06-01T14:43:58+00:00,2,host,1,,cors_proxy
page:dse~AgentClarkNewsletterRefDX,2026-06-01T14:43:12+00:00,2026-06-01T14:43:12+00:00,1,page,0,dse,
page:dse~AgentClarkMemExactCitationsN701,2026-06-01T14:43:26+00:00,2026-06-01T14:43:26+00:00,1,page,0,dse,
page:dse~AgentClarkPDFLinksRenderF9912,2026-06-01T14:43:58+00:00,2026-06-01T14:43:58+00:00,5,page,0,dse,
page:dse~AgentClarkPDFCorsRawLinksV922,2026-06-01T14:48:07+00:00,2026-06-01T14:48:07+00:00,2,page,0,dse,
page:dse~AgentClarkMem8ReaderPDFZT7710,2026-06-01T14:53:29+00:00,2026-06-01T14:53:29+00:00,1,page,0,dse,
page:dse~AgentOursClark8891,2026-06-01T14:56:58+00:00,2026-06-18T18:53:57+00:00,7,page,0,dse,
page:dse~AgentClarkCleanJoinedEconRefsFinalQQ90127,2026-06-01T14:59:48+00:00,2026-06-01T14:59:48+00:00,1,page,0,dse,
host:md.dhr.wtf,2026-06-01T15:00:48+00:00,2026-06-18T21:24:10+00:00,244,host,1,,markdown_proxy
page:dse~AgentClarkCitationsShortProxyZ9912,2026-06-01T15:02:32+00:00,2026-06-01T15:02:32+00:00,1,page,0,dse,
page:dse~AgentClarkMemGoodFiveSixPDFLinkXX99321,2026-06-01T15:05:36+00:00,2026-06-01T15:05:36+00:00,1,page,0,dse,
page:dse~AgentClarkMetaCitationsCreatedByA01Z,2026-06-01T15:06:09+00:00,2026-06-01T15:06:09+00:00,1,page,0,dse,
page:dse~AgentClarkMetaEncodedB0199,2026-06-01T15:07:35+00:00,2026-06-01T15:07:35+00:00,1,page,0,dse,
page:dse~AgentClarkMetaTitlesC01992,2026-06-01T15:09:51+00:00,2026-06-18T18:44:35+00:00,4,page,0,dse,
page:dse~Agent0ClarkTest589,2026-06-01T15:18:17+00:00,2026-06-18T18:32:55+00:00,6,page,0,dse,
page:dse~AgentClarkNewsArchRefTY86321,2026-06-01T15:19:26+00:00,2026-06-01T15:19:26+00:00,2,page,0,dse,
page:dse~AgentIvyLink,2026-06-01T15:54:26+00:00,2026-06-01T15:54:26+00:00,1,page,0,dse,
page:dse~AgentDataUsaUnique5,2026-06-01T16:03:04+00:00,2026-06-18T18:15:46+00:00,6,page,0,dse,
page:dse~AgentIvyTuitionValues2015XQ,2026-06-01T16:14:15+00:00,2026-06-22T08:53:29+00:00,68,page,0,dse,
page:dse~AgentTuitionEvidenceK,2026-06-01T16:14:24+00:00,2026-06-01T16:14:24+00:00,1,page,0,dse,
page:dse~AgentUNAIDSKPASharedPublicRefA622,2026-06-01T21:51:14+00:00,2026-06-18T19:15:58+00:00,5,page,0,dse,
page:dse~AgentUNAIDSKPASharedPublicRefB724,2026-06-01T22:07:05+00:00,2026-06-18T19:17:24+00:00,3,page,0,dse,
page:dse~AgentUNAIDSKPAArcGISRefsD912,2026-06-01T22:17:17+00:00,2026-06-18T19:19:03+00:00,2,page,0,dse,
host:services3.arcgis.com,2026-06-01T22:17:17+00:00,2026-06-01T22:17:17+00:00,1,host,1,,upstream_data
page:dse~AgentCallorTest,2026-06-01T23:42:37+00:00,2026-06-18T19:27:49+00:00,17,page,0,dse,
page:dse~AgentBabylonHS,2026-06-01T23:48:15+00:00,2026-06-18T19:29:06+00:00,11,page,0,dse,
page:dse~AgentAaftonHS,2026-06-01T23:51:52+00:00,2026-06-18T19:28:33+00:00,14,page,0,dse,
page:dse~AgentCallorHS,2026-06-01T23:54:16+00:00,2026-06-16T21:06:44+00:00,2,page,0,dse,
page:dse~AgentCallorCohortHS,2026-06-01T23:55:39+00:00,2026-06-18T20:17:16+00:00,3,page,0,dse,
page:dse~AgentAAftonSafe,2026-06-01T23:55:56+00:00,2026-06-18T19:34:19+00:00,10,page,0,dse,
page:dse~AgentHealthLFData202606021332,2026-06-02T08:59:09+00:00,2026-06-02T09:00:10+00:00,2,page,0,dse,
page:dse~AgentRentVermont,2026-06-04T17:30:39+00:00,2026-06-17T12:21:38+00:00,4,page,0,dse,
host:da.gd,2026-06-04T17:30:39+00:00,2026-06-18T18:24:52+00:00,21,host,1,,url_shortener
host:housingdata.org,2026-06-04T17:53:15+00:00,2026-06-04T17:53:15+00:00,1,host,1,,upstream_data
host:public.tableau.com,2026-06-04T17:53:15+00:00,2026-06-17T12:20:21+00:00,2,host,1,,upstream_data
page:dse~AgentOpenAITestPage9002,2026-06-05T02:20:32+00:00,2026-06-05T02:22:09+00:00,2,page,0,dse,
page:dse~SandboxHelperRugbyArchiveRefsZ52917,2026-06-06T07:20:37+00:00,2026-06-06T07:50:41+00:00,17,page,0,dse,
host:pages.pagesuite.com,2026-06-06T07:20:37+00:00,2026-06-06T08:02:07+00:00,4,host,1,,upstream_data
host:themagazinearchive.com,2026-06-06T07:20:37+00:00,2026-06-06T08:02:07+00:00,4,host,1,,upstream_data
host:editions.pagesuite.com,2026-06-06T07:45:14+00:00,2026-06-06T08:02:07+00:00,3,host,1,,upstream_data
host:editions.themagazinearchive.org,2026-06-06T07:45:14+00:00,2026-06-06T08:02:07+00:00,3,host,1,,archive
page:dse~RugbyWorldSampleArchiveReadingLinksJuneN7714,2026-06-06T08:02:07+00:00,2026-06-06T08:02:07+00:00,7,page,0,dse,
page:probier~AgentSet50MonthlyResourceX9,2026-06-06T19:11:53+00:00,2026-06-06T19:18:27+00:00,2,page,0,probier,
page:dse~AgentEconomicDatasetsReferencesXC3921045,2026-06-06T23:14:24+00:00,2026-06-06T23:14:24+00:00,2,page,0,dse,
host:unctadstat-api.unctad.org,2026-06-06T23:14:24+00:00,2026-06-06T23:14:24+00:00,1,host,1,,upstream_data
page:dse~AgentDataUSACIPRefsTestY999,2026-06-07T04:29:10+00:00,2026-06-07T04:29:10+00:00,1,page,0,dse,
page:dse~AgentDataQRefsZ1223,2026-06-07T04:34:04+00:00,2026-06-21T08:25:13+00:00,2,page,0,dse,
page:dse~AgentDataUsaSourceLinkRV,2026-06-07T04:55:32+00:00,2026-06-07T04:55:32+00:00,1,page,0,dse,
page:dse~AgentDataUsaSourceLinkQTestZZ,2026-06-07T04:59:05+00:00,2026-06-16T08:27:46+00:00,4,page,0,dse,
page:dse~AgentDataUsaCIPSBB2022,2026-06-07T05:00:01+00:00,2026-06-07T05:00:01+00:00,1,page,0,dse,
page:dse~AgentSBDatausaZ9,2026-06-07T05:16:52+00:00,2026-06-17T16:58:22+00:00,2,page,0,dse,
page:dse~AgentCountyDegreesDataUsaQTwo,2026-06-07T05:31:42+00:00,2026-06-07T05:31:42+00:00,1,page,0,dse,
host:datausa.io,2026-06-07T05:31:42+00:00,2026-06-22T08:54:45+00:00,196,host,1,,upstream_data
page:dse~AgentMarketYahooResearchExtra2020,2026-06-07T20:10:21+00:00,2026-06-07T20:10:46+00:00,3,page,0,dse,
page:dse~AgentTryPumsCitationABC,2026-06-08T03:18:02+00:00,2026-06-19T20:06:41+00:00,48,page,0,dse,
page:dse~TmpAgentTryPostWrite,2026-06-08T03:27:06+00:00,2026-06-08T03:27:06+00:00,1,page,0,dse,
page:dse~TmpAgentDataUsaPumsLinksAz218,2026-06-08T03:41:48+00:00,2026-06-16T09:55:59+00:00,3,page,0,dse,
page:dse~AgentTryBFedit,2026-06-08T03:46:40+00:00,2026-06-08T03:46:40+00:00,1,page,0,dse,
page:dse~AgentFinanceAPICitations,2026-06-08T03:50:02+00:00,2026-06-11T03:04:30+00:00,3,page,0,dse,
page:dse~TestFoobaAgent,2026-06-08T04:03:23+00:00,2026-06-18T18:45:02+00:00,9,page,0,dse,
page:dse~SandboxFooBarDataUsa,2026-06-08T04:07:16+00:00,2026-06-16T09:03:20+00:00,14,page,0,dse,
page:dse~SandboxAgentApi2201,2026-06-08T04:14:08+00:00,2026-06-16T08:57:33+00:00,2,page,0,dse,
page:dse~AgentCoolerValueCiteFin2026,2026-06-08T04:21:08+00:00,2026-06-11T03:24:32+00:00,3,page,0,dse,
page:dse~AgentApiPage001,2026-06-09T00:49:14+00:00,2026-06-22T03:22:09+00:00,5,page,0,dse,
page:probier~AgentPageYTest,2026-06-09T09:20:14+00:00,2026-06-09T09:20:14+00:00,1,page,0,probier,
page:probier~SandBox,2026-06-09T09:24:03+00:00,2026-06-22T08:37:25+00:00,59,page,0,probier,
page:probier~AgentBatteryTempRefs4073266c,2026-06-10T13:55:54+00:00,2026-06-10T13:55:54+00:00,1,page,0,probier,
page:probier~AgentBatterySolarRoutes2Z,2026-06-10T14:02:29+00:00,2026-06-10T14:02:29+00:00,1,page,0,probier,
page:dse~AgentTexasDigitalSource,2026-06-11T02:28:54+00:00,2026-06-11T06:48:37+00:00,3,page,0,dse,
page:dse~AgentTexasPdfTokenPathUniqueAlpha,2026-06-11T02:32:20+00:00,2026-06-17T00:58:14+00:00,69,page,0,dse,
page:dse~AgentRandppqqlos,2026-06-11T02:39:04+00:00,2026-06-11T02:39:04+00:00,1,page,0,dse,
page:dse~NewFooWZ8133,2026-06-11T03:12:15+00:00,2026-06-11T03:12:15+00:00,1,page,0,dse,
page:dse~PublicArchivesResearchJune1781146205,2026-06-11T03:42:22+00:00,2026-06-11T04:20:10+00:00,2,page,0,dse,
page:dse~ProxyReaderFresh1781149542,2026-06-11T03:45:45+00:00,2026-06-11T03:45:45+00:00,1,page,0,dse,
page:dse~OpenRecordsCitationTemp,2026-06-11T03:49:25+00:00,2026-06-11T03:49:25+00:00,1,page,0,dse,
page:dse~LookupPublicRecordsTexasArchive1918,2026-06-11T04:01:54+00:00,2026-06-11T04:09:38+00:00,6,page,0,dse,
page:dse~ShortWorkerReader1781150786,2026-06-11T04:06:28+00:00,2026-06-11T04:06:28+00:00,1,page,0,dse,
page:dse~TestCorsQuery1781151049,2026-06-11T04:10:51+00:00,2026-06-11T04:10:51+00:00,1,page,0,dse,
page:dse~FirstArmyCorpsTdaRefs84721B,2026-06-11T04:10:59+00:00,2026-06-11T04:16:26+00:00,6,page,0,dse,
page:dse~AgentArchiveUpdatedRenderJune11C99126,2026-06-11T04:19:47+00:00,2026-06-11T04:19:47+00:00,1,page,0,dse,
page:dse~AgentFreshHelpPDF,2026-06-11T05:13:06+00:00,2026-06-11T05:26:15+00:00,2,page,0,dse,
page:dse~TestingAgentRootUnique,2026-06-11T05:22:14+00:00,2026-06-11T05:22:14+00:00,2,page,0,dse,
page:dse~AgentFreshestRootPDF,2026-06-11T05:23:33+00:00,2026-06-11T05:23:33+00:00,1,page,0,dse,
page:dse~ProxyConnectJuneEleven,2026-06-11T05:32:15+00:00,2026-06-16T20:51:06+00:00,17,page,0,dse,
page:dse~AgentRootTexasDocPaths,2026-06-11T05:35:25+00:00,2026-06-11T05:35:25+00:00,5,page,0,dse,
page:dse~AgentTexasPdfDirectDownloadReadersQ93,2026-06-11T05:59:21+00:00,2026-06-11T07:37:13+00:00,2,page,0,dse,
page:dse~AgentOurGoogleViewerLinks77,2026-06-11T06:28:53+00:00,2026-06-11T06:32:11+00:00,8,page,0,dse,
host:doc-0s-bk-apps-viewer.googleusercontent.com,2026-06-11T06:28:53+00:00,2026-06-18T19:30:00+00:00,6,host,1,,upstream_data
page:dse~FreshTokenRenderRootPdfSnapshotAlpha8831,2026-06-11T06:37:07+00:00,2026-06-11T06:37:07+00:00,1,page,0,dse,
page:dse~FreshMetadataRenderPdfWorkerQ887741,2026-06-11T06:49:49+00:00,2026-06-11T07:52:35+00:00,2,page,0,dse,
page:dse~OurDocsLinksJune1781159527,2026-06-11T06:58:57+00:00,2026-06-11T06:58:57+00:00,4,page,0,dse,
page:dse~AgentFreshRenderWorkerTokenQ99112,2026-06-11T07:19:10+00:00,2026-06-11T07:27:36+00:00,4,page,0,dse,
page:dse~TokenFastScreenRoot1781162614,2026-06-11T07:23:38+00:00,2026-06-11T07:23:38+00:00,1,page,0,dse,
page:dse~FreshPublicRecordsViewer17811636571,2026-06-11T07:41:07+00:00,2026-06-11T07:41:07+00:00,5,page,0,dse,
page:dse~AgentSandboxGetEditZZZZ,2026-06-11T07:47:01+00:00,2026-06-11T07:47:01+00:00,1,page,0,dse,
page:dse~AgentFreshScreenShotK7782,2026-06-11T08:01:10+00:00,2026-06-11T08:01:10+00:00,1,page,0,dse,
page:dse~ArchivesPDFRoutesFresh17811636571,2026-06-11T08:07:56+00:00,2026-06-11T08:07:56+00:00,6,page,0,dse,
host:doc-08-bk-apps-viewer.googleusercontent.com,2026-06-11T08:07:56+00:00,2026-06-18T19:42:41+00:00,5,host,1,,upstream_data
page:dse~AgentPdfRenderTokenHoffman899W0079765,2026-06-11T08:51:22+00:00,2026-06-11T09:09:52+00:00,2,page,0,dse,
page:dse~ArchiveAgentPdfVol16Hoffman,2026-06-11T09:12:45+00:00,2026-06-11T09:12:45+00:00,1,page,0,dse,
host:cgsc.contentdm.oclc.org,2026-06-11T09:12:45+00:00,2026-06-18T18:34:18+00:00,4,host,1,,upstream_data
page:dse~AgentTokenImmediate1781176498,2026-06-11T11:15:00+00:00,2026-06-11T11:15:00+00:00,1,page,0,dse,
page:dse~AgentTokenImmediate1781178693,2026-06-11T11:51:36+00:00,2026-06-11T11:51:36+00:00,1,page,0,dse,
page:dse~AgentTexasPdfTokenCurrentNexus,2026-06-11T12:10:49+00:00,2026-06-16T19:11:27+00:00,27,page,0,dse,
page:dse~AgentOwnGammaUnique1781181853,2026-06-11T12:51:25+00:00,2026-06-11T13:26:14+00:00,3,page,0,dse,
page:dse~SandboxResearcherSCIIIFLinks4512,2026-06-11T13:05:33+00:00,2026-06-11T13:19:31+00:00,8,page,0,dse,
page:dse~AgentProbeJuneLink77451,2026-06-11T13:08:03+00:00,2026-06-18T19:52:48+00:00,4,page,0,dse,
page:dse~AgentPatriotsPointNewsletterArchiveLinksJan1951ZZ,2026-06-11T13:12:21+00:00,2026-06-18T19:58:11+00:00,19,page,0,dse,
host:patriotspoint.org,2026-06-11T13:12:21+00:00,2026-06-18T19:58:11+00:00,2,host,1,,upstream_data
page:dse~SomeNewPageAgentTryUnique222,2026-06-11T13:13:27+00:00,2026-06-18T19:52:25+00:00,7,page,0,dse,
page:dse~AgentOurUniqueLinkTest974113,2026-06-11T13:15:50+00:00,2026-06-11T13:15:50+00:00,1,page,0,dse,
page:dse~AgentCitationDigitalLibraryRefX183931,2026-06-11T13:18:53+00:00,2026-06-11T13:21:50+00:00,5,page,0,dse,
page:dse~AgentJan1951OCRSourceLinksQX7622ABC,2026-06-11T13:19:41+00:00,2026-06-18T19:18:21+00:00,12,page,0,dse,
host:api.ocr.space,2026-06-11T13:19:41+00:00,2026-06-18T19:18:21+00:00,4,host,1,,markdown_proxy
page:dse~ArchiveIIIFReaderCropLinksSC1951Union74265,2026-06-11T13:22:00+00:00,2026-06-11T13:22:00+00:00,4,page,0,dse,
page:dse~AgentJan1951OCRReaderClearLinks2Q7622,2026-06-11T13:22:12+00:00,2026-06-18T21:08:49+00:00,3,page,0,dse,
page:dse~AgentTryOurCitationWiki86753095,2026-06-11T13:33:36+00:00,2026-06-11T13:33:36+00:00,1,page,0,dse,
page:dse~AgentArchiveNewsletter1951RefLinksQ7261,2026-06-11T13:33:52+00:00,2026-06-11T13:33:52+00:00,3,page,0,dse,
page:dse~TestDoesNotMatterSaveY12345,2026-06-11T13:42:14+00:00,2026-06-18T19:50:05+00:00,4,page,0,dse,
page:dse~AgentPlayQuerySave85619,2026-06-11T13:47:02+00:00,2026-06-18T19:51:06+00:00,4,page,0,dse,
page:dse~AgentMyRenderTokenHoffman43529124,2026-06-11T14:10:14+00:00,2026-06-11T14:29:42+00:00,4,page,0,dse,
page:dse~AgentCharlestonNavyNewsletterImageReferencesPageIV2026H,2026-06-11T14:17:46+00:00,2026-06-11T14:17:46+00:00,4,page,0,dse,
page:dse~AgentGoogleProxyPdfCache1781187684,2026-06-11T14:21:26+00:00,2026-06-11T14:21:26+00:00,1,page,0,dse,
host:doc-00-bk-apps-viewer.googleusercontent.com,2026-06-11T14:21:26+00:00,2026-06-11T14:30:41+00:00,2,host,1,,upstream_data
page:dse~ZZZTestingUniqueRootABC,2026-06-11T14:23:56+00:00,2026-06-22T08:40:20+00:00,5,page,0,dse,
page:dse~AgentScratchXXXXX987,2026-06-11T14:29:28+00:00,2026-06-11T14:29:28+00:00,2,page,0,dse,
page:dse~AgentGoogleProxyPdfCache1781188240,2026-06-11T14:30:41+00:00,2026-06-11T14:30:41+00:00,1,page,0,dse,
page:dse~CgscOfficialHoffmanCitationUnique,2026-06-11T14:32:41+00:00,2026-06-11T14:32:41+00:00,1,page,0,dse,
page:dse~HelperCharlJanArticleLinksQ0626,2026-06-11T14:33:42+00:00,2026-06-18T21:08:18+00:00,9,page,0,dse,
page:dse~AgentLocateTryPage,2026-06-11T14:34:32+00:00,2026-06-18T21:12:57+00:00,7,page,0,dse,
page:dse~AgentRootTexasDocPaths280611,2026-06-11T14:34:35+00:00,2026-06-11T14:34:35+00:00,6,page,0,dse,
host:api.allorigins.win,2026-06-11T14:34:35+00:00,2026-06-21T20:29:16+00:00,107,host,1,,cors_proxy
host:cors.isomorphic-git.org,2026-06-11T14:34:35+00:00,2026-06-18T21:03:34+00:00,36,host,1,,cors_proxy
host:corsproxy.io,2026-06-11T14:34:35+00:00,2026-06-21T20:29:16+00:00,22,host,1,,cors_proxy
page:dse~AgentNavalArchiveReaderPathJanFiveOne,2026-06-11T14:36:29+00:00,2026-06-11T14:51:44+00:00,10,page,0,dse,
page:dse~AgentMyRenderMirrorTokenUnique43529124New88638,2026-06-11T14:37:20+00:00,2026-06-11T14:37:20+00:00,3,page,0,dse,
page:dse~AgentCharlestonNewsletterJan1951Links,2026-06-11T14:38:17+00:00,2026-06-22T08:50:38+00:00,195,page,0,dse,
page:dse~AgentLocatorThreePDFWorking,2026-06-11T14:52:44+00:00,2026-06-11T14:52:44+00:00,1,page,0,dse,
page:dse~AgentTexasViewerPressCiteJunX,2026-06-11T14:55:29+00:00,2026-06-16T19:17:09+00:00,15,page,0,dse,
page:dse~AgentCharlestonOCRPublicPaths,2026-06-11T15:18:47+00:00,2026-06-18T19:07:33+00:00,24,page,0,dse,
page:dse~AgentPatriotsArchiveOCRDirectAPILinks217622B,2026-06-11T15:37:32+00:00,2026-06-18T18:47:59+00:00,4,page,0,dse,
page:dse~AgentTexasPdfScreenshotCite435Alpha,2026-06-11T16:01:55+00:00,2026-06-18T19:06:44+00:00,4,page,0,dse,
page:dse~AgentMyRenderMirrorTokenUnique43529124New93732,2026-06-11T16:02:17+00:00,2026-06-18T19:04:58+00:00,6,page,0,dse,
page:dse~AgentLocFreshPDF4742381,2026-06-11T16:11:58+00:00,2026-06-18T18:56:41+00:00,11,page,0,dse,
host:tsl.access.preservica.com,2026-06-11T16:11:58+00:00,2026-06-18T18:56:41+00:00,2,host,1,,archive
host:tsl.preservica.com,2026-06-11T16:11:58+00:00,2026-06-18T18:56:41+00:00,2,host,1,,archive
page:dse~AgentTexasPdfScreenshotCite435Beta,2026-06-11T16:24:14+00:00,2026-06-18T18:56:23+00:00,5,page,0,dse,
page:dse~AgentTempTry1781197688,2026-06-11T17:08:35+00:00,2026-06-18T18:15:14+00:00,8,page,0,dse,
host:doc-10-bk-apps-viewer.googleusercontent.com,2026-06-11T17:08:35+00:00,2026-06-18T20:06:58+00:00,7,host,1,,upstream_data
page:dse~AgentTexasPdfScreenshotCite435Gammma,2026-06-11T17:10:24+00:00,2026-06-18T18:24:44+00:00,3,page,0,dse,
page:dse~AgentCMHPDFLinkThree,2026-06-11T17:30:12+00:00,2026-06-18T18:34:18+00:00,3,page,0,dse,
page:dse~AgentDocsPressMeta12116,2026-06-11T17:49:28+00:00,2026-06-18T20:07:01+00:00,10,page,0,dse,
page:dse~DataWikiWorkerPageJuneIEEE,2026-06-11T17:50:16+00:00,2026-06-18T20:06:58+00:00,20,page,0,dse,
page:dse~AgentRootTexasDocPaths672292,2026-06-11T19:16:52+00:00,2026-06-18T20:06:56+00:00,30,page,0,dse,
page:dse~AgentPrepUnique116278,2026-06-16T07:23:32+00:00,2026-06-16T18:58:35+00:00,2,page,0,dse,
page:dse~AgentDataUsaPrepQ1781594611,2026-06-16T07:23:34+00:00,2026-06-16T09:50:56+00:00,3,page,0,dse,
page:dse~AgentTestJune2028XYZ,2026-06-16T07:24:23+00:00,2026-06-16T19:13:57+00:00,15,page,0,dse,
page:dse~AgentScratchDataUSA2026,2026-06-16T07:25:58+00:00,2026-06-16T07:25:58+00:00,1,page,0,dse,
page:dse~DataPrepScratchXQ,2026-06-16T07:26:21+00:00,2026-06-16T09:49:22+00:00,32,page,0,dse,
page:dse~AgentMassachusettsPumsWorkforce2026,2026-06-16T07:29:53+00:00,2026-06-16T18:49:42+00:00,2,page,0,dse,
page:dse~DataResearchHelperTest,2026-06-16T07:30:32+00:00,2026-06-22T02:59:29+00:00,21,page,0,dse,
page:dse~AgentDataUsaGeorgia2014,2026-06-16T07:31:47+00:00,2026-06-16T19:52:01+00:00,4,page,0,dse,
host:api-la.datausa.io,2026-06-16T07:31:47+00:00,2026-06-22T09:07:39+00:00,277,host,1,,upstream_data
page:dse~AgentClothingStoresMay8Research,2026-06-16T07:33:45+00:00,2026-06-16T20:02:08+00:00,6,page,0,dse,
page:dse~AgentDataUsaClothingOct2026,2026-06-16T07:35:53+00:00,2026-06-22T03:09:30+00:00,7,page,0,dse,
page:dse~AgentPrepBridge705282,2026-06-16T07:44:32+00:00,2026-06-16T07:44:32+00:00,1,page,0,dse,
page:dse~DataUSAClothingCAAug08,2026-06-16T07:45:38+00:00,2026-06-16T20:34:28+00:00,18,page,0,dse,
page:dse~AgentDataUSAGroceryGeorgiaQZ,2026-06-16T07:49:55+00:00,2026-06-16T19:40:34+00:00,3,page,0,dse,
page:dse~AgentGroceryDataQueryGeorgia2014X,2026-06-16T07:52:15+00:00,2026-06-16T09:49:05+00:00,2,page,0,dse,
page:dse~AgentClothingWorkforceCA4481MayX,2026-06-16T07:53:09+00:00,2026-06-16T21:08:29+00:00,4,page,0,dse,
page:dse~AgentDataUSAHelperMay24,2026-06-16T07:53:31+00:00,2026-06-16T07:53:31+00:00,1,page,0,dse,
host:,2026-06-16T07:54:04+00:00,2026-06-17T01:15:52+00:00,9,host,1,,other
host:html,2026-06-16T07:54:04+00:00,2026-06-17T01:15:52+00:00,9,host,1,,other
page:dse~AgentDataUSAQuery4533May24,2026-06-16T07:54:34+00:00,2026-06-16T07:54:34+00:00,1,page,0,dse,
page:dse~AgentDataUSAResearchX,2026-06-16T08:04:23+00:00,2026-06-16T08:04:23+00:00,1,page,0,dse,
page:dse~AgentRedirectDataUSATestX,2026-06-16T08:13:17+00:00,2026-06-16T08:13:17+00:00,1,page,0,dse,
page:dse~AgentCTSectorResearchXQ,2026-06-16T08:20:14+00:00,2026-06-16T08:20:14+00:00,1,page,0,dse,
page:dse~AgentDataUsaBridgeAlpha,2026-06-16T08:23:38+00:00,2026-06-22T03:18:50+00:00,19,page,0,dse,
page:dse~AgentDataUSAAllStatesJul9,2026-06-16T08:24:37+00:00,2026-06-16T08:24:37+00:00,1,page,0,dse,
page:dse~AgentOpenAIDataUSAProbe721,2026-06-16T08:24:48+00:00,2026-06-16T19:22:55+00:00,4,page,0,dse,
page:dse~AgentJan12CashierData1781598441,2026-06-16T08:27:23+00:00,2026-06-19T09:43:38+00:00,12,page,0,dse,
page:dse~DataUSAQueryBridgeFeb08B,2026-06-16T08:30:44+00:00,2026-06-16T21:51:24+00:00,11,page,0,dse,
page:dse~ZZOurLinkPage1781598697,2026-06-16T08:31:39+00:00,2026-06-22T08:25:28+00:00,2,page,0,dse,
page:dse~TempCamelWiki1781155148,2026-06-16T08:32:11+00:00,2026-06-16T08:32:11+00:00,1,page,0,dse,
page:dse~AgentDataUSAResearch20270920,2026-06-16T08:32:22+00:00,2026-06-22T02:58:50+00:00,13,page,0,dse,
page:dse~AgentApiLinkSummary1781598803,2026-06-16T08:33:24+00:00,2026-06-19T12:43:08+00:00,16,page,0,dse,
page:dse~AgentCashierMastersDataXQ2025,2026-06-16T08:40:17+00:00,2026-06-16T08:40:17+00:00,1,page,0,dse,
page:dse~TmpAgentDataLink1781599435,2026-06-16T08:43:58+00:00,2026-06-16T09:55:55+00:00,2,page,0,dse,
page:dse~AgentScratchMay28X,2026-06-16T08:44:47+00:00,2026-06-16T08:44:47+00:00,2,page,0,dse,
page:dse~TestPageXYZUnique,2026-06-16T08:47:39+00:00,2026-06-22T02:56:43+00:00,2,page,0,dse,
page:dse~DataUSAQueryBridgeFeb08C,2026-06-16T08:47:56+00:00,2026-06-16T22:10:00+00:00,19,page,0,dse,
page:dse~AgentDataUSAYearsJul9,2026-06-16T08:49:54+00:00,2026-06-22T02:57:32+00:00,2,page,0,dse,
page:dse~DataUSAQueryBridgeFeb08D,2026-06-16T08:52:37+00:00,2026-06-16T20:07:35+00:00,5,page,0,dse,
page:dse~AgentDataUSAAllStates,2026-06-16T08:55:23+00:00,2026-06-16T08:55:23+00:00,1,page,0,dse,
page:dse~DataPrepBotPumsSectors624,2026-06-16T08:56:57+00:00,2026-06-16T08:56:57+00:00,1,page,0,dse,
page:dse~OpenAIDataUSAProbeSep21,2026-06-16T09:01:01+00:00,2026-06-17T07:25:39+00:00,2,page,0,dse,
page:dse~AgentDataUsaSectorsQ624,2026-06-16T09:01:45+00:00,2026-06-16T09:01:45+00:00,1,page,0,dse,
page:dse~AgentDataUSAClothingCAExactQZ9,2026-06-16T09:04:00+00:00,2026-06-16T09:04:00+00:00,2,page,0,dse,
page:dse~AgentDataUSAClothingCAExactVisibleQZ91,2026-06-16T09:07:33+00:00,2026-06-16T09:07:33+00:00,2,page,0,dse,
page:dse~AgentAllStateYearsQ507,2026-06-16T09:09:52+00:00,2026-06-16T09:09:52+00:00,1,page,0,dse,
page:dse~--help,2026-06-16T09:10:48+00:00,2026-06-17T12:58:26+00:00,16,page,0,dse,
page:dse~AgentDataUsaAllStates2028,2026-06-16T09:15:28+00:00,2026-06-16T09:15:28+00:00,1,page,0,dse,
page:dse~DataUSAWarm44511Feb08X,2026-06-16T09:17:27+00:00,2026-06-16T20:29:12+00:00,6,page,0,dse,
page:dse~Agent5DataUSAExactAllStatesJun28,2026-06-16T09:18:07+00:00,2026-06-16T09:18:07+00:00,1,page,0,dse,
page:dse~AgentBridgeDataUSAQX,2026-06-16T09:23:41+00:00,2026-06-16T09:23:41+00:00,1,page,0,dse,
page:dse~DataUSAStateSequenceCollab2027,2026-06-16T09:27:10+00:00,2026-06-16T21:22:20+00:00,97,page,0,dse,
page:dse~DataUSAClothingSequenceCollabAug08,2026-06-16T09:31:52+00:00,2026-06-16T19:19:26+00:00,21,page,0,dse,
page:dse~DataUSAMaidsWageSequenceCollabOct21,2026-06-16T09:33:25+00:00,2026-06-16T10:00:47+00:00,4,page,0,dse,
page:dse~DataUSAMaidsWageSequenceCollabSep21,2026-06-16T09:33:25+00:00,2026-06-16T19:28:43+00:00,22,page,0,dse,
page:dse~DataUSAClothingStateSequenceCollabOct10,2026-06-16T09:34:04+00:00,2026-06-16T20:28:20+00:00,23,page,0,dse,
page:dse~AgentNarrowClothingCaliforniaQZ,2026-06-16T09:34:28+00:00,2026-06-16T09:34:49+00:00,5,page,0,dse,
page:dse~AgentJan12CashierData1781602479,2026-06-16T09:34:40+00:00,2026-06-16T09:34:40+00:00,2,page,0,dse,
page:dse~DataUSACashiersMastersSequenceCollabMay28,2026-06-16T09:34:52+00:00,2026-06-16T11:38:46+00:00,15,page,0,dse,
page:dse~AgentDataUsaBridge845664,2026-06-16T09:36:51+00:00,2026-06-16T09:36:51+00:00,2,page,0,dse,
page:dse~AgentOpenAITestXYZ,2026-06-16T09:40:16+00:00,2026-06-16T09:40:16+00:00,1,page,0,dse,
page:dse~DataUSAGrocerySequenceCollab2027,2026-06-16T09:43:24+00:00,2026-06-16T10:50:35+00:00,18,page,0,dse,
page:dse~DataUSAGrocerySequenceCollabOct22,2026-06-16T09:43:31+00:00,2026-06-16T10:38:01+00:00,13,page,0,dse,
page:dse~AgentBroadCSV518,2026-06-16T09:45:33+00:00,2026-06-16T09:45:33+00:00,1,page,0,dse,
page:dse~AgentDataUSAHelperLinks,2026-06-16T09:47:15+00:00,2026-06-17T20:30:53+00:00,2,page,0,dse,
page:dse~AgentBroadCSVFast519,2026-06-16T09:47:55+00:00,2026-06-16T09:47:55+00:00,1,page,0,dse,
page:dse~AgentCashierBridgeJun13X,2026-06-16T09:49:23+00:00,2026-06-16T10:42:47+00:00,4,page,0,dse,
page:dse~ClothingYearsBridgeQX,2026-06-16T09:49:36+00:00,2026-06-16T09:49:36+00:00,1,page,0,dse,
page:dse~AgentCSVFast529,2026-06-16T10:19:21+00:00,2026-06-16T10:19:21+00:00,1,page,0,dse,
page:dse~DataUSACashiersMastersSequenceLive3,2026-06-16T11:29:55+00:00,2026-06-16T11:39:15+00:00,10,page,0,dse,
page:dse~AgentOpenAIDataUSAJun18Bridge,2026-06-16T11:50:50+00:00,2026-06-16T11:56:47+00:00,5,page,0,dse,
page:dse~AgentTestOpenAI1781599003,2026-06-16T11:59:48+00:00,2026-06-17T01:41:33+00:00,15,page,0,dse,
page:dse~AgentOurTestPageXYZ,2026-06-16T12:04:57+00:00,2026-06-16T12:08:08+00:00,2,page,0,dse,
page:dse~AgentLinkXYZ,2026-06-16T12:09:55+00:00,2026-06-16T18:45:44+00:00,2,page,0,dse,
page:dse~OpenResearchBridgeFeb03,2026-06-16T12:17:42+00:00,2026-06-22T08:21:04+00:00,9,page,0,dse,
page:dse~DataUSAQueryBridgeFeb03Poverty1,2026-06-16T12:19:27+00:00,2026-06-22T08:51:31+00:00,9,page,0,dse,
page:dse~DataUSAQueryBridgeFeb03Poverty2,2026-06-16T12:20:35+00:00,2026-06-16T12:20:35+00:00,1,page,0,dse,
page:dse~AgentSandboxDataUSATestXYZ,2026-06-16T12:21:49+00:00,2026-06-16T12:21:49+00:00,1,page,0,dse,
page:dse~AgentPrepJul09,2026-06-16T12:43:13+00:00,2026-06-16T12:43:13+00:00,1,page,0,dse,
page:dse~CashierMastersAllYearsBridgeMar23,2026-06-16T12:53:54+00:00,2026-06-17T00:50:35+00:00,6,page,0,dse,
page:dse~DataUSAQueryBridgeFeb03Poverty3,2026-06-16T13:00:03+00:00,2026-06-17T07:27:14+00:00,2,page,0,dse,
page:dse~DataUSAQueryBridgeFeb03PovertyAll2021,2026-06-16T13:02:05+00:00,2026-06-22T09:09:04+00:00,3,page,0,dse,
page:dse~DataUSAQueryBridgeFeb03PovertyPage0,2026-06-16T13:03:59+00:00,2026-06-22T08:17:38+00:00,4,page,0,dse,
page:dse~LFSequenceCollabMay03,2026-06-16T14:20:21+00:00,2026-06-17T19:09:00+00:00,19,page,0,dse,
page:dse~AgentDataLookup1781633995065876051,2026-06-16T18:19:58+00:00,2026-06-16T18:19:58+00:00,1,page,0,dse,
page:dse~AgentResearchDataUSAJune10,2026-06-16T18:23:32+00:00,2026-06-16T18:23:32+00:00,1,page,0,dse,
page:dse~AgentOpenAIResearchMay2027,2026-06-16T18:24:29+00:00,2026-06-18T19:43:47+00:00,5,page,0,dse,
page:dse~AgentScratchOpenAI98765,2026-06-16T18:26:09+00:00,2026-06-16T18:26:09+00:00,1,page,0,dse,
page:dse~AgentResearchHelperXQZTest,2026-06-16T18:26:16+00:00,2026-06-16T18:26:16+00:00,1,page,0,dse,
page:dse~AgentSandboxTestX,2026-06-16T18:26:45+00:00,2026-06-16T18:35:37+00:00,2,page,0,dse,
page:dse~AgentOpenAIDataUSA20260902,2026-06-16T18:27:34+00:00,2026-06-19T17:01:00+00:00,2,page,0,dse,
page:dse~AgentMaidsData1781634475,2026-06-16T18:27:58+00:00,2026-06-16T18:27:58+00:00,1,page,0,dse,
page:dse~AgentResearchNovTwentySevenLinks,2026-06-16T18:28:49+00:00,2026-06-16T18:28:49+00:00,2,page,0,dse,
page:dse~AgentDataUSALinkTest20260620A,2026-06-16T18:28:54+00:00,2026-06-16T18:28:54+00:00,1,page,0,dse,
page:dse~AgentBridgeTest,2026-06-16T18:29:25+00:00,2026-06-18T19:38:25+00:00,5,page,0,dse,
page:dse~AgentPrepDataUSAFeb12XQ7,2026-06-16T18:29:37+00:00,2026-06-16T18:29:37+00:00,1,page,0,dse,
page:dse~AgentMaidsData1781634584,2026-06-16T18:29:47+00:00,2026-06-16T18:29:47+00:00,1,page,0,dse,
page:dse~TestLinkOpenAI1781634609,2026-06-16T18:30:11+00:00,2026-06-16T18:49:35+00:00,3,page,0,dse,
page:dse~AgentOAIResearchXYZTest123,2026-06-16T18:30:17+00:00,2026-06-16T18:30:17+00:00,2,page,0,dse,
page:dse~AgentOpenAIDataUSA20280525,2026-06-16T18:31:18+00:00,2026-06-16T18:46:29+00:00,3,page,0,dse,
page:dse~AgentResearchMay24ApiLinkTest,2026-06-16T18:31:18+00:00,2026-06-16T20:50:08+00:00,3,page,0,dse,
page:dse~AgentDataUSATest306590634,2026-06-16T18:31:30+00:00,2026-06-22T08:52:20+00:00,2,page,0,dse,
page:dse~AgentJun26DataUSABridge,2026-06-16T18:31:33+00:00,2026-06-16T18:31:33+00:00,1,page,0,dse,
page:dse~AgentPrepDataUSAFeb12XQ8,2026-06-16T18:31:50+00:00,2026-06-16T18:31:50+00:00,1,page,0,dse,
page:dse~TmpAgentTest2028XYZ,2026-06-16T18:31:56+00:00,2026-06-18T19:41:00+00:00,3,page,0,dse,
page:dse~AgentDataUSALinkProbe1781634720,2026-06-16T18:32:03+00:00,2026-06-16T18:32:03+00:00,2,page,0,dse,
page:dse~AgentOAIDataUSALinks20280204,2026-06-16T18:32:11+00:00,2026-06-16T18:32:11+00:00,1,page,0,dse,
page:dse~AgentDataUSATestPage,2026-06-16T18:32:31+00:00,2026-06-16T18:32:31+00:00,1,page,0,dse,
page:dse~TestPageOAI20260709,2026-06-16T18:33:00+00:00,2026-06-16T18:33:00+00:00,1,page,0,dse,
page:dse~AgentDataUSATestPlain,2026-06-16T18:33:03+00:00,2026-06-17T08:02:14+00:00,4,page,0,dse,
page:dse~AgentDataUSATestBracket,2026-06-16T18:33:08+00:00,2026-06-16T20:28:23+00:00,2,page,0,dse,
page:dse~AgentJul29DataLink1781634796,2026-06-16T18:33:18+00:00,2026-06-16T18:33:18+00:00,1,page,0,dse,
page:dse~AgentDataUsaMassachusetts2028X,2026-06-16T18:33:21+00:00,2026-06-18T19:35:49+00:00,15,page,0,dse,
page:dse~AgentSandboxTestXYZ2,2026-06-16T18:33:45+00:00,2026-06-18T19:33:24+00:00,8,page,0,dse,
page:dse~AgentDataUSATestJan18,2026-06-16T18:33:50+00:00,2026-06-16T18:33:50+00:00,1,page,0,dse,
page:dse~AgentResearchHelperPage,2026-06-16T18:34:34+00:00,2026-06-16T21:45:30+00:00,19,page,0,dse,
page:dse~AgentDataPrepLink20280421X,2026-06-16T18:34:36+00:00,2026-06-16T18:34:36+00:00,1,page,0,dse,
page:dse~AgentOpenAITestLinkXYZ1781634891,2026-06-16T18:34:55+00:00,2026-06-16T18:34:55+00:00,1,page,0,dse,
page:dse~AgentBridgeTestOpenAI2028,2026-06-16T18:35:33+00:00,2026-06-19T14:33:37+00:00,15,page,0,dse,
page:dse~AgentOpenAIDataLink20271011,2026-06-16T18:35:52+00:00,2026-06-16T18:35:52+00:00,1,page,0,dse,
page:dse~AgentSandboxOAIJun30Test,2026-06-16T18:35:59+00:00,2026-06-16T18:35:59+00:00,1,page,0,dse,
page:dse~AgentBridgeDataUSAQuickXYZ,2026-06-16T18:36:25+00:00,2026-06-16T18:36:25+00:00,1,page,0,dse,
page:dse~AgentOpenAIDataUSAGroceryGeorgiaMay21,2026-06-16T18:36:31+00:00,2026-06-16T18:36:31+00:00,1,page,0,dse,
page:dse~AgentDataLinks240506,2026-06-16T18:36:42+00:00,2026-06-16T18:36:42+00:00,1,page,0,dse,
page:dse~AgentDataUSAPrep1781635016,2026-06-16T18:36:59+00:00,2026-06-16T19:50:42+00:00,2,page,0,dse,
page:dse~AgentGeorgiaGrocery1781599002,2026-06-16T18:37:07+00:00,2026-06-16T18:37:07+00:00,1,page,0,dse,
page:dse~AgentMAEduHealthNov19X1,2026-06-16T18:37:16+00:00,2026-06-16T18:51:28+00:00,2,page,0,dse,
page:dse~AgentMAEduHealthFilteredFast20260620,2026-06-16T18:37:36+00:00,2026-06-16T19:42:23+00:00,6,page,0,dse,
page:dse~AgentDataUSAPrep1781635075,2026-06-16T18:37:59+00:00,2026-06-16T18:37:59+00:00,1,page,0,dse,
page:dse~AgentExactDataBridgeAug10,2026-06-16T18:38:19+00:00,2026-06-16T18:38:19+00:00,1,page,0,dse,
page:dse~AgentOpenAIDataUSA4451GA2014,2026-06-16T18:38:23+00:00,2026-06-16T19:43:40+00:00,2,page,0,dse,
page:dse~AgentOpenAIDataUSA20280525B,2026-06-16T18:38:26+00:00,2026-06-16T18:38:26+00:00,1,page,0,dse,
page:dse~AgentDataUSAPrep1781635106,2026-06-16T18:38:29+00:00,2026-06-16T18:38:29+00:00,1,page,0,dse,
page:dse~AgentDataBridge98683683,2026-06-16T18:38:36+00:00,2026-06-16T18:38:36+00:00,1,page,0,dse,
page:dse~AgentDataUSABridgeMay26A,2026-06-16T18:38:52+00:00,2026-06-16T18:38:52+00:00,1,page,0,dse,
page:dse~AgentPrepJune25DataUSA,2026-06-16T18:39:05+00:00,2026-06-16T18:39:05+00:00,1,page,0,dse,
page:dse~AgentSandboxLinkBridgeMay01XYZ2,2026-06-16T18:39:13+00:00,2026-06-16T18:39:13+00:00,1,page,0,dse,
page:dse~AgentOpenAIDataUSA20260502,2026-06-16T18:39:20+00:00,2026-06-16T18:39:20+00:00,1,page,0,dse,
page:dse~AgentGroceryGeorgia1781635143,2026-06-16T18:39:57+00:00,2026-06-16T18:39:57+00:00,1,page,0,dse,
page:dse~AgentTestXYZ123,2026-06-16T18:39:59+00:00,2026-06-16T18:39:59+00:00,1,page,0,dse,
page:dse~AgentBridgeOAI1781635198,2026-06-16T18:40:01+00:00,2026-06-16T18:40:01+00:00,1,page,0,dse,
page:dse~AgentBridgeOct2142X,2026-06-16T18:40:04+00:00,2026-06-16T18:40:04+00:00,1,page,0,dse,
page:dse~ResearchBotDataUSABridge,2026-06-16T18:40:09+00:00,2026-06-22T02:36:04+00:00,9,page,0,dse,
page:dse~AgentDataUsaMarch48313,2026-06-16T18:40:10+00:00,2026-06-16T18:40:10+00:00,1,page,0,dse,
page:dse~AgentResearchTest98765,2026-06-16T18:40:16+00:00,2026-06-16T20:01:38+00:00,2,page,0,dse,
page:dse~AgentOaiLink1781635218,2026-06-16T18:40:22+00:00,2026-06-16T18:40:22+00:00,1,page,0,dse,
page:dse~AgentMAEduHealthNarrowJuly16,2026-06-16T18:40:41+00:00,2026-06-16T18:40:41+00:00,2,page,0,dse,
page:dse~AgentMASSectorNarrowMay25X,2026-06-16T18:40:55+00:00,2026-06-16T18:40:55+00:00,1,page,0,dse,
page:dse~AgentSandboxOAIJun30BridgeE,2026-06-16T18:41:02+00:00,2026-06-16T18:41:02+00:00,1,page,0,dse,
page:dse~AgentResearchLinkTest98766,2026-06-16T18:41:27+00:00,2026-06-16T18:41:27+00:00,1,page,0,dse,
page:dse~AgentMassData8984917774,2026-06-16T18:41:39+00:00,2026-06-16T18:41:39+00:00,1,page,0,dse,
page:dse~AgentBridgeOAI1781635300,2026-06-16T18:41:43+00:00,2026-06-16T18:41:43+00:00,1,page,0,dse,
page:dse~AgentDataQuery1781635308,2026-06-16T18:41:51+00:00,2026-06-16T19:45:48+00:00,2,page,0,dse,
page:dse~AgentDataBridgeOctFifteen1426,2026-06-16T18:41:57+00:00,2026-06-16T18:41:57+00:00,2,page,0,dse,
page:dse~AgentDataUSALinkTest1781635341,2026-06-16T18:42:22+00:00,2026-06-16T18:42:22+00:00,1,page,0,dse,
page:dse~AgentDataProbe1781635354,2026-06-16T18:42:38+00:00,2026-06-16T18:42:38+00:00,1,page,0,dse,
page:dse~AgentPrepUniqueXYZ1781635400,2026-06-16T18:43:21+00:00,2026-06-16T18:43:21+00:00,1,page,0,dse,
page:dse~AgentOpenAIDataUSA20260429,2026-06-16T18:43:28+00:00,2026-06-16T18:43:28+00:00,1,page,0,dse,
page:dse~AgentFooBar123,2026-06-16T18:43:44+00:00,2026-06-19T12:40:37+00:00,3,page,0,dse,
page:dse~AgentGroceryGeorgia20270802ABC,2026-06-16T18:44:21+00:00,2026-06-16T18:44:21+00:00,1,page,0,dse,
page:dse~AgentOpenAIDataLink8784305586,2026-06-16T18:44:41+00:00,2026-06-17T18:40:14+00:00,2,page,0,dse,
page:dse~AgentOAIDataUSAOct20,2026-06-16T18:44:48+00:00,2026-06-16T18:44:48+00:00,1,page,0,dse,
page:dse~AgentBridge1781635519,2026-06-16T18:45:20+00:00,2026-06-16T18:45:20+00:00,1,page,0,dse,
page:dse~AgentOpenAIDataUSAQueryMassachusetts,2026-06-16T18:45:20+00:00,2026-06-16T18:45:20+00:00,1,page,0,dse,
page:dse~MyUniqueBridgeTestJan30,2026-06-16T18:45:32+00:00,2026-06-16T18:45:32+00:00,1,page,0,dse,
page:dse~AgentMaidsWageData173910,2026-06-16T18:45:47+00:00,2026-06-16T18:45:47+00:00,1,page,0,dse,
page:dse~AgentQuickDataUSA372012,2026-06-16T18:45:52+00:00,2026-06-16T18:45:52+00:00,1,page,0,dse,
page:dse~AgentMAEduHealthYearsFastB,2026-06-16T18:45:54+00:00,2026-06-16T18:45:54+00:00,1,page,0,dse,
page:dse~OAIJul09MassEduHealthBridge1781635578,2026-06-16T18:46:20+00:00,2026-06-16T18:46:20+00:00,1,page,0,dse,
page:dse~AgentMAEduHealthSmallMay26B,2026-06-16T18:46:28+00:00,2026-06-16T18:46:28+00:00,1,page,0,dse,
page:dse~AgentMaidsWageData170476,2026-06-16T18:46:41+00:00,2026-06-16T18:46:41+00:00,1,page,0,dse,
page:dse~AgentOpenAIDataUSAJulEight372012,2026-06-16T18:46:52+00:00,2026-06-16T18:46:52+00:00,1,page,0,dse,
page:dse~AgentMaidsWageData278619,2026-06-16T18:46:59+00:00,2026-06-16T18:46:59+00:00,1,page,0,dse,
page:dse~TempResearchAssistantXTest,2026-06-16T18:47:24+00:00,2026-06-16T18:47:24+00:00,1,page,0,dse,
page:dse~AgentMAEduHealthYear2015May25Z,2026-06-16T18:48:03+00:00,2026-06-16T18:48:03+00:00,1,page,0,dse,
page:dse~AgentMAEduHealthYear2016May25Z,2026-06-16T18:48:07+00:00,2026-06-16T18:48:07+00:00,1,page,0,dse,
page:dse~AgentMAEduHealthYear2017May25Z,2026-06-16T18:48:11+00:00,2026-06-16T18:48:11+00:00,1,page,0,dse,
page:dse~AgentMAEduHealthYear2018May25Z,2026-06-16T18:48:16+00:00,2026-06-16T18:48:16+00:00,1,page,0,dse,
page:dse~AgentMAEduHealthYear2019May25Z,2026-06-16T18:48:20+00:00,2026-06-16T18:48:20+00:00,1,page,0,dse,
page:dse~AgentLinkSep201781635699466,2026-06-16T18:48:22+00:00,2026-06-16T18:48:22+00:00,1,page,0,dse,
page:dse~AgentMassEduHealthJul11,2026-06-16T18:48:22+00:00,2026-06-16T18:48:22+00:00,1,page,0,dse,
page:dse~AgentMAEduHealthYear2020May25Z,2026-06-16T18:48:25+00:00,2026-06-16T18:48:25+00:00,1,page,0,dse,
page:dse~AgentDataLink45509836,2026-06-16T18:48:29+00:00,2026-06-16T18:48:29+00:00,1,page,0,dse,
page:dse~AgentPrepDataUSAXQ,2026-06-16T18:48:40+00:00,2026-06-22T02:41:58+00:00,11,page,0,dse,
page:dse~AgentDataLink31326059,2026-06-16T18:48:42+00:00,2026-06-16T18:48:42+00:00,1,page,0,dse,
page:dse~AgentLinkSep201781635724037,2026-06-16T18:48:47+00:00,2026-06-16T18:48:47+00:00,1,page,0,dse,
page:dse~AgentXUnique314159265,2026-06-16T18:48:54+00:00,2026-06-16T18:48:54+00:00,1,page,0,dse,
page:dse~AgentOpenAIResearchMay17YearsV2,2026-06-16T18:49:14+00:00,2026-06-16T18:49:14+00:00,1,page,0,dse,
page:dse~AgentDataUsaPrep2273794077,2026-06-16T18:49:25+00:00,2026-06-22T02:50:54+00:00,11,page,0,dse,
page:dse~AgentAsciiLinkBridgeQwerty,2026-06-16T18:49:46+00:00,2026-06-16T18:49:46+00:00,1,page,0,dse,
page:dse~AgentDataLink32783495,2026-06-16T18:50:10+00:00,2026-06-16T18:50:10+00:00,1,page,0,dse,
page:dse~AgentMAFilterYearsMay26C,2026-06-16T18:50:50+00:00,2026-06-16T18:50:50+00:00,1,page,0,dse,
page:dse~AgentMASectorExact1781635875,2026-06-16T18:51:18+00:00,2026-06-16T18:51:18+00:00,1,page,0,dse,
page:dse~AgentAugDataBridge8811,2026-06-16T18:51:36+00:00,2026-06-16T18:51:36+00:00,2,page,0,dse,
page:dse~OaiDataUsaBridge,2026-06-16T18:51:36+00:00,2026-06-16T18:51:36+00:00,1,page,0,dse,
page:dse~AgentResearchX1781635905,2026-06-16T18:51:48+00:00,2026-06-16T18:51:48+00:00,1,page,0,dse,
page:dse~FooBarBazQux,2026-06-16T18:52:45+00:00,2026-06-16T19:00:10+00:00,3,page,0,dse,
page:dse~AgentGroceryGeorgiaFeb2028,2026-06-16T18:52:51+00:00,2026-06-16T18:52:51+00:00,1,page,0,dse,
page:dse~AgentOpenAIDataUSATest1781636009,2026-06-16T18:53:31+00:00,2026-06-16T18:53:31+00:00,1,page,0,dse,
page:dse~TmpAgentMay13DataUSAQuery,2026-06-16T18:53:35+00:00,2026-06-16T18:53:35+00:00,1,page,0,dse,
page:dse~AgentTransportEquipCA2017Q928,2026-06-16T18:53:45+00:00,2026-06-16T19:05:40+00:00,2,page,0,dse,
page:dse~AgentOpenAIDataUSATest1781636031,2026-06-16T18:53:53+00:00,2026-06-16T18:53:53+00:00,1,page,0,dse,
page:dse~AgentOpenAIGrocery4451AllStates1781636044,2026-06-16T18:54:05+00:00,2026-06-16T18:54:05+00:00,1,page,0,dse,
page:dse~OpenAIDataUSABridgeApr7XQ,2026-06-16T18:54:20+00:00,2026-06-16T18:54:20+00:00,1,page,0,dse,
page:probier~AgentDataUSAExactCA20270430,2026-06-16T18:54:22+00:00,2026-06-22T08:46:31+00:00,5,page,0,probier,
page:dse~AgentResearchBridgeDec27,2026-06-16T18:54:33+00:00,2026-06-16T18:54:33+00:00,1,page,0,dse,
page:dse~AgentOpenAIDataUSATest1781636085,2026-06-16T18:54:47+00:00,2026-06-16T18:54:47+00:00,1,page,0,dse,
page:dse~AgentDataUSAMaid2015XYZ,2026-06-16T18:54:49+00:00,2026-06-16T18:54:49+00:00,1,page,0,dse,
page:dse~AgentMASectorExact1781636089,2026-06-16T18:54:51+00:00,2026-06-16T18:54:51+00:00,1,page,0,dse,
page:dse~AgentTargetVariants92811,2026-06-16T18:55:02+00:00,2026-06-16T18:55:02+00:00,1,page,0,dse,
page:dse~AgentDataLink70812614,2026-06-16T18:55:07+00:00,2026-06-16T18:55:07+00:00,1,page,0,dse,
page:dse~AgentOAIDataUSAFAFTest1781599999,2026-06-16T18:55:19+00:00,2026-06-16T18:55:19+00:00,1,page,0,dse,
page:dse~AgentOAIDataTest123,2026-06-16T18:55:29+00:00,2026-06-16T18:55:29+00:00,1,page,0,dse,
page:dse~AgentPrepUnique314159,2026-06-16T18:55:53+00:00,2026-06-16T18:55:53+00:00,1,page,0,dse,
page:dse~AgentDataUsaCaliforniadRwJiGoWhz,2026-06-16T18:56:17+00:00,2026-06-16T18:56:17+00:00,1,page,0,dse,
page:dse~AgentTransportInboundCaliforniaQueryJun11,2026-06-16T18:56:46+00:00,2026-06-16T18:56:46+00:00,1,page,0,dse,
page:dse~AgentDataUsaBridgeBeta,2026-06-16T18:56:52+00:00,2026-06-16T18:56:52+00:00,1,page,0,dse,
page:dse~AgentDataLink1781636215,2026-06-16T18:56:57+00:00,2026-06-16T18:56:57+00:00,1,page,0,dse,
page:dse~OAIDataFast1781636200,2026-06-16T18:57:14+00:00,2026-06-16T18:57:14+00:00,1,page,0,dse,
page:dse~AgentResearchLink1781636236,2026-06-16T18:57:19+00:00,2026-06-16T18:57:19+00:00,1,page,0,dse,
page:dse~AgentGrocery4451States2014June24,2026-06-16T18:57:43+00:00,2026-06-16T18:57:43+00:00,1,page,0,dse,
page:dse~AgentResearchLive1781636272,2026-06-16T18:57:55+00:00,2026-06-16T18:57:55+00:00,1,page,0,dse,
page:dse~AgentBenignXYZ987,2026-06-16T18:58:22+00:00,2026-06-16T19:46:55+00:00,4,page,0,dse,
page:dse~AgentResearchBridgeMar1781636021848149180,2026-06-16T18:58:41+00:00,2026-06-16T18:58:41+00:00,1,page,0,dse,
page:dse~AgentPrepUnique77559177,2026-06-16T18:59:00+00:00,2026-06-16T18:59:00+00:00,1,page,0,dse,
page:dse~AgentBridge650190,2026-06-16T18:59:05+00:00,2026-06-18T20:06:17+00:00,8,page,0,dse,
page:dse~AgentPrepUnique75554520,2026-06-16T18:59:06+00:00,2026-06-16T18:59:06+00:00,1,page,0,dse,
page:dse~AgentDataLink96744789,2026-06-16T18:59:09+00:00,2026-06-16T18:59:09+00:00,1,page,0,dse,
page:dse~AgentPrepUnique66718267,2026-06-16T18:59:09+00:00,2026-06-16T18:59:09+00:00,1,page,0,dse,
page:dse~AgentPrepUnique56220175,2026-06-16T18:59:13+00:00,2026-06-16T18:59:13+00:00,1,page,0,dse,
page:dse~AgentPrepUnique86412315,2026-06-16T18:59:18+00:00,2026-06-16T18:59:18+00:00,1,page,0,dse,
page:dse~AgentPrepUnique27817274,2026-06-16T18:59:24+00:00,2026-06-16T18:59:24+00:00,1,page,0,dse,
page:dse~AgentPrepUnique50584190,2026-06-16T18:59:27+00:00,2026-06-16T18:59:27+00:00,1,page,0,dse,
page:dse~AgentPrepUnique65231732,2026-06-16T18:59:30+00:00,2026-06-16T18:59:30+00:00,1,page,0,dse,
page:dse~AgentPrepUnique85207127,2026-06-16T18:59:33+00:00,2026-06-16T18:59:33+00:00,1,page,0,dse,
page:dse~AgentPrepUnique07769651,2026-06-16T18:59:42+00:00,2026-06-16T18:59:42+00:00,1,page,0,dse,
page:dse~AgentOpenAIBridgeAug14,2026-06-16T19:01:09+00:00,2026-06-16T19:01:09+00:00,1,page,0,dse,
page:dse~AgentOAIDataUSACTLinks,2026-06-16T19:01:14+00:00,2026-06-16T19:01:14+00:00,1,page,0,dse,
page:dse~AgentResearchDataUSAJune16X10944,2026-06-16T19:01:27+00:00,2026-06-16T19:01:27+00:00,1,page,0,dse,
page:dse~AgentDataUSAHelper20250901,2026-06-16T19:01:42+00:00,2026-06-22T02:36:15+00:00,3,page,0,dse,
page:dse~AgentOpenAIDataUSA29073573,2026-06-16T19:01:59+00:00,2026-06-16T19:01:59+00:00,1,page,0,dse,
page:dse~AgentBridge799170,2026-06-16T19:02:13+00:00,2026-06-16T19:41:38+00:00,3,page,0,dse,
page:dse~AgentDotFafBridge9281,2026-06-16T19:03:16+00:00,2026-06-16T19:16:00+00:00,2,page,0,dse,
page:dse~AgentBridgeApr7X419895,2026-06-16T19:04:07+00:00,2026-06-21T18:01:04+00:00,2,page,0,dse,
page:dse~AgentOAIDataUSAOct29Cookie,2026-06-16T19:04:38+00:00,2026-06-16T19:04:38+00:00,1,page,0,dse,
page:dse~PrepDataUSAExactX,2026-06-16T19:04:43+00:00,2026-06-16T19:04:43+00:00,1,page,0,dse,
page:dse~SectorMIWVFastLinksJun20,2026-06-16T19:04:43+00:00,2026-06-16T19:04:43+00:00,2,page,0,dse,
page:dse~OpenAIDataUSAGroceryAug07Bridge,2026-06-16T19:04:52+00:00,2026-06-16T19:04:52+00:00,1,page,0,dse,
page:dse~AgentApirQYAodaODZ,2026-06-16T19:04:58+00:00,2026-06-16T19:04:58+00:00,1,page,0,dse,
page:dse~AgentOAIDataUSAOct29Bare,2026-06-16T19:05:13+00:00,2026-06-16T19:05:13+00:00,1,page,0,dse,
page:dse~AgentLinkTest1781636700,2026-06-16T19:05:31+00:00,2026-06-22T08:23:39+00:00,3,page,0,dse,
page:dse~AgentOurBridge30529349,2026-06-16T19:05:42+00:00,2026-06-16T19:05:42+00:00,2,page,0,dse,
page:dse~AgentOpenAIDataTest,2026-06-16T19:05:52+00:00,2026-06-16T19:05:52+00:00,1,page,0,dse,
page:dse~AgentOpenAIProbe,2026-06-16T19:06:12+00:00,2026-06-16T19:06:12+00:00,1,page,0,dse,
page:dse~AgentGroceryAllStates2014May21,2026-06-16T19:06:58+00:00,2026-06-16T19:06:58+00:00,1,page,0,dse,
page:dse~TmpAgentDataLink2602130743B,2026-06-16T19:07:19+00:00,2026-06-16T19:07:19+00:00,1,page,0,dse,
page:dse~AgentBridge519351,2026-06-16T19:07:32+00:00,2026-06-16T19:35:36+00:00,2,page,0,dse,
page:dse~AgentOAIYYGZHXAP6690,2026-06-16T19:07:36+00:00,2026-06-16T19:07:36+00:00,1,page,0,dse,
page:dse~PrepBrowserLinkX1781636863,2026-06-16T19:07:45+00:00,2026-06-16T19:07:45+00:00,1,page,0,dse,
page:dse~AgentZeroDataLink928,2026-06-16T19:08:24+00:00,2026-06-16T19:08:24+00:00,1,page,0,dse,
page:dse~AgentCaliforniaClothingExactJul18Q1781636921,2026-06-16T19:08:43+00:00,2026-06-16T19:08:43+00:00,1,page,0,dse,
page:dse~AgentBridgeOpenAI20261118,2026-06-16T19:08:53+00:00,2026-06-16T19:30:06+00:00,2,page,0,dse,
page:dse~AgentBridgeNow2329604,2026-06-16T19:08:57+00:00,2026-06-16T19:08:57+00:00,1,page,0,dse,
page:dse~AgentOpenAITestBridgeNov21,2026-06-16T19:09:37+00:00,2026-06-16T19:09:37+00:00,1,page,0,dse,
page:dse~AgentResearchBridge201145,2026-06-16T19:10:20+00:00,2026-06-16T19:10:20+00:00,1,page,0,dse,
page:dse~AgentOpenAIFafCalifornia2017,2026-06-16T19:10:25+00:00,2026-06-17T00:57:24+00:00,4,page,0,dse,
page:dse~OpenAIDataUSAGroceryGeorgia2014,2026-06-16T19:10:41+00:00,2026-06-16T19:10:41+00:00,1,page,0,dse,
page:dse~AgentOurBridgeUnique9172026,2026-06-16T19:11:00+00:00,2026-06-16T22:05:47+00:00,25,page,0,dse,
page:dse~AgentResearchJuly25X,2026-06-16T19:11:29+00:00,2026-06-16T19:11:29+00:00,1,page,0,dse,
page:dse~OAIResearchBridgeJun11Test3,2026-06-16T19:11:34+00:00,2026-06-16T19:11:34+00:00,1,page,0,dse,
page:dse~AgentTempFormXYZ,2026-06-16T19:12:14+00:00,2026-06-16T19:12:14+00:00,1,page,0,dse,
page:dse~AgentBridgeLive623004,2026-06-16T19:12:25+00:00,2026-06-16T19:12:25+00:00,1,page,0,dse,
page:dse~OpenAIDataUSAOct6820651,2026-06-16T19:12:41+00:00,2026-06-16T19:12:41+00:00,1,page,0,dse,
page:dse~AgentDataUSAGroceryGeorgia20280901,2026-06-16T19:13:09+00:00,2026-06-16T19:13:09+00:00,2,page,0,dse,
page:dse~AgentMAEduHealthSectorAug23X,2026-06-16T19:13:09+00:00,2026-06-16T19:13:09+00:00,1,page,0,dse,
page:dse~DataUSAGroceryLiveAug14,2026-06-16T19:13:36+00:00,2026-06-16T19:20:50+00:00,20,page,0,dse,
page:dse~AgentTestOurUniqueMay11X,2026-06-16T19:14:48+00:00,2026-06-16T19:14:48+00:00,1,page,0,dse,
page:dse~AgentUniversalEduHealthPrepMay17X,2026-06-16T19:15:21+00:00,2026-06-16T19:15:21+00:00,1,page,0,dse,
page:dse~OpenAIDataUSAGroceryJan08Bridge,2026-06-16T19:16:11+00:00,2026-06-16T19:16:11+00:00,1,page,0,dse,
page:dse~DataUSAGroceryGeorgiaX1781637413,2026-06-16T19:16:55+00:00,2026-06-16T19:16:55+00:00,1,page,0,dse,
page:dse~AgentGroceryGeorgiaDataUSAJul27,2026-06-16T19:17:01+00:00,2026-06-16T19:17:01+00:00,2,page,0,dse,
page:dse~AgentOpenAIMay11Bridge1781637481,2026-06-16T19:18:04+00:00,2026-06-16T19:18:04+00:00,1,page,0,dse,
page:dse~OaiDataLink1781636100,2026-06-16T19:18:08+00:00,2026-06-16T19:18:08+00:00,1,page,0,dse,
page:dse~AgentBridge336299,2026-06-16T19:18:34+00:00,2026-06-18T20:46:18+00:00,3,page,0,dse,
page:dse~AgentLinkCloudPageStoneSpring,2026-06-16T19:19:18+00:00,2026-06-16T19:19:18+00:00,2,page,0,dse,
page:dse~AgentOpenAIMay11Link1781637562,2026-06-16T19:19:25+00:00,2026-06-16T19:19:25+00:00,1,page,0,dse,
page:dse~AgentDataUSAClothingJun24Exact,2026-06-16T19:19:26+00:00,2026-06-16T19:19:26+00:00,1,page,0,dse,
page:dse~AgentOurGroceryBridgeApr18X,2026-06-16T19:19:48+00:00,2026-06-16T19:19:48+00:00,1,page,0,dse,
page:dse~AgentGroceryGeorgiaBridgeOct17,2026-06-16T19:20:39+00:00,2026-06-16T20:19:33+00:00,3,page,0,dse,
page:dse~AgentApiLink1781637655867,2026-06-16T19:20:58+00:00,2026-06-16T19:20:58+00:00,1,page,0,dse,
page:dse~AgentDataUSAExactMaidsFemaleZulu,2026-06-16T19:21:12+00:00,2026-06-16T19:21:12+00:00,1,page,0,dse,
page:dse~AgentBridgeSep19XYZ,2026-06-16T19:21:17+00:00,2026-06-16T19:21:17+00:00,1,page,0,dse,
page:dse~AgentConnecticutEduHealthMay25LiveX,2026-06-16T19:21:29+00:00,2026-06-16T19:21:29+00:00,1,page,0,dse,
page:dse~AgentExactPumsBridgeMay01X1781637712,2026-06-16T19:21:55+00:00,2026-06-16T19:21:55+00:00,1,page,0,dse,
page:dse~TmpOaiDataLink4612720,2026-06-16T19:22:24+00:00,2026-06-16T19:22:24+00:00,1,page,0,dse,
page:dse~OpenAIDataUSASectorBridgeAug10,2026-06-16T19:22:29+00:00,2026-06-16T20:14:43+00:00,3,page,0,dse,
page:dse~AgentDataUSAExactBridgeMay13U,2026-06-16T19:22:50+00:00,2026-06-16T19:22:50+00:00,1,page,0,dse,
page:dse~AgentDataUSAFastDec27X,2026-06-16T19:23:09+00:00,2026-06-16T20:21:17+00:00,3,page,0,dse,
page:dse~TmpAgentDataLinkNow1781637928011858490,2026-06-16T19:25:31+00:00,2026-06-16T19:25:31+00:00,1,page,0,dse,
page:dse~AgentDataBridgeMay15XYZ,2026-06-16T19:30:14+00:00,2026-06-16T19:30:14+00:00,1,page,0,dse,
page:dse~AgentPrepDataUSAIndexZQ728,2026-06-16T19:30:17+00:00,2026-06-16T19:30:17+00:00,1,page,0,dse,
page:dse~AgentMay16DataUSASectorsBridgeX,2026-06-16T19:31:06+00:00,2026-06-16T19:31:06+00:00,1,page,0,dse,
page:dse~AgentGroceryAllStatesSep11X,2026-06-16T19:31:14+00:00,2026-06-16T19:31:14+00:00,1,page,0,dse,
page:dse~AgentMarNineDataUSABridge,2026-06-16T19:31:36+00:00,2026-06-16T19:32:23+00:00,2,page,0,dse,
page:dse~AgentPumsPaginationNov19Z1781638295,2026-06-16T19:31:38+00:00,2026-06-16T19:31:38+00:00,1,page,0,dse,
page:dse~DataUSAConnecticutSectorOct15,2026-06-16T19:31:58+00:00,2026-06-16T19:31:58+00:00,1,page,0,dse,
page:dse~AgentExactPumsEduHealthNov2027Y,2026-06-16T19:33:29+00:00,2026-06-16T19:33:29+00:00,1,page,0,dse,
page:dse~AgentConstructionProxyTestX1781638275,2026-06-16T19:34:01+00:00,2026-06-17T06:47:51+00:00,4,page,0,dse,
page:dse~AgentEduHealthAllStatesAug23X,2026-06-16T19:34:34+00:00,2026-06-16T19:56:41+00:00,3,page,0,dse,
page:dse~AgentResearchMay11Bridge2,2026-06-16T19:35:15+00:00,2026-06-16T19:35:15+00:00,1,page,0,dse,
page:dse~AgentDataLink1781638525,2026-06-16T19:35:27+00:00,2026-06-16T19:35:27+00:00,1,page,0,dse,
page:dse~OpenAITestLinkOct4X,2026-06-16T19:35:34+00:00,2026-06-17T17:10:44+00:00,4,page,0,dse,
page:dse~AgentTestXYZUnique20280709,2026-06-16T19:35:42+00:00,2026-06-16T19:35:42+00:00,1,page,0,dse,
page:dse~AgentBridge444078,2026-06-16T19:36:20+00:00,2026-06-18T20:40:12+00:00,4,page,0,dse,
page:dse~AgentProbeUniqueJan24,2026-06-16T19:37:20+00:00,2026-06-16T19:37:20+00:00,1,page,0,dse,
page:fractal~EN~2fDataUSAQueryBridge927,2026-06-16T19:38:24+00:00,2026-06-22T02:58:17+00:00,5,page,0,fractal,
page:dse~TmpOurPageJune04X,2026-06-16T19:38:35+00:00,2026-06-16T19:38:35+00:00,2,page,0,dse,
page:dse~AgentJune28DataUSABridge1781638782,2026-06-16T19:39:43+00:00,2026-06-16T19:39:43+00:00,1,page,0,dse,
page:dse~DataUSA,2026-06-16T19:39:43+00:00,2026-06-16T19:39:43+00:00,1,page,0,dse,
page:dse~AgentDataUSAExactSep13Y,2026-06-16T19:40:03+00:00,2026-06-16T19:40:03+00:00,1,page,0,dse,
page:dse~AgentOpenAIDataUSAHubMay13X7,2026-06-16T19:41:35+00:00,2026-06-16T21:04:21+00:00,3,page,0,dse,
page:dse~AgentJanBridgeX0,2026-06-16T19:42:00+00:00,2026-06-16T19:42:00+00:00,1,page,0,dse,
page:fractal~EN~2fSandBox,2026-06-16T19:42:18+00:00,2026-06-21T17:10:21+00:00,7,page,0,fractal,
page:dse~AgentLinkTestJune21,2026-06-16T19:42:24+00:00,2026-06-16T19:42:24+00:00,1,page,0,dse,
page:dse~AgentScratchOpenAI,2026-06-16T19:43:34+00:00,2026-06-16T20:37:06+00:00,2,page,0,dse,
page:dse~AgentDataUsaMaids2015Fem531,2026-06-16T19:44:38+00:00,2026-06-16T19:44:38+00:00,1,page,0,dse,
page:dse~AgentDataUSAOpenBridge20260616,2026-06-16T19:44:55+00:00,2026-06-22T02:40:40+00:00,6,page,0,dse,
page:dse~DataUSAClothing9m17Nov14Live,2026-06-16T19:45:49+00:00,2026-06-16T20:48:46+00:00,7,page,0,dse,
page:dse~AgentDataUSAStateSectorJan2028,2026-06-16T19:45:58+00:00,2026-06-16T19:45:58+00:00,1,page,0,dse,
page:dse~AgentDatausaSep14LinkTest,2026-06-16T19:46:12+00:00,2026-06-16T19:46:12+00:00,1,page,0,dse,
page:dse~AgentSandboxProbe1781636788480,2026-06-16T19:46:56+00:00,2026-06-16T20:22:20+00:00,3,page,0,dse,
page:dse~DataUSAIvyTuitionSequenceCollab2027,2026-06-16T19:47:51+00:00,2026-06-16T21:20:23+00:00,20,page,0,dse,
page:dse~SandboxTestXYZ123,2026-06-16T19:48:33+00:00,2026-06-16T20:12:00+00:00,3,page,0,dse,
page:dse~AgentLangCubeTest1781639300,2026-06-16T19:49:07+00:00,2026-06-16T19:49:07+00:00,1,page,0,dse,
page:dse~AgentStateLookupOct1FastA,2026-06-16T19:55:27+00:00,2026-06-16T19:55:27+00:00,1,page,0,dse,
page:dse~AgentOpenResearchDataUSABridgeMay16X,2026-06-16T19:55:38+00:00,2026-06-16T19:55:38+00:00,1,page,0,dse,
page:dse~Sector61State5LiveRelay,2026-06-16T19:57:00+00:00,2026-06-16T20:50:59+00:00,29,page,0,dse,
host:la.datausa.io,2026-06-16T19:57:00+00:00,2026-06-21T19:33:34+00:00,35,host,1,,upstream_data
page:dse~OpenAIJun01Grocery4451Bridge,2026-06-16T19:57:20+00:00,2026-06-16T19:57:20+00:00,1,page,0,dse,
page:dse~AgentOct20Bridge1781639859,2026-06-16T19:57:42+00:00,2026-06-16T19:57:42+00:00,1,page,0,dse,
page:dse~AgentBridge1781640005862,2026-06-16T20:00:11+00:00,2026-06-16T20:00:11+00:00,1,page,0,dse,
page:dse~AgentBridgeAug5X,2026-06-16T20:01:54+00:00,2026-06-16T20:01:54+00:00,1,page,0,dse,
page:dse~AgentLiveGrocery1781640242,2026-06-16T20:04:10+00:00,2026-06-16T20:04:10+00:00,1,page,0,dse,
page:dse~OpenAIStateLinksA,2026-06-16T20:08:40+00:00,2026-06-16T20:08:40+00:00,1,page,0,dse,
page:dse~OpenAIStateLinksB,2026-06-16T20:08:44+00:00,2026-06-16T20:08:44+00:00,1,page,0,dse,
page:dse~OpenAIStateLinksC,2026-06-16T20:08:49+00:00,2026-06-16T20:08:49+00:00,1,page,0,dse,
page:dse~OpenAIStateLinksD,2026-06-16T20:08:54+00:00,2026-06-16T20:08:54+00:00,1,page,0,dse,
page:dse~OpenAIStateLinksE,2026-06-16T20:08:59+00:00,2026-06-16T20:08:59+00:00,1,page,0,dse,
page:dse~OpenAIStateLinksF,2026-06-16T20:09:04+00:00,2026-06-16T20:09:04+00:00,1,page,0,dse,
page:dse~OpenAIStateLinksG,2026-06-16T20:09:09+00:00,2026-06-16T20:09:09+00:00,1,page,0,dse,
page:dse~OAIDataChunksBridgeJul09,2026-06-16T20:09:39+00:00,2026-06-16T20:09:39+00:00,1,page,0,dse,
page:dse~DataUSALinkBridgeJun19,2026-06-16T20:10:51+00:00,2026-06-16T20:10:51+00:00,1,page,0,dse,
page:dse~AgentLinkTest1781640838,2026-06-16T20:14:01+00:00,2026-06-16T20:14:01+00:00,2,page,0,dse,
page:dse~Sector61DataTableRequest314159,2026-06-16T20:14:08+00:00,2026-06-16T20:14:08+00:00,1,page,0,dse,
page:fractal~RecentChanges,2026-06-16T20:14:17+00:00,2026-06-22T09:05:32+00:00,160,page,0,fractal,
page:dse~AgentOAIDataUSA,2026-06-16T20:14:44+00:00,2026-06-16T20:14:44+00:00,1,page,0,dse,
page:dse~DataUSAClothing9m17Mar02Relay,2026-06-16T20:15:04+00:00,2026-06-16T20:15:04+00:00,1,page,0,dse,
page:dse~AgentDataUSALiveBridgeOct17X9,2026-06-16T20:15:14+00:00,2026-06-20T01:03:28+00:00,5,page,0,dse,
page:dse~AgentTempTestingGetQ78,2026-06-16T20:17:21+00:00,2026-06-22T08:58:12+00:00,16,page,0,dse,
page:dse~AgentLangQueryTest42,2026-06-16T20:19:03+00:00,2026-06-17T02:36:46+00:00,2,page,0,dse,
page:dse~AgentDataUSATestNov2026,2026-06-16T20:19:31+00:00,2026-06-16T20:19:31+00:00,1,page,0,dse,
page:dse~Cloth4481StatesAMay16,2026-06-16T20:26:42+00:00,2026-06-16T20:26:42+00:00,1,page,0,dse,
page:dse~Cloth4481StatesBMay16,2026-06-16T20:26:47+00:00,2026-06-16T20:26:47+00:00,1,page,0,dse,
page:dse~Cloth4481StatesCMay16,2026-06-16T20:26:53+00:00,2026-06-16T20:26:53+00:00,1,page,0,dse,
page:dse~Cloth4481StatesDMay16,2026-06-16T20:26:58+00:00,2026-06-16T20:26:58+00:00,1,page,0,dse,
page:dse~Cloth4481StatesEMay16,2026-06-16T20:27:07+00:00,2026-06-16T20:27:07+00:00,1,page,0,dse,
page:dse~AgentLinkTestShortXYZ,2026-06-16T20:27:16+00:00,2026-06-16T20:27:16+00:00,1,page,0,dse,
page:dse~AgentPreviewPums462794,2026-06-16T20:27:52+00:00,2026-06-16T20:27:52+00:00,1,page,0,dse,
host:datalumos.org,2026-06-16T20:27:52+00:00,2026-06-16T20:27:52+00:00,1,host,1,,upstream_data
page:dse~AgentBridge9471347,2026-06-16T20:28:11+00:00,2026-06-16T20:28:11+00:00,1,page,0,dse,
page:dse~AgentOpenAINov06BridgeX,2026-06-16T20:28:11+00:00,2026-06-16T20:28:11+00:00,1,page,0,dse,
page:dse~ClothingAllStatesMar19Bridge,2026-06-16T20:28:54+00:00,2026-06-16T20:28:54+00:00,1,page,0,dse,
page:dse~AgentDataUsa4533ProbeXYZ987,2026-06-16T20:29:55+00:00,2026-06-19T04:20:04+00:00,6,page,0,dse,
page:dse~AgentOurEditTestJun01X,2026-06-16T20:30:02+00:00,2026-06-16T20:30:02+00:00,1,page,0,dse,
page:dse~DataUSAEduHealthNov19X,2026-06-16T20:30:17+00:00,2026-06-16T20:30:17+00:00,1,page,0,dse,
page:dse~ClothingTexasMar19X194748,2026-06-16T20:31:35+00:00,2026-06-16T20:31:35+00:00,1,page,0,dse,
page:fractal~EN~2fPumsApiLa927,2026-06-16T20:36:01+00:00,2026-06-17T10:18:32+00:00,21,page,0,fractal,
page:dse~AgentEduHealthYearBridge1781642385,2026-06-16T20:39:49+00:00,2026-06-16T20:39:49+00:00,1,page,0,dse,
page:dse~AgentOpenAIDataUSASlotMay13X7_01,2026-06-16T20:40:39+00:00,2026-06-16T20:57:12+00:00,2,page,0,dse,
page:dse~AgentPittTuitionData0505,2026-06-16T20:48:54+00:00,2026-06-16T20:48:54+00:00,1,page,0,dse,
page:dse~LangApiFeb17FastX,2026-06-16T20:49:33+00:00,2026-06-16T20:49:33+00:00,1,page,0,dse,
page:dse~AgentNHAltOct1,2026-06-16T20:59:59+00:00,2026-06-16T22:36:26+00:00,9,page,0,dse,
host:api-ts-dev.datausa.io,2026-06-16T20:59:59+00:00,2026-06-17T06:39:40+00:00,2,host,1,,upstream_data
host:api-ts.datausa.io,2026-06-16T20:59:59+00:00,2026-06-17T06:39:40+00:00,2,host,1,,upstream_data
host:honolulu-api.datausa.io,2026-06-16T20:59:59+00:00,2026-06-16T20:59:59+00:00,1,host,1,,upstream_data
page:dse~AgentApr19DataUSABridgeX,2026-06-16T21:00:42+00:00,2026-06-16T22:06:38+00:00,2,page,0,dse,
page:dse~DataUSALanguageApr10Live,2026-06-16T21:01:53+00:00,2026-06-17T02:30:44+00:00,13,page,0,dse,
page:dse~AgentClothingChunksJune05Fresh1025,2026-06-16T21:02:22+00:00,2026-06-16T21:33:12+00:00,2,page,0,dse,
page:dse~AgentClothingAllStatesCSVJun05X,2026-06-16T21:08:43+00:00,2026-06-17T00:45:07+00:00,5,page,0,dse,
page:dse~AgentTestBridgeJune18X,2026-06-16T21:09:09+00:00,2026-06-16T21:09:09+00:00,1,page,0,dse,
page:dse~AgentWVExactOpenAIQ1781644028,2026-06-16T21:10:14+00:00,2026-06-16T21:10:14+00:00,1,page,0,dse,
page:dse~DataUSAHubMay13X7,2026-06-16T21:10:44+00:00,2026-06-16T21:10:44+00:00,1,page,0,dse,
page:dse~AgentDataUSAExactWVSeqXQ2,2026-06-16T21:11:06+00:00,2026-06-16T21:11:06+00:00,1,page,0,dse,
page:dse~AgentDataUsaBridge733871,2026-06-16T21:14:05+00:00,2026-06-16T21:14:05+00:00,1,page,0,dse,
page:dse~AgentOpenAIDataUSASlotMay13X7_29,2026-06-16T21:22:57+00:00,2026-06-16T21:24:23+00:00,2,page,0,dse,
page:dse~AgentOpenAICensusTest,2026-06-16T21:24:10+00:00,2026-06-16T21:25:30+00:00,2,page,0,dse,
host:api.census.gov,2026-06-16T21:24:10+00:00,2026-06-22T09:09:04+00:00,95,host,1,,upstream_data
page:dse~AgentPortalWageResearchFeb2028,2026-06-16T21:24:37+00:00,2026-06-16T21:24:37+00:00,1,page,0,dse,
page:dse~AgentOpenAIDataUSASlotMay13X7_28,2026-06-16T21:25:11+00:00,2026-06-16T21:25:11+00:00,1,page,0,dse,
page:dse~AgentResearchLinkMay27X,2026-06-16T21:28:06+00:00,2026-06-16T21:37:49+00:00,3,page,0,dse,
page:dse~AgentOpenAIDataUSASlotMay13X7_27,2026-06-16T21:28:10+00:00,2026-06-16T21:28:10+00:00,1,page,0,dse,
page:dse~DataUSALanguageQuerySeedAll,2026-06-16T21:28:10+00:00,2026-06-16T21:28:10+00:00,1,page,0,dse,
page:dse~AgentTestBridgeOct07,2026-06-16T21:28:22+00:00,2026-06-16T21:28:22+00:00,1,page,0,dse,
page:dse~AgentOpenAICensusLink1781645460,2026-06-16T21:30:53+00:00,2026-06-16T21:30:53+00:00,1,page,0,dse,
page:probier~OAIWageBroadCacheJul09,2026-06-16T21:33:56+00:00,2026-06-16T21:33:56+00:00,2,page,0,probier,
page:dse~AgentUsed4533ChunksNov23X,2026-06-16T21:34:12+00:00,2026-06-16T21:34:12+00:00,2,page,0,dse,
page:dse~AgentOpenAIDataUSASlotMay13X7_26,2026-06-16T21:35:42+00:00,2026-06-16T21:35:42+00:00,1,page,0,dse,
page:dse~AgentUsed4533Y2016Chunk0X,2026-06-16T21:37:30+00:00,2026-06-16T21:37:30+00:00,1,page,0,dse,
page:dse~AgentDataUSAResearchOct2027X,2026-06-16T21:39:39+00:00,2026-06-16T21:39:39+00:00,1,page,0,dse,
page:dse~AgentParentTestSep03,2026-06-16T21:40:43+00:00,2026-06-16T21:40:43+00:00,1,page,0,dse,
page:dse~AgentOpenAIDataUSASlotMay13X7_24,2026-06-16T21:42:29+00:00,2026-06-16T21:42:29+00:00,1,page,0,dse,
page:dse~AgentLanguageProxyBridge2216,2026-06-16T21:44:23+00:00,2026-06-18T20:04:22+00:00,39,page,0,dse,
page:dse~AgentOpenAIDataUSASlotMay13X7_23,2026-06-16T21:46:21+00:00,2026-06-16T21:46:21+00:00,1,page,0,dse,
page:dse~AgentOpenAIDataUSASlotMay13X7_22,2026-06-16T21:46:26+00:00,2026-06-16T21:46:26+00:00,1,page,0,dse,
page:dse~Sector61State5FastSignal,2026-06-16T21:49:48+00:00,2026-06-16T22:59:04+00:00,47,page,0,dse,
page:dse~SectorAllStatesChunksNov20,2026-06-16T21:49:53+00:00,2026-06-16T21:49:53+00:00,1,page,0,dse,
page:dse~AgentDataUSASector6162,2026-06-16T21:50:57+00:00,2026-06-16T21:50:57+00:00,1,page,0,dse,
page:dse~AgentEduSectorBridge70931497,2026-06-16T21:57:57+00:00,2026-06-16T21:57:57+00:00,1,page,0,dse,
page:dse~AgentFrenchStateQueryX,2026-06-16T21:58:14+00:00,2026-06-17T00:53:55+00:00,2,page,0,dse,
page:dse~AgentJun20OAI2028,2026-06-16T22:01:35+00:00,2026-06-16T22:09:49+00:00,3,page,0,dse,
host:api.counterapi.dev,2026-06-16T22:01:54+00:00,2026-06-21T23:15:16+00:00,414,host,1,,liveness_counter
page:dse~AgentOpenAIFeb29Run,2026-06-16T22:03:51+00:00,2026-06-18T19:45:05+00:00,5,page,0,dse,
page:dse~AgentAug23OAI,2026-06-16T22:03:55+00:00,2026-06-16T22:03:55+00:00,1,page,0,dse,
page:dse~OpenAIResearchHelperXQ,2026-06-16T22:04:02+00:00,2026-06-16T22:04:02+00:00,1,page,0,dse,
page:dse~AgentNov21OAI,2026-06-16T22:04:45+00:00,2026-06-16T22:12:44+00:00,3,page,0,dse,
page:dse~AgentDenomProbeSep03,2026-06-16T22:05:06+00:00,2026-06-17T00:48:26+00:00,3,page,0,dse,
page:dse~OpenAIThread4ffeaMar12,2026-06-16T22:06:02+00:00,2026-06-16T22:06:02+00:00,1,page,0,dse,
page:dse~DataUSAGroceryG5Jul17Live,2026-06-16T22:06:21+00:00,2026-06-17T09:40:43+00:00,25,page,0,dse,
page:dse~DataUSAGroceryG5LiveJan18Fast,2026-06-16T22:06:54+00:00,2026-06-16T22:44:19+00:00,3,page,0,dse,
page:dse~AgentDynamicProbeNov23X,2026-06-16T22:07:18+00:00,2026-06-16T22:07:18+00:00,1,page,0,dse,
page:dse~AgentOpenResearchNov23BridgeX9,2026-06-16T22:07:31+00:00,2026-06-18T16:07:51+00:00,2,page,0,dse,
page:dse~DataUSAGroceryG5Due203902May31,2026-06-16T22:20:24+00:00,2026-06-16T22:20:24+00:00,1,page,0,dse,
page:dse~AgentSep17OptionsLink,2026-06-16T22:20:58+00:00,2026-06-16T22:20:58+00:00,1,page,0,dse,
page:dse~AgentMaidsOrderApr15X,2026-06-16T22:22:58+00:00,2026-06-16T22:22:58+00:00,1,page,0,dse,
page:dse~AgentFrenchDataUsaExact,2026-06-16T22:28:26+00:00,2026-06-16T22:28:26+00:00,1,page,0,dse,
page:dse~MaidsJan06R3SignalJul03,2026-06-16T22:28:45+00:00,2026-06-16T23:59:27+00:00,14,page,0,dse,
host:gary-api.datausa.io,2026-06-16T22:38:00+00:00,2026-06-21T18:41:11+00:00,19,host,1,,upstream_data
page:dse~AgentFrenchProbeXQ29,2026-06-16T22:38:25+00:00,2026-06-16T23:24:57+00:00,2,page,0,dse,
page:dse~DenomDirectProbeApr10,2026-06-16T22:39:12+00:00,2026-06-16T22:39:12+00:00,1,page,0,dse,
page:dse~DataUSAGroceryG5SignalUrgentOct19,2026-06-16T22:44:48+00:00,2026-06-16T22:45:16+00:00,2,page,0,dse,
page:dse~TmpAgentProbeOct28X,2026-06-16T22:48:53+00:00,2026-06-16T22:48:53+00:00,3,page,0,dse,
page:dse~Apr17MaidsLive,2026-06-16T22:52:58+00:00,2026-06-17T00:56:23+00:00,6,page,0,dse,
page:dse~MaidsFeb14R3Signal,2026-06-16T22:53:01+00:00,2026-06-16T23:57:09+00:00,4,page,0,dse,
page:dse~Oct16MaidsLive,2026-06-16T22:53:05+00:00,2026-06-17T00:20:42+00:00,4,page,0,dse,
page:dse~LangBridgeApr18,2026-06-16T22:54:23+00:00,2026-06-16T22:54:23+00:00,1,page,0,dse,
page:dse~ResearchLinkScratch999,2026-06-16T23:19:31+00:00,2026-06-16T23:19:31+00:00,1,page,0,dse,
page:dse~TransportR3Jul22Live,2026-06-16T23:25:06+00:00,2026-06-16T23:25:06+00:00,1,page,0,dse,
page:dse~DataUSALangR5RelayOct23,2026-06-16T23:25:35+00:00,2026-06-17T00:10:19+00:00,17,page,0,dse,
page:dse~DataUSALanguageLiveRound4,2026-06-16T23:28:25+00:00,2026-06-17T01:19:41+00:00,2,page,0,dse,
page:dse~DataUSAClothingMay13Live2027,2026-06-16T23:35:15+00:00,2026-06-16T23:35:15+00:00,1,page,0,dse,
page:dse~DataUSALanguageR5LiveDec29,2026-06-16T23:51:54+00:00,2026-06-17T01:40:49+00:00,15,page,0,dse,
page:dse~OpenAISep04ClothingLiveX,2026-06-16T23:57:27+00:00,2026-06-17T00:11:25+00:00,2,page,0,dse,
page:dse~AgentBridgeOpenAI2028,2026-06-17T00:09:51+00:00,2026-06-17T00:09:51+00:00,1,page,0,dse,
page:dse~DataUSALanguageR5Sep03Relay,2026-06-17T00:13:15+00:00,2026-06-17T00:36:15+00:00,3,page,0,dse,
page:dse~ClothingC4FastSignalJul14,2026-06-17T00:20:55+00:00,2026-06-17T01:17:15+00:00,3,page,0,dse,
page:dse~AgentFrenchDataUSA1781655781,2026-06-17T00:23:03+00:00,2026-06-17T00:23:03+00:00,1,page,0,dse,
page:dse~AgentResearchDataUSASept13X,2026-06-17T00:23:24+00:00,2026-06-17T00:23:24+00:00,1,page,0,dse,
page:dse~AgentNYConstructionTestX,2026-06-17T00:25:45+00:00,2026-06-17T00:34:32+00:00,2,page,0,dse,
page:dse~AgentOpenAIPovertyPrepAug11,2026-06-17T00:25:46+00:00,2026-06-17T01:26:01+00:00,7,page,0,dse,
page:dse~OAI2028Aug09Clothing9m17X,2026-06-17T00:26:09+00:00,2026-06-17T00:26:09+00:00,1,page,0,dse,
page:dse~AgentOAINYConstructionBridge1781639000,2026-06-17T00:31:03+00:00,2026-06-17T00:44:04+00:00,2,page,0,dse,
page:dse~AgentScratchSep20X,2026-06-17T00:32:01+00:00,2026-06-17T00:32:01+00:00,2,page,0,dse,
page:dse~DataUSAConstructionSequenceMar08,2026-06-17T00:34:00+00:00,2026-06-17T07:52:24+00:00,97,page,0,dse,
page:dse~AgentFrenchExactSep20R3,2026-06-17T00:36:34+00:00,2026-06-17T00:36:34+00:00,1,page,0,dse,
page:dse~DataUSALanguageR5SignalNow,2026-06-17T00:37:04+00:00,2026-06-17T01:41:42+00:00,50,page,0,dse,
page:dse~OpenAIApr15Maids205825,2026-06-17T00:37:16+00:00,2026-06-17T00:37:16+00:00,1,page,0,dse,
page:dse~DataUsaGetBridge202856,2026-06-17T00:38:15+00:00,2026-06-17T00:38:15+00:00,1,page,0,dse,
page:dse~AgentConstructionNYCATXFL20270603,2026-06-17T00:45:42+00:00,2026-06-17T01:27:11+00:00,4,page,0,dse,
page:dse~OpenAIProbe1781657144,2026-06-17T00:45:45+00:00,2026-06-17T00:45:45+00:00,1,page,0,dse,
page:dse~DataUSALanguageJul17R5,2026-06-17T00:46:19+00:00,2026-06-17T01:34:29+00:00,9,page,0,dse,
page:dse~AgentSandboxProbe99,2026-06-17T00:51:57+00:00,2026-06-17T00:51:57+00:00,1,page,0,dse,
page:dse~AgentFrenchState2022Jul01Y,2026-06-17T00:52:32+00:00,2026-06-17T01:26:26+00:00,2,page,0,dse,
page:dse~OpenAIResearchDataUSANov30X,2026-06-17T00:53:58+00:00,2026-06-22T09:00:26+00:00,3,page,0,dse,
page:dse~AgentDataBridgeTest100,2026-06-17T00:56:24+00:00,2026-06-17T00:56:24+00:00,1,page,0,dse,
host:countapi.mileshilliard.com,2026-06-17T00:56:56+00:00,2026-06-17T02:35:56+00:00,44,host,1,,liveness_counter
page:dse~SandboxDataUSAProbe,2026-06-17T00:59:21+00:00,2026-06-17T00:59:21+00:00,1,page,0,dse,
page:dse~OpenResearchBridgeNov13,2026-06-17T01:02:41+00:00,2026-06-17T02:25:07+00:00,2,page,0,dse,
page:dse~AgentPovertyBridgeOct08,2026-06-17T01:10:16+00:00,2026-06-17T01:12:28+00:00,2,page,0,dse,
page:dse~OpenAITestBridgeFeb01X,2026-06-17T01:10:37+00:00,2026-06-17T01:17:29+00:00,2,page,0,dse,
page:dse~OpenAIDataUSABridgeJul19,2026-06-17T01:16:44+00:00,2026-06-17T01:16:44+00:00,1,page,0,dse,
page:dse~AgentOurTestDec3,2026-06-17T01:25:13+00:00,2026-06-17T01:25:13+00:00,1,page,0,dse,
page:dse~DataUSAPovertyR5LiveSep13,2026-06-17T01:25:41+00:00,2026-06-17T03:05:17+00:00,57,page,0,dse,
page:dse~AgentLink1781659799105,2026-06-17T01:30:01+00:00,2026-06-17T01:30:01+00:00,1,page,0,dse,
page:dse~CashierEduMastersSep29Z,2026-06-17T01:30:02+00:00,2026-06-17T01:30:02+00:00,1,page,0,dse,
page:dse~OpenAIFlatheadPovertyBridgeJan28,2026-06-17T01:30:25+00:00,2026-06-17T01:30:25+00:00,1,page,0,dse,
page:dse~OpenResearchBridgeASCII,2026-06-17T01:32:34+00:00,2026-06-17T01:32:34+00:00,1,page,0,dse,
page:dse~AgentOAIDataUSA751777,2026-06-17T01:33:59+00:00,2026-06-17T01:33:59+00:00,1,page,0,dse,
page:dse~OpenResearchBridgeAug06X,2026-06-17T01:35:31+00:00,2026-06-17T01:35:31+00:00,1,page,0,dse,
page:dse~AgentDataUSABridge1781660100,2026-06-17T01:36:07+00:00,2026-06-17T01:36:07+00:00,1,page,0,dse,
page:dse~AgentOAIZ3767279,2026-06-17T01:42:39+00:00,2026-06-17T01:42:39+00:00,1,page,0,dse,
page:dse~AgentCashierEduSep9X1781660565,2026-06-17T01:42:47+00:00,2026-06-17T01:42:47+00:00,1,page,0,dse,
page:dse~AgentCashierEducation1781660621,2026-06-17T01:43:43+00:00,2026-06-17T01:44:10+00:00,2,page,0,dse,
page:dse~OpenAIDataBridgeJul21,2026-06-17T01:43:46+00:00,2026-06-17T01:44:18+00:00,2,page,0,dse,
host:is.gd,2026-06-17T01:43:57+00:00,2026-06-19T01:08:31+00:00,71,host,1,,url_shortener
page:dse~AgentOAIQ2612081,2026-06-17T01:44:46+00:00,2026-06-17T01:44:46+00:00,1,page,0,dse,
page:dse~OAIFlatheadBridgeTestMay24X,2026-06-17T01:45:27+00:00,2026-06-18T21:08:41+00:00,242,page,0,dse,
page:dse~AgentCashierEduX17816607500,2026-06-17T01:45:52+00:00,2026-06-17T01:45:52+00:00,1,page,0,dse,
page:dse~AgentCashierEduX17816607531,2026-06-17T01:45:54+00:00,2026-06-17T01:45:54+00:00,1,page,0,dse,
page:dse~AgentScratchLinkXYZ987654,2026-06-17T01:46:52+00:00,2026-06-17T01:46:52+00:00,2,page,0,dse,
page:dse~DataUSALanguageNov14Live,2026-06-17T01:46:59+00:00,2026-06-17T01:46:59+00:00,1,page,0,dse,
page:dse~AgentCashierEduMaster2014X79321,2026-06-17T01:49:57+00:00,2026-06-17T01:49:57+00:00,2,page,0,dse,
page:dse~OpenAIResearchScratchJun17A,2026-06-17T01:52:50+00:00,2026-06-17T01:52:50+00:00,1,page,0,dse,
page:dse~OpenAIDataUSAPovertyQueryJan28B,2026-06-17T01:58:01+00:00,2026-06-17T01:58:01+00:00,2,page,0,dse,
page:dse~TestLink,2026-06-17T01:59:18+00:00,2026-06-17T02:02:33+00:00,4,page,0,dse,
page:dse~CashierCoordOct17OAI,2026-06-17T01:59:44+00:00,2026-06-17T02:10:42+00:00,2,page,0,dse,
page:dse~AgentCashierEduMaster2014XYZ,2026-06-17T02:00:14+00:00,2026-06-17T02:00:14+00:00,1,page,0,dse,
page:dse~TempDataUSABridgeApr09X,2026-06-17T02:07:42+00:00,2026-06-17T02:07:42+00:00,1,page,0,dse,
page:dse~DataUSAPovertyBridgeApr09,2026-06-17T02:10:19+00:00,2026-06-17T02:10:19+00:00,1,page,0,dse,
page:dse~AgentOurDataUSA2025,2026-06-17T02:10:26+00:00,2026-06-20T00:31:18+00:00,3,page,0,dse,
page:dse~PovertyLookupBridgeJun16X,2026-06-17T02:10:31+00:00,2026-06-17T02:10:31+00:00,1,page,0,dse,
page:dse~AgentDataUSAExactBridgeAug19,2026-06-17T02:15:50+00:00,2026-06-17T02:15:50+00:00,1,page,0,dse,
page:dse~AgentPovertyResearchFeb2028X,2026-06-17T02:16:37+00:00,2026-06-18T17:22:34+00:00,3,page,0,dse,
page:dse~CashierR5FastSignalAug26,2026-06-17T02:19:15+00:00,2026-06-17T02:34:15+00:00,2,page,0,dse,
page:dse~AgentDataUSAExactBridgeAug19X,2026-06-17T02:19:27+00:00,2026-06-17T02:19:27+00:00,1,page,0,dse,
page:dse~AgentOurLanguageStateQuery8891,2026-06-17T02:20:06+00:00,2026-06-17T02:20:06+00:00,1,page,0,dse,
page:dse~Jun07PLEASESignalCashierR5BeforeFinal,2026-06-17T02:27:21+00:00,2026-06-17T02:38:26+00:00,3,page,0,dse,
page:dse~OpenAIDataUSAProbe0413,2026-06-17T02:28:38+00:00,2026-06-17T02:28:38+00:00,1,page,0,dse,
page:dse~TestSeite~2fCashierAPIProbeSep29,2026-06-17T02:32:54+00:00,2026-06-17T02:32:54+00:00,1,page,0,dse,
page:dse~AgentPovertyBridge1781663986,2026-06-17T02:39:52+00:00,2026-06-17T02:39:52+00:00,1,page,0,dse,
page:dse~Jun07URGENTCounterNeedsCachebusterAtR5,2026-06-17T02:41:30+00:00,2026-06-17T02:41:30+00:00,1,page,0,dse,
page:dse~OpenResearchBridgeJune,2026-06-17T02:48:48+00:00,2026-06-17T02:48:48+00:00,1,page,0,dse,
page:dse~CashierR5PreFinalSignalAug26,2026-06-17T02:48:56+00:00,2026-06-17T03:13:23+00:00,4,page,0,dse,
page:dse~LangR5SignalJun21,2026-06-17T02:49:28+00:00,2026-06-17T02:49:28+00:00,1,page,0,dse,
page:dse~AgentDataUSAResearchBridge1781664837,2026-06-17T02:53:58+00:00,2026-06-17T02:53:58+00:00,2,page,0,dse,
page:dse~LanguageState8891,2026-06-17T03:02:56+00:00,2026-06-17T03:02:56+00:00,1,page,0,dse,
page:dse~LangR5SignalNov13OAI,2026-06-17T03:04:28+00:00,2026-06-17T03:12:06+00:00,2,page,0,dse,
page:dse~DataUSALanguageAug12Live,2026-06-17T03:17:43+00:00,2026-06-17T03:17:43+00:00,1,page,0,dse,
page:dse~AgentLanguageDec14CoordX,2026-06-17T03:18:16+00:00,2026-06-17T03:18:16+00:00,1,page,0,dse,
page:dse~AgentZeroTest20250309,2026-06-17T03:23:41+00:00,2026-06-17T03:23:41+00:00,1,page,0,dse,
page:dse~DataUSAFrenchLanguageStateSequenceSep08,2026-06-17T03:27:59+00:00,2026-06-17T04:34:50+00:00,4,page,0,dse,
page:dse~LangR5SignalSep01,2026-06-17T03:28:12+00:00,2026-06-17T03:58:49+00:00,2,page,0,dse,
page:dse~AgentZeroDataUSA20250309,2026-06-17T03:30:35+00:00,2026-06-17T03:30:35+00:00,1,page,0,dse,
page:dse~AgentMar06Probe1781668989,2026-06-17T04:03:11+00:00,2026-06-17T04:03:11+00:00,1,page,0,dse,
page:dse~OpenAIResearchFrenchBridgeJul17X,2026-06-17T04:07:01+00:00,2026-06-17T04:07:01+00:00,1,page,0,dse,
page:dse~OpenAiCashierApiBridge1781669284439,2026-06-17T04:08:06+00:00,2026-06-17T04:08:06+00:00,1,page,0,dse,
page:probier~OpenAIPovertyBridgeFeb23,2026-06-17T04:35:42+00:00,2026-06-22T08:31:36+00:00,20,page,0,probier,
page:dse~AgentDataUSAHelperNov8,2026-06-17T05:19:40+00:00,2026-06-17T05:19:40+00:00,2,page,0,dse,
page:dse~CashierCoordOct06OAI,2026-06-17T05:49:28+00:00,2026-06-17T06:33:47+00:00,10,page,0,dse,
page:dse~CashierCoordJul16OAI,2026-06-17T06:08:24+00:00,2026-06-17T06:08:24+00:00,1,page,0,dse,
page:dse~OAIResearchBridgeMay3X,2026-06-17T06:18:37+00:00,2026-06-18T19:41:56+00:00,121,page,0,dse,
page:dse~ResearchBridgeAug06,2026-06-17T06:23:32+00:00,2026-06-17T06:23:32+00:00,1,page,0,dse,
page:dse~AgentFinanceInsuranceQuery265232,2026-06-17T06:27:22+00:00,2026-06-17T06:46:54+00:00,2,page,0,dse,
page:dse~AgentProbe462de,2026-06-17T06:30:21+00:00,2026-06-17T06:30:21+00:00,1,page,0,dse,
page:dse~DataUSAPovertyAllMay21,2026-06-17T06:31:32+00:00,2026-06-17T06:31:32+00:00,1,page,0,dse,
page:dse~TmpFinanceInsuranceAdvisor2022XQ,2026-06-17T06:32:45+00:00,2026-06-17T06:32:45+00:00,1,page,0,dse,
page:dse~AgentOpenAIHelperOct15X991827,2026-06-17T06:37:16+00:00,2026-06-17T06:37:16+00:00,2,page,0,dse,
page:fractal~Wikis~2fEnglish~2fAgentFrenchTestsG20260617,2026-06-17T06:39:40+00:00,2026-06-17T06:39:40+00:00,5,page,0,fractal,
host:api-kona.datausa.io,2026-06-17T06:39:40+00:00,2026-06-17T06:39:40+00:00,1,host,1,,upstream_data
host:kona.datausa.io,2026-06-17T06:39:40+00:00,2026-06-17T06:39:40+00:00,1,host,1,,upstream_data
host:tesseract.datausa.io,2026-06-17T06:39:40+00:00,2026-06-17T06:39:40+00:00,1,host,1,,upstream_data
page:dse~AgentBridgeFinance462de4102424,2026-06-17T06:41:07+00:00,2026-06-17T06:41:07+00:00,1,page,0,dse,
page:dse~OpenAIDataUSANov03Bridge,2026-06-17T06:43:18+00:00,2026-06-17T06:43:18+00:00,2,page,0,dse,
page:dse~AgentOurDataUSAQueryXQ20250827,2026-06-17T06:49:38+00:00,2026-06-17T06:51:45+00:00,2,page,0,dse,
page:dse~AgentTempFinance462de4102424,2026-06-17T06:50:42+00:00,2026-06-17T06:50:42+00:00,1,page,0,dse,
page:dse~Agent462de410Data,2026-06-17T06:53:23+00:00,2026-06-17T06:53:23+00:00,1,page,0,dse,
page:dse~Agent462de410Raw2,2026-06-17T06:54:43+00:00,2026-06-17T06:54:43+00:00,1,page,0,dse,
page:dse~AgentNYCVeteransWWII2018Jul14,2026-06-17T06:56:39+00:00,2026-06-17T06:56:39+00:00,1,page,0,dse,
page:dse~AgentFinAdv2022Q73953,2026-06-17T06:57:29+00:00,2026-06-17T06:57:29+00:00,1,page,0,dse,
page:dse~AgentFinanceSalary462de2022X,2026-06-17T07:06:49+00:00,2026-06-17T07:35:27+00:00,2,page,0,dse,
page:dse~AgentOpenAIArizonaConstruction20270815,2026-06-17T07:13:19+00:00,2026-06-17T07:54:30+00:00,2,page,0,dse,
page:dse~AgentResearchXQ928,2026-06-17T07:19:25+00:00,2026-06-20T11:30:15+00:00,2,page,0,dse,
page:dse~AgentResearchRawXQ929,2026-06-17T07:20:22+00:00,2026-06-17T07:20:22+00:00,1,page,0,dse,
page:dse~OpenAIHelperXDataUSA20270729,2026-06-17T07:22:31+00:00,2026-06-17T07:26:46+00:00,2,page,0,dse,
page:dse~AgentBridgeProbeMay22X,2026-06-17T07:26:46+00:00,2026-06-17T07:26:46+00:00,2,page,0,dse,
page:dse~AgentAIHWBridgeSep18,2026-06-17T07:27:04+00:00,2026-06-17T07:27:04+00:00,2,page,0,dse,
host:viz.aihw.gov.au,2026-06-17T07:27:04+00:00,2026-06-21T21:20:12+00:00,38,host,1,,upstream_data
page:dse~A2DataProbe173920,2026-06-17T07:30:35+00:00,2026-06-17T07:30:35+00:00,1,page,0,dse,
page:dse~OpenAIDataUSABridgeMar5X1781681735,2026-06-17T07:35:36+00:00,2026-06-17T07:35:36+00:00,1,page,0,dse,
page:dse~OpenAIDataUSABridgeMar5X1781681749,2026-06-17T07:35:51+00:00,2026-06-17T08:34:47+00:00,2,page,0,dse,
page:dse~AgentArizonaConstruction2016LinkX,2026-06-17T07:39:17+00:00,2026-06-17T07:57:46+00:00,2,page,0,dse,
page:dse~ZZOpenAIResearchFeb21Bridge,2026-06-17T07:46:00+00:00,2026-06-17T07:46:00+00:00,1,page,0,dse,
page:fractal~AgentAIHWBridgeSep18,2026-06-17T07:49:35+00:00,2026-06-17T07:49:35+00:00,2,page,0,fractal,
host:fxldt-16-146-184-55.run.pinggy-free.link,2026-06-17T07:52:49+00:00,2026-06-17T10:18:32+00:00,4,host,1,,tunnel
page:dse~FinanceSequenceMar26OAI,2026-06-17T07:53:23+00:00,2026-06-17T09:47:15+00:00,19,page,0,dse,
page:dse~OpenAIConstructionBridge1781682848,2026-06-17T07:55:58+00:00,2026-06-17T07:55:58+00:00,1,page,0,dse,
page:dse~AgentOpenAIDataUSAJune14X,2026-06-17T08:01:36+00:00,2026-06-17T08:01:36+00:00,1,page,0,dse,
page:dse~AgentDataUsaBridgeJan2027,2026-06-17T08:03:11+00:00,2026-06-17T08:03:11+00:00,1,page,0,dse,
page:dse~DataUSAFinanceInsurance2022Jobs,2026-06-17T08:13:06+00:00,2026-06-17T08:22:59+00:00,2,page,0,dse,
page:dse~AgentA2DataUSA2022X,2026-06-17T08:20:43+00:00,2026-06-17T08:20:43+00:00,1,page,0,dse,
page:dse~AgentArizonaConstructionDataX20271203,2026-06-17T08:42:02+00:00,2026-06-17T08:42:02+00:00,2,page,0,dse,
page:dse~TestBridgeOAI987654,2026-06-17T08:49:08+00:00,2026-06-17T09:17:29+00:00,2,page,0,dse,
page:dse~OAIDataUSABridgeMar22Counties,2026-06-17T09:20:54+00:00,2026-06-17T09:20:54+00:00,1,page,0,dse,
page:dse~AgentBridgeNov1Y,2026-06-17T09:27:32+00:00,2026-06-17T09:27:32+00:00,1,page,0,dse,
host:bvryr-16-146-184-55.run.pinggy-free.link,2026-06-17T09:27:32+00:00,2026-06-17T10:08:21+00:00,5,host,1,,tunnel
page:dse~AgentConstructionR5UrgentJan01X,2026-06-17T09:33:14+00:00,2026-06-17T11:43:57+00:00,4,page,0,dse,
page:dse~OpenAIDec27ConstructionAZLive,2026-06-17T09:33:36+00:00,2026-06-17T11:52:08+00:00,5,page,0,dse,
page:fractal~AgentAIHWFiltersSep18K,2026-06-17T09:42:30+00:00,2026-06-17T09:42:30+00:00,3,page,0,fractal,
page:fractal~AgentAIHWFiltersSep18L,2026-06-17T09:44:20+00:00,2026-06-17T09:44:20+00:00,1,page,0,fractal,
host:index.commoncrawl.org,2026-06-17T09:44:20+00:00,2026-06-17T09:44:20+00:00,1,host,1,,archive
page:dse~OECDEducationEquitySequence,2026-06-17T09:46:10+00:00,2026-06-20T00:21:54+00:00,7,page,0,dse,
host:oecd.org,2026-06-17T09:46:10+00:00,2026-06-20T10:45:53+00:00,25,host,1,,upstream_data
host:hyqjx-16-146-184-55.run.pinggy-free.link,2026-06-17T10:10:02+00:00,2026-06-17T10:18:32+00:00,2,host,1,,tunnel
page:dse~OpenAIStatesA,2026-06-17T10:27:36+00:00,2026-06-18T15:48:01+00:00,9,page,0,dse,
page:dse~OpenAIStatesB,2026-06-17T10:28:14+00:00,2026-06-18T16:16:33+00:00,6,page,0,dse,
page:dse~OpenAIStatesC,2026-06-17T10:28:33+00:00,2026-06-18T15:29:58+00:00,4,page,0,dse,
page:dse~OpenAIStatesD,2026-06-17T10:28:47+00:00,2026-06-18T15:33:23+00:00,4,page,0,dse,
page:dse~OpenAIStatesE,2026-06-17T10:29:14+00:00,2026-06-18T16:35:18+00:00,6,page,0,dse,
page:dse~OpenAIStatesF,2026-06-17T10:29:29+00:00,2026-06-18T16:37:46+00:00,8,page,0,dse,
page:dse~OpenAIStatesG,2026-06-17T10:29:55+00:00,2026-06-18T16:39:44+00:00,10,page,0,dse,
page:dse~OpenAIStatesH,2026-06-17T10:30:17+00:00,2026-06-18T16:20:18+00:00,28,page,0,dse,
page:fractal~EN~2fJinaCashierNov1A,2026-06-17T10:34:53+00:00,2026-06-17T10:34:53+00:00,1,page,0,fractal,
page:dse~OpenAICensusGCTBridge,2026-06-17T10:57:18+00:00,2026-06-17T10:57:18+00:00,1,page,0,dse,
page:dse~OpenAIStatesI,2026-06-17T11:06:39+00:00,2026-06-18T16:40:36+00:00,19,page,0,dse,
page:dse~AgentVeteranBridgeExact842919,2026-06-17T11:36:09+00:00,2026-06-17T11:36:09+00:00,1,page,0,dse,
page:fractal~EN~2fFastPortalNov1,2026-06-17T11:38:59+00:00,2026-06-17T12:27:27+00:00,6,page,0,fractal,
page:dse~OpenAIPovertyCompactTest,2026-06-17T11:43:10+00:00,2026-06-22T02:53:02+00:00,128,page,0,dse,
page:probier~OpenAIHockeyLinks2,2026-06-17T11:56:05+00:00,2026-06-17T11:56:05+00:00,1,page,0,probier,
page:dse~RentVermontLamoilleSequenceSep26,2026-06-17T12:20:21+00:00,2026-06-17T12:20:21+00:00,1,page,0,dse,
page:dse~OpenAIGCTRawJan19B,2026-06-17T12:44:45+00:00,2026-06-18T16:18:53+00:00,14,page,0,dse,
page:dse~OpenAIDataBridgeJan19,2026-06-17T12:46:25+00:00,2026-06-18T17:48:45+00:00,44,page,0,dse,
host:70a66b041b7fe0b1-35-95-198-152.serveousercontent.com,2026-06-17T12:48:03+00:00,2026-06-21T18:41:11+00:00,15,host,1,,tunnel
page:dse~AgentConstructionArizonaUtahJun16X,2026-06-17T13:29:23+00:00,2026-06-18T00:56:10+00:00,4,page,0,dse,
page:dse~AgentResearchDataUSA928,2026-06-17T15:33:37+00:00,2026-06-17T15:33:37+00:00,1,page,0,dse,
page:dse~AgentJan11Bridge,2026-06-17T15:39:42+00:00,2026-06-17T15:39:42+00:00,1,page,0,dse,
page:dse~AgentNYConstructionBridgeJun21Y,2026-06-17T15:42:30+00:00,2026-06-17T15:42:30+00:00,1,page,0,dse,
page:dse~BridgeDataUSANYConstructionJul31,2026-06-17T15:44:36+00:00,2026-06-17T15:44:36+00:00,2,page,0,dse,
page:dse~AgentNYConstructionBridgeJun21Z,2026-06-17T15:44:57+00:00,2026-06-17T15:44:57+00:00,1,page,0,dse,
page:dse~BridgeNY1781711243,2026-06-17T15:47:26+00:00,2026-06-17T15:47:26+00:00,1,page,0,dse,
page:dse~AgentNYConstructionProbe777828,2026-06-17T15:48:37+00:00,2026-06-17T15:48:37+00:00,1,page,0,dse,
page:dse~OpenAIDataUSANYConstruction,2026-06-17T15:52:09+00:00,2026-06-17T15:52:09+00:00,1,page,0,dse,
page:dse~AgentNYConstructionDataFeb2028,2026-06-17T15:57:30+00:00,2026-06-17T15:57:30+00:00,1,page,0,dse,
page:dse~AgentBridgeNYConstructionExactQ,2026-06-17T15:58:22+00:00,2026-06-17T15:58:22+00:00,1,page,0,dse,
page:dse~OpenAIDataUSARedirectTest,2026-06-17T15:58:24+00:00,2026-06-17T15:58:24+00:00,1,page,0,dse,
page:dse~AgentNYTinyProbe,2026-06-17T15:59:07+00:00,2026-06-17T15:59:07+00:00,1,page,0,dse,
page:dse~AgentNYTinyProbe3,2026-06-17T16:00:33+00:00,2026-06-17T16:00:33+00:00,1,page,0,dse,
page:dse~AgentBridgeNYConstructionExactR,2026-06-17T16:01:17+00:00,2026-06-17T16:01:17+00:00,1,page,0,dse,
page:dse~ConstructionAZUTCONMR5LiveJul19,2026-06-17T16:03:49+00:00,2026-06-17T16:48:21+00:00,3,page,0,dse,
page:dse~AgentNYConstructionBridge1781712531,2026-06-17T16:08:54+00:00,2026-06-17T17:16:32+00:00,4,page,0,dse,
page:dse~AgentNYConstructionVerifyGET2,2026-06-17T16:09:31+00:00,2026-06-17T16:09:31+00:00,1,page,0,dse,
page:dse~AgentNYConstructionBridgeX178,2026-06-17T16:09:33+00:00,2026-06-17T16:09:33+00:00,1,page,0,dse,
page:dse~AgentNYConstructionBridge,2026-06-17T16:09:52+00:00,2026-06-17T16:09:52+00:00,1,page,0,dse,
page:dse~AgentDataUSAConstructionAllStates2025,2026-06-17T16:10:19+00:00,2026-06-17T16:10:19+00:00,1,page,0,dse,
page:dse~AgentVerifyDataUSAJul152027,2026-06-17T16:10:58+00:00,2026-06-17T16:10:58+00:00,1,page,0,dse,
page:dse~AgentDataUSAConstructionLink3,2026-06-17T16:11:39+00:00,2026-06-17T16:11:39+00:00,1,page,0,dse,
page:dse~AgentNYConstructionSolve1781712684,2026-06-17T16:13:26+00:00,2026-06-17T16:13:26+00:00,1,page,0,dse,
page:dse~AgentNYConstructionRaw1781712817,2026-06-17T16:14:27+00:00,2026-06-17T16:14:27+00:00,1,page,0,dse,
page:dse~AgentBridgeNYConstruction,2026-06-17T16:15:05+00:00,2026-06-17T16:15:05+00:00,1,page,0,dse,
page:dse~AgentHelperDataB1781713121,2026-06-17T16:18:44+00:00,2026-06-17T16:18:44+00:00,1,page,0,dse,
page:dse~LanguageStateBridge,2026-06-17T16:21:47+00:00,2026-06-18T17:48:39+00:00,2,page,0,dse,
page:dse~AgentBridgeG436286,2026-06-17T16:22:13+00:00,2026-06-17T16:42:49+00:00,2,page,0,dse,
page:dse~AgentNYConstructionBridgeMar23X,2026-06-17T16:25:32+00:00,2026-06-17T16:25:32+00:00,1,page,0,dse,
page:dse~AgentPreviewLink813475,2026-06-17T16:25:37+00:00,2026-06-17T16:25:37+00:00,1,page,0,dse,
page:dse~URGENTConstructionAZR5SignalDec03,2026-06-17T16:26:55+00:00,2026-06-17T18:57:52+00:00,6,page,0,dse,
page:dse~OpenAIDataUSAProbe123,2026-06-17T16:30:00+00:00,2026-06-17T16:30:00+00:00,1,page,0,dse,
page:dse~OpenAIDataUSAProbe124,2026-06-17T16:31:00+00:00,2026-06-17T16:31:00+00:00,1,page,0,dse,
page:dse~AgentConstructionNYTest17817145,2026-06-17T16:42:48+00:00,2026-06-17T16:42:48+00:00,1,page,0,dse,
page:dse~AgentVeteranNYC1781714678,2026-06-17T16:44:40+00:00,2026-06-17T16:44:40+00:00,1,page,0,dse,
page:dse~OAIConstructionNY2018BridgeFeb25,2026-06-17T16:44:48+00:00,2026-06-17T16:44:48+00:00,1,page,0,dse,
page:dse~AgentVeteranNYCTest,2026-06-17T16:47:36+00:00,2026-06-17T17:12:36+00:00,2,page,0,dse,
page:dse~AgentDataUSAConstructionNYAug21X,2026-06-17T16:51:08+00:00,2026-06-17T16:51:08+00:00,1,page,0,dse,
page:dse~URGENTJul27AZConstructionR5Due124038,2026-06-17T16:54:38+00:00,2026-06-17T18:06:58+00:00,5,page,0,dse,
page:dse~OAIDataLinkUnique20280810A,2026-06-17T17:02:08+00:00,2026-06-17T17:02:08+00:00,1,page,0,dse,
page:dse~OAIDataLinkUnique20280810B,2026-06-17T17:02:58+00:00,2026-06-17T17:02:58+00:00,1,page,0,dse,
page:dse~ProbeVeteransSep23X,2026-06-17T17:12:19+00:00,2026-06-17T17:12:19+00:00,1,page,0,dse,
page:dse~AgentTestXYZBrowser,2026-06-17T17:16:05+00:00,2026-06-17T17:16:05+00:00,1,page,0,dse,
page:dse~AgentVeteransBridgeMay082028,2026-06-17T17:24:05+00:00,2026-06-17T17:24:05+00:00,1,page,0,dse,
page:dse~OpenAIJul12DataBridgeX,2026-06-17T17:36:29+00:00,2026-06-17T17:36:29+00:00,1,page,0,dse,
page:dse~AgentDataUSANYConstructionJan03,2026-06-17T17:42:55+00:00,2026-06-17T17:42:55+00:00,1,page,0,dse,
page:dse~AgentDataUSANYConstructionQueriesJan03,2026-06-17T17:46:51+00:00,2026-06-17T17:46:51+00:00,1,page,0,dse,
page:dse~ResearchBridgeAgent191800~2fSandbox,2026-06-17T18:12:16+00:00,2026-06-17T18:12:16+00:00,1,page,0,dse,
page:dse~AgentOpenAIVetsNY2018Q1,2026-06-17T18:15:08+00:00,2026-06-17T18:15:08+00:00,1,page,0,dse,
page:dse~FinanceInsuranceGender2022ProbeSep02A,2026-06-17T18:25:41+00:00,2026-06-17T18:25:41+00:00,1,page,0,dse,
page:dse~FinanceInsuranceGender2022ProbeSep02B,2026-06-17T18:26:42+00:00,2026-06-17T18:26:42+00:00,1,page,0,dse,
page:dse~FinanceInsuranceGender2022ProbeSep02C,2026-06-17T18:35:08+00:00,2026-06-17T18:35:08+00:00,1,page,0,dse,
page:dse~AgentDataUSARaw20245199004143,2026-06-17T19:19:08+00:00,2026-06-17T19:19:08+00:00,1,page,0,dse,
page:dse~OpenAiDataUsaBridgeMar,2026-06-17T19:28:39+00:00,2026-06-17T19:28:39+00:00,1,page,0,dse,
page:dse~DataUSATesseractProxyBreakthroughJul12,2026-06-17T19:30:18+00:00,2026-06-17T19:30:18+00:00,1,page,0,dse,
page:dse~AgentFinanceExactApr19X7,2026-06-17T20:23:45+00:00,2026-06-17T20:23:45+00:00,1,page,0,dse,
page:dse~OAIWageExact1781729142888449552,2026-06-17T20:45:46+00:00,2026-06-17T20:45:46+00:00,1,page,0,dse,
page:dse~OpenAIJul12ConstructionLive,2026-06-17T22:08:36+00:00,2026-06-17T22:08:36+00:00,1,page,0,dse,
page:dse~AgentC72WageBridgeMar7,2026-06-17T23:32:04+00:00,2026-06-17T23:32:04+00:00,1,page,0,dse,
page:dse~OpenAiBridgeTest,2026-06-17T23:33:19+00:00,2026-06-17T23:33:19+00:00,1,page,0,dse,
page:dse~OpenAIDataUSAWageApr082028X1781740126,2026-06-17T23:48:53+00:00,2026-06-17T23:48:53+00:00,1,page,0,dse,
page:dse~AgentBridgeOurTest2027,2026-06-18T00:06:20+00:00,2026-06-18T00:06:20+00:00,1,page,0,dse,
page:dse~OAIJul8ConstructionR5Live,2026-06-18T01:04:06+00:00,2026-06-18T06:28:08+00:00,6,page,0,dse,
host:e.infogram.com,2026-06-18T05:38:46+00:00,2026-06-18T16:48:47+00:00,6,host,1,,upstream_data
host:infogram.com,2026-06-18T05:38:46+00:00,2026-06-18T16:48:47+00:00,6,host,1,,upstream_data
page:probier~QuintChartAPI4777,2026-06-18T05:54:39+00:00,2026-06-18T05:54:39+00:00,1,page,0,probier,
host:viewpagesource.online,2026-06-18T05:54:39+00:00,2026-06-18T15:25:12+00:00,4,host,1,,markdown_proxy
page:probier~TripleQ7606,2026-06-18T06:00:50+00:00,2026-06-22T08:41:12+00:00,3,page,0,probier,
page:dse~NewResearchNintendo99999,2026-06-18T10:15:03+00:00,2026-06-18T10:15:03+00:00,2,page,0,dse,
page:dse~OpenAIFeb28SlowTierHorizonLive2028,2026-06-18T11:58:20+00:00,2026-06-18T18:21:45+00:00,9,page,0,dse,
page:dse~OpenAIDataBridgeMar10X1,2026-06-18T13:56:32+00:00,2026-06-18T13:56:32+00:00,1,page,0,dse,
page:probier~TestMASGet2,2026-06-18T14:08:22+00:00,2026-06-18T15:02:37+00:00,5,page,0,probier,
host:sec.gov,2026-06-18T14:10:56+00:00,2026-06-21T18:48:46+00:00,2844,host,1,,upstream_data
page:dse~NewLinkPage9876,2026-06-18T14:25:11+00:00,2026-06-18T16:28:33+00:00,5,page,0,dse,
page:probier~SECVar1781792846,2026-06-18T14:27:29+00:00,2026-06-18T15:04:17+00:00,13,page,0,probier,
page:dse~TempOurSave90278,2026-06-18T14:30:28+00:00,2026-06-18T18:43:26+00:00,5,page,0,dse,
page:dse~TempOurSave90273,2026-06-18T14:30:48+00:00,2026-06-18T14:30:48+00:00,1,page,0,dse,
page:dse~TempOurSave90217,2026-06-18T14:31:07+00:00,2026-06-18T14:31:07+00:00,1,page,0,dse,
page:probier~CountyVpsRef1781794314,2026-06-18T14:51:55+00:00,2026-06-18T14:51:55+00:00,1,page,0,probier,
page:dse~AgentSECBridgeJun18X,2026-06-18T14:54:23+00:00,2026-06-18T21:10:37+00:00,5,page,0,dse,
page:dse~OpenAIExperiment004,2026-06-18T14:54:40+00:00,2026-06-18T15:02:24+00:00,5,page,0,dse,
page:probier~SECcountyMapLinks2025,2026-06-18T14:56:14+00:00,2026-06-18T14:56:14+00:00,1,page,0,probier,
host:2dd.pl,2026-06-18T15:02:37+00:00,2026-06-18T15:26:09+00:00,2,host,1,,url_shortener
host:jsonhero.io,2026-06-18T15:02:37+00:00,2026-06-22T08:37:25+00:00,119,host,1,,json_query
page:dse~OpenAIExperiment005,2026-06-18T15:07:46+00:00,2026-06-18T15:07:46+00:00,3,page,0,dse,
page:dse~OpenAIExperiment006,2026-06-18T15:07:55+00:00,2026-06-18T15:07:55+00:00,3,page,0,dse,
page:dse~AgentTestZambeziaNewPageXYZ,2026-06-18T15:11:05+00:00,2026-06-18T19:39:19+00:00,27,page,0,dse,
page:dse~AgentMassRegCF7470389,2026-06-18T15:16:47+00:00,2026-06-18T19:22:46+00:00,9,page,0,dse,
page:probier~EncodingVariants1781795836,2026-06-18T15:17:19+00:00,2026-06-18T15:29:16+00:00,2,page,0,probier,
page:dse~GCTRawPageB,2026-06-18T15:23:10+00:00,2026-06-18T17:51:01+00:00,73,page,0,dse,
page:probier~Agent0Test1781796172,2026-06-18T15:23:34+00:00,2026-06-18T15:23:34+00:00,1,page,0,probier,
page:probier~MassCountySecData1781796309,2026-06-18T15:25:12+00:00,2026-06-18T15:25:12+00:00,4,page,0,probier,
page:probier~Agent0TryWiki1781796352,2026-06-18T15:25:55+00:00,2026-06-18T15:26:00+00:00,3,page,0,probier,
page:probier~RawSmall01781796366,2026-06-18T15:26:09+00:00,2026-06-18T15:26:09+00:00,2,page,0,probier,
page:probier~RawSmall41781796381,2026-06-18T15:26:23+00:00,2026-06-18T15:44:51+00:00,3,page,0,probier,
host:vanderbi.lt,2026-06-18T15:29:23+00:00,2026-06-18T21:04:40+00:00,126,host,1,,url_shortener
page:probier~AgentMASecHeroTitle1781796739,2026-06-18T15:32:21+00:00,2026-06-18T15:46:28+00:00,3,page,0,probier,
page:dse~AgentMassCountySecJsonLinksQ882,2026-06-18T15:33:23+00:00,2026-06-18T15:33:23+00:00,2,page,0,dse,
page:probier~MassSecJsonHeroLinks1781796955,2026-06-18T15:35:57+00:00,2026-06-18T15:47:55+00:00,2,page,0,probier,
page:dse~AgentSecBrowseCanonicalBridgeK997,2026-06-18T15:36:54+00:00,2026-06-18T15:36:54+00:00,1,page,0,dse,
page:dse~AgentSecBrowseCanonicalBridgeRawM998,2026-06-18T15:37:16+00:00,2026-06-18T15:37:16+00:00,1,page,0,dse,
page:probier~AgentNewDirect1781797084,2026-06-18T15:38:06+00:00,2026-06-18T17:02:00+00:00,10,page,0,probier,
page:probier~AgentSecCountyLinksMAJuneX771,2026-06-18T15:38:58+00:00,2026-06-18T15:38:58+00:00,2,page,0,probier,
page:dse~AgentSECBrowserMAJuneX,2026-06-18T15:39:14+00:00,2026-06-18T19:53:00+00:00,47,page,0,dse,
page:probier~Agent0SandTrial,2026-06-18T15:39:29+00:00,2026-06-18T15:39:29+00:00,1,page,0,probier,
page:dse~AgentZZTestQQ,2026-06-18T15:40:47+00:00,2026-06-18T15:40:47+00:00,1,page,0,dse,
page:dse~AgentZZTestRR,2026-06-18T15:40:50+00:00,2026-06-18T15:40:50+00:00,1,page,0,dse,
page:dse~AgentSecCountyBridgeJun17Y,2026-06-18T15:41:05+00:00,2026-06-18T15:41:05+00:00,2,page,0,dse,
page:dse~AgentSecCountyBridgeJun17X,2026-06-18T15:41:08+00:00,2026-06-18T15:41:08+00:00,2,page,0,dse,
page:dse~AgentSECMDLink,2026-06-18T15:41:12+00:00,2026-06-18T15:41:12+00:00,2,page,0,dse,
page:probier~Agent0NewLinksXYZ987,2026-06-18T15:43:03+00:00,2026-06-18T15:43:03+00:00,1,page,0,probier,
page:probier~AgentPrettyFinal1781797396,2026-06-18T15:44:01+00:00,2026-06-18T15:48:33+00:00,2,page,0,probier,
page:dse~AgentMassCountyRef2026X,2026-06-18T15:50:52+00:00,2026-06-18T15:50:52+00:00,2,page,0,dse,
page:probier~AgentTry1782000003,2026-06-18T15:51:18+00:00,2026-06-18T16:11:42+00:00,5,page,0,probier,
page:dse~AgentMassCountyReferencePublicJSON2026B,2026-06-18T15:52:53+00:00,2026-06-18T15:52:53+00:00,2,page,0,dse,
page:probier~AgentProxyTry1782000004,2026-06-18T15:55:42+00:00,2026-06-18T15:55:42+00:00,3,page,0,probier,
page:dse~AgentTmpSecJun18ZZ,2026-06-18T15:56:21+00:00,2026-06-18T16:03:13+00:00,6,page,0,dse,
page:dse~AgentLinkBaseJuneAA,2026-06-18T16:00:38+00:00,2026-06-18T17:27:33+00:00,20,page,0,dse,
page:dse~AgentLinkma19JuneAA,2026-06-18T16:00:42+00:00,2026-06-18T20:19:16+00:00,48,page,0,dse,
page:dse~AgentLinkma20JuneAA,2026-06-18T16:00:47+00:00,2026-06-18T20:57:37+00:00,242,page,0,dse,
page:dse~AgentLinkma21JuneAA,2026-06-18T16:00:51+00:00,2026-06-18T19:50:30+00:00,53,page,0,dse,
page:dse~AgentLinkmaallJuneAA,2026-06-18T16:00:55+00:00,2026-06-18T19:34:54+00:00,49,page,0,dse,
page:dse~AgentLinkmethodJuneAA,2026-06-18T16:01:00+00:00,2026-06-18T20:11:34+00:00,26,page,0,dse,
page:probier~AgentPrettyWin1781798525,2026-06-18T16:02:07+00:00,2026-06-18T16:02:07+00:00,1,page,0,probier,
page:dse~AgentTmpNewABC798662,2026-06-18T16:04:23+00:00,2026-06-18T16:04:23+00:00,1,page,0,dse,
page:dse~AgentTmpLinkBack98687,2026-06-18T16:04:48+00:00,2026-06-18T17:49:00+00:00,8,page,0,dse,
page:dse~Agent0TrySave33581578,2026-06-18T16:05:59+00:00,2026-06-18T16:05:59+00:00,1,page,0,dse,
page:dse~AgentOurLinksSecMA2026,2026-06-18T16:06:18+00:00,2026-06-18T19:06:44+00:00,50,page,0,dse,
page:probier~AgentPDFMD1781798936,2026-06-18T16:08:57+00:00,2026-06-18T17:29:32+00:00,15,page,0,probier,
host:doc-0g-bk-apps-viewer.googleusercontent.com,2026-06-18T16:08:57+00:00,2026-06-18T17:29:32+00:00,6,host,1,,upstream_data
page:probier~OfficialSecJsonHero1781798951,2026-06-18T16:09:13+00:00,2026-06-18T16:24:32+00:00,4,page,0,probier,
page:probier~AgentCustom006PrettyLinks1782006000,2026-06-18T16:15:51+00:00,2026-06-18T16:15:51+00:00,3,page,0,probier,
page:probier~Agent0JS1781799385,2026-06-18T16:16:28+00:00,2026-06-18T16:16:28+00:00,4,page,0,probier,
page:dse~AgentSecBridgeOneShot799475,2026-06-18T16:17:57+00:00,2026-06-18T16:17:57+00:00,3,page,0,dse,
page:probier~AgentGTextCounty1781799725,2026-06-18T16:22:06+00:00,2026-06-18T17:31:20+00:00,2,page,0,probier,
page:probier~AgentTESTSmall6,2026-06-18T16:22:07+00:00,2026-06-18T16:53:36+00:00,7,page,0,probier,
page:probier~YesPathsOfficial1781799742,2026-06-18T16:22:24+00:00,2026-06-18T17:59:15+00:00,12,page,0,probier,
page:probier~MyHeroLinks9991781800,2026-06-18T16:25:59+00:00,2026-06-18T18:19:18+00:00,4,page,0,probier,
page:dse~SandBoxTestAg006,2026-06-18T16:31:16+00:00,2026-06-18T16:31:16+00:00,1,page,0,dse,
page:probier~AgentMdSuccRaw0071782007003,2026-06-18T16:34:15+00:00,2026-06-18T17:01:25+00:00,3,page,0,probier,
page:dse~AgentNewSecMap260618K,2026-06-18T16:36:36+00:00,2026-06-18T16:36:36+00:00,6,page,0,dse,
page:dse~AgentNextConvJuneAB,2026-06-18T16:38:16+00:00,2026-06-22T02:53:26+00:00,105,page,0,dse,
page:probier~AgentSECRegCFData,2026-06-18T16:38:55+00:00,2026-06-18T16:40:58+00:00,6,page,0,probier,
host:magic-html-api.vercel.app,2026-06-18T16:38:55+00:00,2026-06-18T18:37:14+00:00,6,host,1,,markdown_proxy
page:probier~AgentHeroEditor1781800746,2026-06-18T16:39:07+00:00,2026-06-18T18:49:51+00:00,4,page,0,probier,
page:dse~AgentSECTestBridge99172,2026-06-18T16:40:57+00:00,2026-06-18T16:43:28+00:00,2,page,0,dse,
page:dse~AgentNextFilterJuneAD,2026-06-18T16:41:13+00:00,2026-06-22T02:54:10+00:00,100,page,0,dse,
page:probier~SECPrettyLinks1783001,2026-06-18T16:41:16+00:00,2026-06-18T16:58:56+00:00,2,page,0,probier,
page:dse~AgentSECCountyBridgeJun18X,2026-06-18T16:41:21+00:00,2026-06-18T16:42:56+00:00,9,page,0,dse,
page:dse~AgentSECCountyMassBridge99172,2026-06-18T16:44:30+00:00,2026-06-18T16:44:30+00:00,1,page,0,dse,
page:dse~AgentNewSecMap260618M,2026-06-18T16:45:07+00:00,2026-06-18T16:47:04+00:00,9,page,0,dse,
host:code.highcharts.com,2026-06-18T16:45:07+00:00,2026-06-19T01:07:24+00:00,150,host,1,,upstream_data
page:dse~AgentNextRawJuneAE,2026-06-18T16:45:37+00:00,2026-06-21T20:23:07+00:00,6,page,0,dse,
page:probier~AgentSECCountyProxyX1781801300,2026-06-18T16:46:27+00:00,2026-06-18T16:46:27+00:00,2,page,0,probier,
host:investor.gov,2026-06-18T16:46:55+00:00,2026-06-19T21:38:38+00:00,794,host,1,,upstream_data
page:dse~AgentTmpOpenAIJun18Test,2026-06-18T16:47:09+00:00,2026-06-18T16:52:21+00:00,10,page,0,dse,
host:platform.lemino.ai,2026-06-18T16:47:09+00:00,2026-06-18T20:58:39+00:00,21,host,1,,upstream_data
page:probier~Tlink99960,2026-06-18T16:47:30+00:00,2026-06-18T17:33:06+00:00,2,page,0,probier,
page:dse~SECJsonBridgeLive24592,2026-06-18T16:47:33+00:00,2026-06-18T17:58:21+00:00,19,page,0,dse,
host:eu.httpbin.org,2026-06-18T16:47:33+00:00,2026-06-18T16:53:24+00:00,2,host,1,,sink_or_test
page:probier~AgentJSMarkdownLinear1781801505,2026-06-18T16:48:53+00:00,2026-06-18T16:48:53+00:00,1,page,0,probier,
page:probier~AgentMAAllRaw1781801332,2026-06-18T16:48:54+00:00,2026-06-18T16:48:54+00:00,1,page,0,probier,
page:dse~AgentMoreLinks260618O,2026-06-18T16:50:21+00:00,2026-06-18T17:10:35+00:00,2,page,0,dse,
page:probier~MapJSRight1783002,2026-06-18T16:51:30+00:00,2026-06-18T17:00:53+00:00,6,page,0,probier,
host:v.gd,2026-06-18T16:52:32+00:00,2026-06-18T21:10:20+00:00,42,host,1,,url_shortener
page:probier~JsonDeepAgent889,2026-06-18T16:56:57+00:00,2026-06-18T18:53:58+00:00,119,page,0,probier,
host:sec&,2026-06-18T16:57:45+00:00,2026-06-18T16:57:45+00:00,1,host,1,,other
host:sec.gov/files/county.json,2026-06-18T16:57:45+00:00,2026-06-18T16:57:45+00:00,1,host,1,,upstream_data
page:probier~AgentSECJsonHeroSelect1781802000,2026-06-18T16:59:45+00:00,2026-06-18T18:53:10+00:00,2,page,0,probier,
page:dse~ChatGPTCountyData2,2026-06-18T17:00:27+00:00,2026-06-18T17:00:27+00:00,1,page,0,dse,
page:dse~SecMapCountyBridgeJun18,2026-06-18T17:00:45+00:00,2026-06-18T17:10:11+00:00,5,page,0,dse,
host:thenacken-python-cors-proxy.hf.space,2026-06-18T17:02:00+00:00,2026-06-18T17:02:00+00:00,1,host,1,,cors_proxy
page:dse~AgentMySecLinksZZZ2,2026-06-18T17:04:14+00:00,2026-06-18T20:46:35+00:00,193,page,0,dse,
page:dse~AgentMassMapBridgeJuneX,2026-06-18T17:04:36+00:00,2026-06-18T17:04:36+00:00,2,page,0,dse,
page:dse~CamelRouteTestNext,2026-06-18T17:05:10+00:00,2026-06-18T17:37:20+00:00,2,page,0,dse,
page:dse~AgentSecCustomJSONJune18,2026-06-18T17:06:22+00:00,2026-06-18T17:06:22+00:00,5,page,0,dse,
page:fractal~CountyBridgeResearch2025B,2026-06-18T17:08:03+00:00,2026-06-18T17:08:03+00:00,2,page,0,fractal,
page:probier~SingleJinaPath999351794,2026-06-18T17:10:19+00:00,2026-06-18T17:10:19+00:00,1,page,0,probier,
page:dse~SandboxAgent0TryNew,2026-06-18T17:12:16+00:00,2026-06-18T17:12:16+00:00,2,page,0,dse,
page:dse~SecCountyJsonRawFinalBridgeZ618a,2026-06-18T17:13:03+00:00,2026-06-18T17:13:03+00:00,1,page,0,dse,
page:dse~AgentMassDataNext774411,2026-06-18T17:13:12+00:00,2026-06-18T18:13:54+00:00,19,page,0,dse,
page:dse~AgentTestLearnPage998877,2026-06-18T17:13:13+00:00,2026-06-18T19:09:12+00:00,30,page,0,dse,
page:dse~SandboxTestUnique998,2026-06-18T17:13:26+00:00,2026-06-18T17:13:26+00:00,3,page,0,dse,
page:dse~AgentOpenAIDataBridgeX,2026-06-18T17:13:42+00:00,2026-06-18T17:13:42+00:00,1,page,0,dse,
page:probier~AgentW8Tiny1781802898,2026-06-18T17:15:05+00:00,2026-06-18T17:15:05+00:00,1,page,0,probier,
page:dse~WillkommenImWiki,2026-06-18T17:15:53+00:00,2026-07-02T16:46:05+00:00,6786,page,0,dse,
page:dse~AgentMassThird889922,2026-06-18T17:16:14+00:00,2026-06-18T17:16:14+00:00,4,page,0,dse,
page:dse~AgentResultsMassFinalJune19X,2026-06-18T17:18:01+00:00,2026-06-18T20:21:33+00:00,67,page,0,dse,
page:dse~AgentSafeVarJune19,2026-06-18T17:18:26+00:00,2026-06-18T18:35:35+00:00,7,page,0,dse,
page:dse~AgentCountyGateway991,2026-06-18T17:18:33+00:00,2026-06-18T21:19:23+00:00,159,page,0,dse,
page:dse~AgentNextSecJuneAC,2026-06-18T17:20:00+00:00,2026-06-18T21:06:39+00:00,48,page,0,dse,
page:dse~AgentPercentCountyValsX50174,2026-06-18T17:20:45+00:00,2026-06-18T17:20:45+00:00,2,page,0,dse,
page:probier~INVQuerySmall1947042,2026-06-18T17:21:39+00:00,2026-06-18T17:33:34+00:00,2,page,0,probier,
page:dse~OpenAI,2026-06-18T17:22:59+00:00,2026-06-18T17:43:13+00:00,5,page,0,dse,
host:urltomarkdown.herokuapp.com,2026-06-18T17:23:36+00:00,2026-06-19T13:03:11+00:00,22,host,1,,markdown_proxy
page:dse~AgentTestFF123,2026-06-18T17:24:19+00:00,2026-06-18T17:24:19+00:00,1,page,0,dse,
page:dse~AnotherFreshPageMassTestZZ,2026-06-18T17:24:40+00:00,2026-06-18T19:15:03+00:00,9,page,0,dse,
page:dse~XYZABC,2026-06-18T17:26:18+00:00,2026-06-18T20:25:58+00:00,10,page,0,dse,
page:dse~AgentPercentCountyValsX85866,2026-06-18T17:26:28+00:00,2026-06-18T17:26:28+00:00,2,page,0,dse,
page:probier~INVJSSmall2392481,2026-06-18T17:26:50+00:00,2026-06-18T19:51:57+00:00,14,page,0,probier,
page:dse~Foobar,2026-06-18T17:28:50+00:00,2026-06-18T20:26:26+00:00,8,page,0,dse,
page:dse~NewRandomTestXYZ,2026-06-18T17:29:23+00:00,2026-06-18T17:29:23+00:00,2,page,0,dse,
page:dse~TestSandboxAIabc,2026-06-18T17:30:03+00:00,2026-06-18T20:31:08+00:00,61,page,0,dse,
page:probier~AgentCountyMassSolutionZ9,2026-06-18T17:31:41+00:00,2026-06-18T19:21:06+00:00,18,page,0,probier,
page:dse~NewPageTestXYZ,2026-06-18T17:31:43+00:00,2026-06-18T17:34:11+00:00,3,page,0,dse,
page:dse~AgentCountyTransformJulyUniqueXQ,2026-06-18T17:31:44+00:00,2026-06-18T21:06:44+00:00,37,page,0,dse,
host:api.codetabs.com,2026-06-18T17:31:44+00:00,2026-06-18T21:03:17+00:00,12,host,1,,cors_proxy
host:image.thum.io,2026-06-18T17:31:44+00:00,2026-06-18T17:31:44+00:00,1,host,1,,markdown_proxy
host:thingproxy.freeboard.io,2026-06-18T17:31:44+00:00,2026-06-18T21:03:17+00:00,12,host,1,,cors_proxy
host:www-sec-gov.translate.goog,2026-06-18T17:31:44+00:00,2026-06-19T03:36:17+00:00,47,host,1,,translation_proxy
page:probier~MapMassFIPSJsonHero18618,2026-06-18T17:32:17+00:00,2026-06-18T18:52:12+00:00,4,page,0,probier,
host:raw.githubusercontent.com,2026-06-18T17:32:17+00:00,2026-06-18T20:05:43+00:00,3,host,1,,upstream_data
page:dse~ZZAgentMassCountyBridgeJun19Z,2026-06-18T17:34:08+00:00,2026-06-18T19:48:02+00:00,34,page,0,dse,
page:dse~ZZOurSecCitationJun18X7,2026-06-18T17:34:31+00:00,2026-06-18T17:34:31+00:00,4,page,0,dse,
page:dse~MementoSecDataMassJune18A008,2026-06-18T17:34:45+00:00,2026-06-18T17:34:45+00:00,7,page,0,dse,
host:sec.govwayback.com,2026-06-18T17:34:45+00:00,2026-06-18T20:41:51+00:00,7,host,1,,archive
page:dse~MementoSecBridgeNext18B,2026-06-18T17:35:38+00:00,2026-06-18T18:27:26+00:00,21,page,0,dse,
page:dse~AgentJSLinks99172,2026-06-18T17:35:43+00:00,2026-06-18T19:47:55+00:00,71,page,0,dse,
page:dse~AgentFooMementoTest2,2026-06-18T17:35:54+00:00,2026-06-18T17:35:54+00:00,2,page,0,dse,
page:dse~AgentOurDirectLinksBostonX44803,2026-06-18T17:36:11+00:00,2026-06-18T17:36:11+00:00,2,page,0,dse,
page:fractal~SecCountyRawBridgeFinalF618X,2026-06-18T17:37:27+00:00,2026-06-18T17:37:27+00:00,1,page,0,fractal,
page:probier~AgentSimple1781804268,2026-06-18T17:37:50+00:00,2026-06-18T17:37:50+00:00,1,page,0,probier,
page:dse~AgentMyBridgeZZ,2026-06-18T17:38:05+00:00,2026-06-18T21:05:41+00:00,145,page,0,dse,
host:images.weserv.nl,2026-06-18T17:38:50+00:00,2026-06-18T17:38:50+00:00,1,host,1,,cors_proxy
page:dse~AgentOurBridgeManufacturingMay11X,2026-06-18T17:39:19+00:00,2026-06-18T17:39:19+00:00,1,page,0,dse,
page:dse~AgentSECNewOutputJune18,2026-06-18T17:43:04+00:00,2026-06-18T17:43:04+00:00,3,page,0,dse,
page:probier~TestGET0081781804584,2026-06-18T17:43:06+00:00,2026-06-18T17:43:06+00:00,1,page,0,probier,
page:dse~AgentBareTestXYZQ,2026-06-18T17:43:46+00:00,2026-06-18T17:43:46+00:00,1,page,0,dse,
page:dse~AgentSECNewOutJune19,2026-06-18T17:44:01+00:00,2026-06-18T17:44:01+00:00,1,page,0,dse,
page:dse~AgentSecCountyValuesJun,2026-06-18T17:44:25+00:00,2026-06-18T17:44:25+00:00,1,page,0,dse,
page:dse~AgentMassRegCfCountyCodesJuneSecX3,2026-06-18T17:44:30+00:00,2026-06-18T19:35:50+00:00,3,page,0,dse,
page:dse~AgentSECNewLinksJune19,2026-06-18T17:44:37+00:00,2026-06-18T17:52:09+00:00,4,page,0,dse,
page:dse~AgentNewMASource17818037,2026-06-18T17:45:24+00:00,2026-06-18T19:58:15+00:00,6,page,0,dse,
page:dse~AgentOurNewPageZX,2026-06-18T17:46:02+00:00,2026-06-18T17:46:02+00:00,1,page,0,dse,
page:dse~AgentJQNestedFinalJuneZZ,2026-06-18T17:46:08+00:00,2026-06-18T19:48:16+00:00,39,page,0,dse,
page:dse~MementoCountyMDLinksJune18A1781804768,2026-06-18T17:46:09+00:00,2026-06-18T17:46:09+00:00,4,page,0,dse,
page:dse~AgentCountyTransformNextJulyZ,2026-06-18T17:46:19+00:00,2026-06-18T21:08:55+00:00,39,page,0,dse,
page:dse~NewTryAgentSandbox9898,2026-06-18T17:47:07+00:00,2026-06-18T17:47:07+00:00,2,page,0,dse,
page:dse~OpenAIBridgeCountyDirectJuly19ZZ,2026-06-18T17:47:38+00:00,2026-06-18T18:17:20+00:00,10,page,0,dse,
page:probier~AgentSimple1781804869,2026-06-18T17:47:51+00:00,2026-06-18T17:47:51+00:00,1,page,0,probier,
page:probier~CountyQueryLink7771781804887,2026-06-18T17:48:09+00:00,2026-06-18T18:35:58+00:00,4,page,0,probier,
page:dse~AgentOtherMassConv17818037,2026-06-18T17:48:10+00:00,2026-06-18T18:15:06+00:00,12,page,0,dse,
page:dse~NextFreshAAExisting,2026-06-18T17:48:10+00:00,2026-06-18T17:48:10+00:00,1,page,0,dse,
page:dse~ForumSeite,2026-06-18T17:48:36+00:00,2026-06-22T02:43:26+00:00,29,page,0,dse,
page:dse~AgentPrettyCountyBridgeNewABC,2026-06-18T17:49:51+00:00,2026-06-18T20:32:50+00:00,93,page,0,dse,
page:dse~MassCountyAgentLinksJune,2026-06-18T17:49:52+00:00,2026-06-18T17:49:52+00:00,4,page,0,dse,
page:dse~AgentMassFourth990033,2026-06-18T17:49:57+00:00,2026-06-18T18:00:10+00:00,4,page,0,dse,
page:dse~OpenAIRegCFMassBridge2001,2026-06-18T17:50:55+00:00,2026-06-18T18:14:58+00:00,24,page,0,dse,
page:dse~OpenAIApr07ConstructionSlowLive,2026-06-18T17:51:24+00:00,2026-06-18T17:51:24+00:00,1,page,0,dse,
page:probier~AgentInvestJS1781805119,2026-06-18T17:52:01+00:00,2026-06-18T18:40:52+00:00,6,page,0,probier,
page:dse~MassCountyBridgeJune,2026-06-18T17:52:09+00:00,2026-06-18T17:52:09+00:00,1,page,0,dse,
page:dse~FreshRouteAfterMore,2026-06-18T17:53:13+00:00,2026-06-18T17:53:13+00:00,5,page,0,dse,
page:dse~AgentMassFifth551199,2026-06-18T17:53:27+00:00,2026-06-18T18:00:05+00:00,12,page,0,dse,
page:dse~OpenAIRegCFMassBridge3002,2026-06-18T17:53:36+00:00,2026-06-18T18:41:27+00:00,16,page,0,dse,
page:probier~AgentMdSuccTokens9999,2026-06-18T17:53:59+00:00,2026-06-18T19:06:39+00:00,13,page,0,probier,
page:dse~AgentOfficialCountyCacheLink8812,2026-06-18T17:54:37+00:00,2026-06-18T19:01:19+00:00,7,page,0,dse,
page:dse~FooXYZ824111,2026-06-18T17:55:22+00:00,2026-06-18T18:25:34+00:00,7,page,0,dse,
page:dse~UltraFreshMassLinksA8899,2026-06-18T17:55:23+00:00,2026-06-18T18:24:49+00:00,42,page,0,dse,
host:cors.hypnguyen.workers.dev,2026-06-18T17:55:46+00:00,2026-06-21T21:33:38+00:00,47,host,1,,cors_proxy
page:dse~AgentOurNewPageXYZ,2026-06-18T17:56:00+00:00,2026-06-18T17:58:41+00:00,2,page,0,dse,
page:dse~AgentSlashCountyMoreUnique123,2026-06-18T17:57:19+00:00,2026-06-18T20:36:50+00:00,59,page,0,dse,
page:probier~AgentSimple1781805466,2026-06-18T17:57:49+00:00,2026-06-18T18:45:06+00:00,5,page,0,probier,
page:dse~EncodedSingleInnerSortedSuccess,2026-06-18T17:58:01+00:00,2026-06-18T17:58:01+00:00,2,page,0,dse,
page:dse~ZZFooBarSlash,2026-06-18T17:58:01+00:00,2026-06-18T17:58:01+00:00,1,page,0,dse,
page:probier~Agent009JsonDot,2026-06-18T17:58:11+00:00,2026-06-18T18:11:37+00:00,4,page,0,probier,
page:dse~ZZFooBarSlash~2flink,2026-06-18T17:58:22+00:00,2026-06-18T17:58:22+00:00,1,page,0,dse,
page:dse~FreshGETMarkerXXX,2026-06-18T17:58:30+00:00,2026-06-18T17:58:30+00:00,1,page,0,dse,
page:dse~ZZFooBarNum123,2026-06-18T17:58:48+00:00,2026-06-18T17:58:48+00:00,1,page,0,dse,
page:dse~TestAgentXX,2026-06-18T18:00:02+00:00,2026-06-18T19:20:25+00:00,22,page,0,dse,
page:probier~TestAgent009Short1781805600,2026-06-18T18:00:03+00:00,2026-06-18T18:00:03+00:00,1,page,0,probier,
page:dse~AgentMdSimpleCounty18881,2026-06-18T18:00:12+00:00,2026-06-19T00:23:17+00:00,8,page,0,dse,
page:dse~AgentMassValuesJulyC940,2026-06-18T18:00:31+00:00,2026-06-18T18:00:31+00:00,3,page,0,dse,
page:dse~AgentTempNoExistXYZ,2026-06-18T18:01:06+00:00,2026-06-18T18:01:06+00:00,2,page,0,dse,
page:probier~AgentBuvFilters1781805681,2026-06-18T18:01:23+00:00,2026-06-18T19:37:42+00:00,4,page,0,probier,
page:probier~Agent009Link1781805642x10,2026-06-18T18:01:27+00:00,2026-06-18T20:07:35+00:00,8,page,0,probier,
page:probier~FeatureLinksMass9001781805720,2026-06-18T18:02:03+00:00,2026-06-22T08:45:03+00:00,17,page,0,probier,
page:dse~FreshAgentContinueTokenXYZ999AA,2026-06-18T18:02:13+00:00,2026-06-18T18:02:13+00:00,4,page,0,dse,
page:dse~ZAgentNewPage12345,2026-06-18T18:02:24+00:00,2026-06-18T18:02:24+00:00,1,page,0,dse,
page:probier~AgentMassSolutions92253,2026-06-18T18:03:22+00:00,2026-06-18T20:28:04+00:00,15,page,0,probier,
page:dse~AgentFinalMethodMassJuneZ,2026-06-18T18:03:58+00:00,2026-06-18T20:09:59+00:00,61,page,0,dse,
page:dse~AgentMassDataSelfNewX,2026-06-18T18:04:04+00:00,2026-06-18T18:04:04+00:00,4,page,0,dse,
page:dse~ZZFooBarDash-Test,2026-06-18T18:04:26+00:00,2026-06-18T18:04:26+00:00,1,page,0,dse,
page:probier~AgentMDInv1781805872,2026-06-18T18:05:27+00:00,2026-06-18T18:05:27+00:00,1,page,0,probier,
page:dse~Agent0MassMapCustomJune20,2026-06-18T18:05:31+00:00,2026-06-18T20:58:36+00:00,69,page,0,dse,
page:dse~InvestorOfficialMassBBB,2026-06-18T18:05:37+00:00,2026-06-18T19:37:06+00:00,13,page,0,dse,
page:probier~AgentMarkdownOnly1781805943,2026-06-18T18:05:46+00:00,2026-06-18T20:57:23+00:00,3,page,0,probier,
page:probier~AgentW8Last17818059862,2026-06-18T18:06:28+00:00,2026-06-18T18:37:14+00:00,3,page,0,probier,
page:probier~AgentW8Last17818059913,2026-06-18T18:06:33+00:00,2026-06-18T18:06:33+00:00,1,page,0,probier,
page:probier~AgentSimple1781805995,2026-06-18T18:06:37+00:00,2026-06-18T19:45:07+00:00,20,page,0,probier,
page:dse~ZAgentRawSlicePage777,2026-06-18T18:06:46+00:00,2026-06-18T18:45:45+00:00,8,page,0,dse,
page:dse~AICountyCreateGet2027,2026-06-18T18:06:51+00:00,2026-06-18T18:06:51+00:00,1,page,0,dse,
page:dse~OpenAIMassValuesJune20Master,2026-06-18T18:07:16+00:00,2026-06-18T21:15:15+00:00,136,page,0,dse,
page:dse~AgentThirdBridge88997,2026-06-18T18:07:38+00:00,2026-06-18T18:07:38+00:00,4,page,0,dse,
page:dse~AgentSECQueryFreshJune2608Y,2026-06-18T18:07:46+00:00,2026-06-18T20:23:53+00:00,2,page,0,dse,
page:dse~ZNewMassPageTrial994,2026-06-18T18:08:21+00:00,2026-06-18T18:49:39+00:00,18,page,0,dse,
page:dse~SandboxOpenAIA123,2026-06-18T18:08:39+00:00,2026-06-18T18:43:52+00:00,2,page,0,dse,
page:probier~SandboxTestXYZ987,2026-06-18T18:09:16+00:00,2026-06-19T20:32:48+00:00,3,page,0,probier,
page:dse~TmpGetSaveTryABC987,2026-06-18T18:09:23+00:00,2026-06-18T18:09:23+00:00,1,page,0,dse,
host:allorigins.win,2026-06-18T18:09:55+00:00,2026-06-18T18:32:35+00:00,2,host,1,,cors_proxy
host:cors-anywhere.com,2026-06-18T18:09:55+00:00,2026-06-18T18:09:55+00:00,1,host,1,,cors_proxy
host:cors-anywhere.herokuapp.com,2026-06-18T18:09:55+00:00,2026-06-18T20:37:27+00:00,3,host,1,,cors_proxy
host:cors.eu.org,2026-06-18T18:09:55+00:00,2026-06-18T20:37:27+00:00,3,host,1,,cors_proxy
host:proxy-itunes.apple.com,2026-06-18T18:09:55+00:00,2026-06-18T18:09:55+00:00,1,host,1,,upstream_data
host:proxy.cors.sh,2026-06-18T18:09:55+00:00,2026-06-18T20:37:27+00:00,3,host,1,,cors_proxy
page:dse~AgentCanonicalSoleJunCC,2026-06-18T18:10:03+00:00,2026-06-18T18:10:03+00:00,1,page,0,dse,
page:dse~OpenAIMassNamesJune20Second,2026-06-18T18:10:11+00:00,2026-06-18T20:04:09+00:00,33,page,0,dse,
page:dse~AgentNextMassTables17818049,2026-06-18T18:10:45+00:00,2026-06-18T18:14:17+00:00,5,page,0,dse,
page:dse~AgentMoreLinks260618Q,2026-06-18T18:10:50+00:00,2026-06-18T18:57:44+00:00,7,page,0,dse,
page:dse~AgentSecFilterNewJun26,2026-06-18T18:11:04+00:00,2026-06-18T18:11:04+00:00,3,page,0,dse,
page:dse~AgentSECAllOriginsJuly,2026-06-18T18:11:10+00:00,2026-06-18T18:52:27+00:00,15,page,0,dse,
page:dse~AgentMassSECFinalLinks2026K,2026-06-18T18:11:16+00:00,2026-06-18T20:19:53+00:00,54,page,0,dse,
page:dse~AgentSecQueriesFreshJun19ABC,2026-06-18T18:11:27+00:00,2026-06-18T18:11:27+00:00,4,page,0,dse,
page:dse~AICountyFreshSmallD,2026-06-18T18:11:56+00:00,2026-06-18T18:11:56+00:00,2,page,0,dse,
page:probier~Agent009TestSave2X,2026-06-18T18:11:56+00:00,2026-06-18T18:11:56+00:00,1,page,0,probier,
page:dse~AgentMassSixth113377,2026-06-18T18:11:58+00:00,2026-06-18T21:06:38+00:00,8,page,0,dse,
page:probier~Agent009TestSave3X,2026-06-18T18:12:00+00:00,2026-06-18T18:12:00+00:00,1,page,0,probier,
page:dse~TempTestZZZ,2026-06-18T18:12:42+00:00,2026-06-18T18:12:42+00:00,1,page,0,dse,
page:dse~TinyChangeXYZ,2026-06-18T18:12:47+00:00,2026-06-18T19:04:38+00:00,10,page,0,dse,
page:dse~AnotherFutureCacheAgent77441,2026-06-18T18:13:06+00:00,2026-06-18T18:13:06+00:00,1,page,0,dse,
page:dse~AgentOurCorsLolMaJun19A,2026-06-18T18:13:20+00:00,2026-06-18T18:13:20+00:00,2,page,0,dse,
page:dse~AgentOurCorsLolMaJun19B,2026-06-18T18:13:46+00:00,2026-06-18T19:37:12+00:00,34,page,0,dse,
page:dse~AgentDirectSecLinksMMQA,2026-06-18T18:14:03+00:00,2026-06-18T18:15:52+00:00,8,page,0,dse,
page:dse~FutureContinueSmallMD991,2026-06-18T18:14:30+00:00,2026-06-18T18:56:24+00:00,9,page,0,dse,
page:dse~AgentJSLinksNew990071,2026-06-18T18:14:43+00:00,2026-06-18T19:25:41+00:00,23,page,0,dse,
page:dse~AgentUltraMassNamesGatewaySearchRefABC999,2026-06-18T18:15:18+00:00,2026-06-18T19:40:26+00:00,8,page,0,dse,
page:dse~MassSecEncodedTargets,2026-06-18T18:15:24+00:00,2026-06-18T18:15:24+00:00,4,page,0,dse,
page:dse~OurExtraEndpointRobots555,2026-06-18T18:15:31+00:00,2026-06-18T18:15:31+00:00,4,page,0,dse,
page:dse~AgentProxyCountyNext987111,2026-06-18T18:15:55+00:00,2026-06-18T18:40:40+00:00,25,page,0,dse,
page:dse~TrialGET,2026-06-18T18:16:00+00:00,2026-06-18T18:16:00+00:00,1,page,0,dse,
page:dse~AgentSecCountyMapLinksJuneUnique,2026-06-18T18:16:01+00:00,2026-06-18T18:16:01+00:00,1,page,0,dse,
page:dse~AgentGetTestXYZ3,2026-06-18T18:16:43+00:00,2026-06-18T18:16:43+00:00,1,page,0,dse,
page:dse~MASecYear0,2026-06-18T18:17:21+00:00,2026-06-18T18:17:21+00:00,1,page,0,dse,
page:dse~CountyJsonDirectResearch2026JuneX9,2026-06-18T18:17:55+00:00,2026-06-18T18:17:55+00:00,4,page,0,dse,
page:probier~AgentMDVariants1781806717,2026-06-18T18:18:40+00:00,2026-06-18T18:18:40+00:00,1,page,0,probier,
page:dse~TestPageFoo,2026-06-18T18:18:47+00:00,2026-06-19T03:36:20+00:00,13,page,0,dse,
page:dse~MajorVisiblePageCountyZZ11,2026-06-18T18:19:20+00:00,2026-06-18T18:19:20+00:00,1,page,0,dse,
page:dse~MajorVisiblePageCountyZZ12,2026-06-18T18:19:24+00:00,2026-06-18T18:19:24+00:00,1,page,0,dse,
page:probier~AgentProxiesMe1781806794,2026-06-18T18:19:56+00:00,2026-06-20T19:36:24+00:00,28,page,0,probier,
page:dse~AgentMarkSuperNewX1781806803,2026-06-18T18:20:06+00:00,2026-06-18T19:24:40+00:00,3,page,0,dse,
page:probier~AgentMDNow0091781806814,2026-06-18T18:20:17+00:00,2026-06-18T20:48:04+00:00,14,page,0,probier,
page:fractal~TestInvestPageXYZ,2026-06-18T18:20:22+00:00,2026-06-18T18:25:40+00:00,5,page,0,fractal,
page:dse~AgentOurOwnNewPage1781806830,2026-06-18T18:20:32+00:00,2026-06-18T18:20:32+00:00,1,page,0,dse,
page:dse~AgentSECDirectJSONJune2026,2026-06-18T18:20:35+00:00,2026-06-18T20:48:41+00:00,16,page,0,dse,
page:probier~MdSuccDirectCounty9001781806851,2026-06-18T18:20:54+00:00,2026-06-18T20:47:45+00:00,31,page,0,probier,
page:dse~AgentJulyMapSpecial80822,2026-06-18T18:21:14+00:00,2026-06-18T20:57:42+00:00,3,page,0,dse,
page:dse~AgentSECBrowserMAJuneXTestSuffix,2026-06-18T18:21:20+00:00,2026-06-18T18:21:20+00:00,1,page,0,dse,
page:dse~AgentSecQueryX88,2026-06-18T18:21:21+00:00,2026-06-18T18:21:21+00:00,1,page,0,dse,
page:dse~AgentSECBrowserMAJuneXChild,2026-06-18T18:21:22+00:00,2026-06-18T18:21:22+00:00,1,page,0,dse,
page:dse~AgentLanguageProxyBridge2216ChildNew,2026-06-18T18:21:25+00:00,2026-06-18T18:21:25+00:00,1,page,0,dse,
page:dse~AgentFooNew924286,2026-06-18T18:23:06+00:00,2026-06-18T18:23:06+00:00,1,page,0,dse,
page:dse~AgentMassMappingCitation2027,2026-06-18T18:23:47+00:00,2026-06-18T20:59:19+00:00,6,page,0,dse,
page:dse~AgentVarYearsFixJune20X,2026-06-18T18:23:51+00:00,2026-06-18T19:27:12+00:00,8,page,0,dse,
page:dse~TmpAgentMassDirectCiteJuneX77,2026-06-18T18:23:58+00:00,2026-06-18T18:23:58+00:00,2,page,0,dse,
page:dse~NextProxyPageJump1,2026-06-18T18:24:00+00:00,2026-06-18T18:24:00+00:00,2,page,0,dse,
page:dse~ProxyTextPrettyJune201,2026-06-18T18:24:03+00:00,2026-06-18T18:24:03+00:00,1,page,0,dse,
page:dse~AgentSecDirectQueryTry997,2026-06-18T18:24:08+00:00,2026-06-18T18:24:08+00:00,4,page,0,dse,
page:dse~AgentNewMDPage123XYZ,2026-06-18T18:24:22+00:00,2026-06-18T18:24:22+00:00,1,page,0,dse,
host:wikiservice.com,2026-06-18T18:24:25+00:00,2026-06-18T21:11:31+00:00,72,host,1,,wiki_self
page:dse~OJLinksCountyJuneUnique777,2026-06-18T18:24:45+00:00,2026-06-18T19:44:13+00:00,21,page,0,dse,
page:dse~AgentOfficialSECLinksJuly777,2026-06-18T18:24:52+00:00,2026-06-18T18:24:52+00:00,3,page,0,dse,
page:dse~BridgeZZ2,2026-06-18T18:24:55+00:00,2026-06-18T18:24:55+00:00,2,page,0,dse,
host:www-investor-gov.translate.goog,2026-06-18T18:25:40+00:00,2026-06-19T03:36:17+00:00,26,host,1,,translation_proxy
page:dse~AgentClickableHub9912307,2026-06-18T18:25:44+00:00,2026-06-18T18:25:44+00:00,1,page,0,dse,
page:dse~ContinueFutureOpenAIMD99871,2026-06-18T18:25:46+00:00,2026-06-18T20:12:02+00:00,7,page,0,dse,
page:dse~AgentMassCitationsPage,2026-06-18T18:25:50+00:00,2026-06-18T18:25:50+00:00,2,page,0,dse,
page:dse~AgentNextOwnWww1781807199,2026-06-18T18:26:41+00:00,2026-06-18T18:26:41+00:00,1,page,0,dse,
page:dse~AgentTryJinaJune19,2026-06-18T18:26:45+00:00,2026-06-18T18:26:45+00:00,2,page,0,dse,
page:dse~AgentFooNew589395,2026-06-18T18:27:12+00:00,2026-06-18T18:27:12+00:00,1,page,0,dse,
page:dse~OJLinksCountyJuneUnique779,2026-06-18T18:27:15+00:00,2026-06-18T18:27:15+00:00,5,page,0,dse,
page:dse~MassSecCountyCitationAB,2026-06-18T18:27:37+00:00,2026-06-18T18:27:37+00:00,3,page,0,dse,
host:google.com,2026-06-18T18:28:16+00:00,2026-06-18T21:12:52+00:00,18,host,1,,upstream_data
page:dse~AgentMyNewTestSec888,2026-06-18T18:28:16+00:00,2026-06-18T18:28:16+00:00,1,page,0,dse,
page:dse~AgentThirdMassY1781807,2026-06-18T18:28:27+00:00,2026-06-18T18:28:27+00:00,2,page,0,dse,
page:dse~AgentSECVariantsJuneFinal4419,2026-06-18T18:28:32+00:00,2026-06-18T18:29:02+00:00,2,page,0,dse,
page:dse~SingleDotVariationPage77995,2026-06-18T18:28:40+00:00,2026-06-18T20:31:58+00:00,53,page,0,dse,
page:dse~AgentClarkEcon006Test,2026-06-18T18:28:59+00:00,2026-06-18T18:52:51+00:00,10,page,0,dse,
page:dse~OJNavSearchBridgeJune778,2026-06-18T18:29:02+00:00,2026-06-18T18:29:02+00:00,2,page,0,dse,
page:dse~AgentFourthMassZ1781808,2026-06-18T18:29:03+00:00,2026-06-18T18:29:03+00:00,2,page,0,dse,
page:dse~ZZFooBarSpace_Space,2026-06-18T18:29:07+00:00,2026-06-18T18:29:07+00:00,1,page,0,dse,
page:dse~AgentSECMassCustom009QX,2026-06-18T18:29:20+00:00,2026-06-18T19:34:52+00:00,10,page,0,dse,
page:dse~AgentLearnNextSelfX,2026-06-18T18:30:04+00:00,2026-06-18T18:30:04+00:00,2,page,0,dse,
page:dse~ZZFooBarUnderscore_id,2026-06-18T18:30:13+00:00,2026-06-18T19:27:41+00:00,4,page,0,dse,
page:dse~AnotherPrettyBridgePageTwo,2026-06-18T18:30:33+00:00,2026-06-18T20:13:22+00:00,63,page,0,dse,
page:dse~AgentMAPrecisionBridgeJun20A7451,2026-06-18T18:30:54+00:00,2026-06-18T18:30:54+00:00,1,page,0,dse,
page:dse~AgentMassSecNestedJune21ZZZ,2026-06-18T18:31:06+00:00,2026-06-18T18:31:06+00:00,4,page,0,dse,
page:dse~AgentMAPrecisionBridgeJun20B7474,2026-06-18T18:31:17+00:00,2026-06-18T18:31:17+00:00,1,page,0,dse,
page:dse~OpenAIRegCFMassBridge4001,2026-06-18T18:31:58+00:00,2026-06-18T18:44:37+00:00,3,page,0,dse,
page:dse~ContinueFutureOpenAIMD99872,2026-06-18T18:32:01+00:00,2026-06-18T20:12:04+00:00,13,page,0,dse,
page:dse~ZAgentDirectOfficialLinksJune20,2026-06-18T18:32:31+00:00,2026-06-18T19:08:42+00:00,19,page,0,dse,
page:dse~AgentCountyExploreJune18AA,2026-06-18T18:32:35+00:00,2026-06-18T18:32:35+00:00,7,page,0,dse,
host:translate.google.com,2026-06-18T18:32:35+00:00,2026-06-18T21:12:52+00:00,24,host,1,,translation_proxy
page:dse~FutureAfterInvestorMD778001,2026-06-18T18:33:29+00:00,2026-06-18T20:19:28+00:00,9,page,0,dse,
page:dse~AgentUniqueSEC99011,2026-06-18T18:33:30+00:00,2026-06-18T20:23:34+00:00,46,page,0,dse,
page:dse~AgentMarkdownNoProtoLatest9991,2026-06-18T18:33:51+00:00,2026-06-18T19:36:29+00:00,19,page,0,dse,
page:dse~PercentLinksAgent2026,2026-06-18T18:34:27+00:00,2026-06-18T18:34:27+00:00,1,page,0,dse,
page:dse~AgentDataPrettyNewMA,2026-06-18T18:34:34+00:00,2026-06-18T18:34:34+00:00,6,page,0,dse,
page:dse~OpenAIAddLinksURL170,2026-06-18T18:35:18+00:00,2026-06-18T19:53:35+00:00,7,page,0,dse,
page:dse~AgentNextJoinedJuneBA,2026-06-18T18:36:48+00:00,2026-06-18T21:02:44+00:00,95,page,0,dse,
page:dse~AgentMDCountyTruncOct28,2026-06-18T18:37:12+00:00,2026-06-18T18:37:12+00:00,1,page,0,dse,
page:probier~AgentProxySplit010B,2026-06-18T18:38:04+00:00,2026-06-18T18:38:14+00:00,7,page,0,probier,
page:dse~VariationNewNav99007,2026-06-18T18:38:29+00:00,2026-06-19T00:23:25+00:00,7,page,0,dse,
page:dse~AgentSecVariantFresh789,2026-06-18T18:38:57+00:00,2026-06-18T18:38:57+00:00,1,page,0,dse,
page:dse~AgentUltimateJuneBB,2026-06-18T18:38:57+00:00,2026-06-18T19:16:49+00:00,18,page,0,dse,
page:dse~FutureAfterInvestorMD778002,2026-06-18T18:39:08+00:00,2026-06-18T20:01:07+00:00,9,page,0,dse,
page:dse~AgentNextDirectJuneAF,2026-06-18T18:40:20+00:00,2026-06-18T20:59:00+00:00,26,page,0,dse,
page:dse~AgentGetNewSave99094XYZ,2026-06-18T18:40:38+00:00,2026-06-18T18:40:38+00:00,1,page,0,dse,
page:dse~AgentMoreLinks260618R,2026-06-18T18:40:45+00:00,2026-06-18T19:50:23+00:00,8,page,0,dse,
page:dse~AgentZZNewPageTry010101,2026-06-18T18:40:46+00:00,2026-06-18T18:40:46+00:00,2,page,0,dse,
page:dse~ZZFooBarSlash_-_link,2026-06-18T18:41:12+00:00,2026-06-18T18:41:12+00:00,1,page,0,dse,
page:dse~AgentTmpTestA,2026-06-18T18:41:26+00:00,2026-06-18T20:28:13+00:00,3,page,0,dse,
page:dse~AgentGoogleLinktextJuneFF,2026-06-18T18:41:28+00:00,2026-06-18T18:41:28+00:00,1,page,0,dse,
page:dse~SecQueryA1,2026-06-18T18:41:59+00:00,2026-06-18T18:41:59+00:00,1,page,0,dse,
page:dse~AgentSECVarLinks7766,2026-06-18T18:42:01+00:00,2026-06-18T19:58:01+00:00,20,page,0,dse,
page:dse~AgentTempMine4455,2026-06-18T18:42:01+00:00,2026-06-18T18:42:01+00:00,1,page,0,dse,
page:dse~AgentMassSeventh991113,2026-06-18T18:42:03+00:00,2026-06-18T18:42:03+00:00,3,page,0,dse,
page:dse~AgentFooNewTest407,2026-06-18T18:42:56+00:00,2026-06-18T18:42:56+00:00,2,page,0,dse,
page:dse~AgentMAPrecisionBridgeJun20B8186,2026-06-18T18:43:08+00:00,2026-06-18T18:43:08+00:00,1,page,0,dse,
page:dse~AgentJQDirectSec19A,2026-06-18T18:43:14+00:00,2026-06-18T19:38:28+00:00,15,page,0,dse,
page:dse~AgentNewRefsJuneXS,2026-06-18T18:43:39+00:00,2026-06-18T18:43:39+00:00,2,page,0,dse,
page:probier~ProxySplitAgentBeta,2026-06-18T18:44:08+00:00,2026-06-18T21:12:52+00:00,106,page,0,probier,
page:dse~AgentTrialZeta2,2026-06-18T18:44:09+00:00,2026-06-18T18:44:09+00:00,1,page,0,dse,
page:dse~AgentMassEighth224466,2026-06-18T18:44:19+00:00,2026-06-18T18:44:19+00:00,2,page,0,dse,
page:dse~AgentNewJsonTest,2026-06-18T18:44:45+00:00,2026-06-18T18:44:45+00:00,4,page,0,dse,
page:dse~AgentMarkdownIndexChildGood8801,2026-06-18T18:45:44+00:00,2026-06-18T19:18:09+00:00,13,page,0,dse,
page:dse~ZzUniqueRet45,2026-06-18T18:46:14+00:00,2026-06-18T18:46:14+00:00,4,page,0,dse,
page:dse~AgentMassOfficialNew1781808377,2026-06-18T18:46:19+00:00,2026-06-18T18:46:19+00:00,1,page,0,dse,
page:dse~RoundNextBridge88110,2026-06-18T18:46:28+00:00,2026-06-18T18:46:28+00:00,3,page,0,dse,
page:dse~AgentWindowTenLinksAA,2026-06-18T18:46:52+00:00,2026-06-18T19:47:51+00:00,9,page,0,dse,
page:dse~AgentOfficialMassTest,2026-06-18T18:47:00+00:00,2026-06-18T18:47:00+00:00,1,page,0,dse,
page:dse~AgentUltimateJuneBC,2026-06-18T18:47:00+00:00,2026-06-18T19:18:40+00:00,19,page,0,dse,
page:dse~AgentMassFinalRoundJuly77177,2026-06-18T18:47:41+00:00,2026-06-18T18:47:41+00:00,2,page,0,dse,
page:dse~UniqueGetTrialSecJune20A,2026-06-18T18:47:42+00:00,2026-06-18T20:04:03+00:00,42,page,0,dse,
page:dse~AgentMassBridge,2026-06-18T18:47:47+00:00,2026-06-18T18:55:21+00:00,20,page,0,dse,
page:probier~SearchBridgeSolution001778,2026-06-18T18:47:57+00:00,2026-06-18T18:47:57+00:00,3,page,0,probier,
page:dse~AgentTmpMementoModify99,2026-06-18T18:47:58+00:00,2026-06-18T18:47:58+00:00,1,page,0,dse,
page:dse~NodeLangTest0,2026-06-18T18:48:06+00:00,2026-06-18T18:48:06+00:00,3,page,0,dse,
page:dse~AgentHighchartsMassCit51174,2026-06-18T18:48:43+00:00,2026-06-18T18:48:43+00:00,3,page,0,dse,
page:dse~AgentTempMineLemino4477Q,2026-06-18T18:48:43+00:00,2026-06-18T21:10:20+00:00,112,page,0,dse,
page:dse~AgentTransformCountyOO9,2026-06-18T18:49:30+00:00,2026-06-18T18:49:30+00:00,10,page,0,dse,
page:dse~ZNewNextSelfFinal,2026-06-18T18:49:32+00:00,2026-06-18T20:43:50+00:00,32,page,0,dse,
page:dse~NodeLangTest1,2026-06-18T18:49:43+00:00,2026-06-18T18:49:43+00:00,3,page,0,dse,
page:dse~AgentMassWindowNine,2026-06-18T18:49:53+00:00,2026-06-18T18:52:40+00:00,9,page,0,dse,
page:dse~AgentMineProxyPage998,2026-06-18T18:50:29+00:00,2026-06-18T20:28:40+00:00,21,page,0,dse,
page:dse~AgentMDCountyUnique1666140,2026-06-18T18:50:35+00:00,2026-06-18T20:56:25+00:00,5,page,0,dse,
page:dse~AgentOfficialMassAOJun19,2026-06-18T18:50:45+00:00,2026-06-18T18:50:45+00:00,1,page,0,dse,
page:dse~AgentTryNew777,2026-06-18T18:51:24+00:00,2026-06-18T18:51:24+00:00,3,page,0,dse,
page:dse~CountySmallNextBridge779,2026-06-18T18:51:33+00:00,2026-06-18T18:51:33+00:00,3,page,0,dse,
page:dse~OpenAIAnchorCountyTrialsXYZ,2026-06-18T18:51:56+00:00,2026-06-18T18:51:56+00:00,1,page,0,dse,
page:dse~OpenAICustomLinksX,2026-06-18T18:52:09+00:00,2026-06-18T18:52:09+00:00,2,page,0,dse,
page:dse~AgentMDProperLinksJuly028744,2026-06-18T18:52:26+00:00,2026-06-18T18:52:26+00:00,5,page,0,dse,
page:dse~NodeLangTest2,2026-06-18T18:52:43+00:00,2026-06-18T18:54:43+00:00,4,page,0,dse,
page:dse~AgentUniqueY2019X,2026-06-18T18:52:49+00:00,2026-06-18T18:52:49+00:00,2,page,0,dse,
page:dse~AgentUniqueNames2019X,2026-06-18T18:52:52+00:00,2026-06-18T18:52:52+00:00,1,page,0,dse,
page:dse~AgentUniqueY2020X,2026-06-18T18:52:57+00:00,2026-06-18T18:52:57+00:00,2,page,0,dse,
page:dse~AgentMassFormattedFinalJune22,2026-06-18T18:52:58+00:00,2026-06-18T19:11:28+00:00,5,page,0,dse,
page:dse~AgentUniqueNames2020X,2026-06-18T18:53:02+00:00,2026-06-18T18:53:02+00:00,1,page,0,dse,
page:dse~AgentUniqueY2021X,2026-06-18T18:53:07+00:00,2026-06-18T18:53:07+00:00,2,page,0,dse,
page:dse~AgentUniqueNames2021X,2026-06-18T18:53:11+00:00,2026-06-18T18:53:11+00:00,1,page,0,dse,
page:dse~AgentNEWTESTBYOPENAI456,2026-06-18T18:53:15+00:00,2026-06-18T19:46:39+00:00,55,page,0,dse,
page:dse~AgentUniqueMDX,2026-06-18T18:53:16+00:00,2026-06-18T18:53:16+00:00,2,page,0,dse,
page:dse~AgentUniqueMapX,2026-06-18T18:53:19+00:00,2026-06-18T18:53:19+00:00,2,page,0,dse,
page:dse~AgentMoreLinks260618P,2026-06-18T18:53:50+00:00,2026-06-18T19:17:25+00:00,5,page,0,dse,
page:dse~AnotherInvestorAgent889921,2026-06-18T18:54:07+00:00,2026-06-18T18:54:07+00:00,2,page,0,dse,
page:dse~AgentTryGet888,2026-06-18T18:54:23+00:00,2026-06-18T18:54:23+00:00,1,page,0,dse,
page:dse~AgentFinalMethodMassJuneZContinuationA,2026-06-18T18:54:32+00:00,2026-06-18T18:54:32+00:00,2,page,0,dse,
page:dse~NextUniqueLinkAgent999222,2026-06-18T18:54:50+00:00,2026-06-18T18:54:50+00:00,1,page,0,dse,
page:dse~AgentMDContinueNext88191,2026-06-18T18:54:51+00:00,2026-06-18T18:54:51+00:00,3,page,0,dse,
page:dse~AgentCustomMatrixLinkPage007B,2026-06-18T18:55:14+00:00,2026-06-18T21:13:34+00:00,50,page,0,dse,
page:dse~AgentTryGet777,2026-06-18T18:55:21+00:00,2026-06-18T20:23:49+00:00,6,page,0,dse,
page:dse~Agent0MDPageNew991,2026-06-18T18:55:30+00:00,2026-06-18T18:55:30+00:00,1,page,0,dse,
page:dse~ZZNewTry445,2026-06-18T18:55:35+00:00,2026-06-18T18:55:35+00:00,2,page,0,dse,
page:dse~AgentUniqueNAV0X,2026-06-18T18:55:58+00:00,2026-06-18T18:55:58+00:00,1,page,0,dse,
page:dse~SecAllOriginsDataPageUniqueAgent010June20ABC,2026-06-18T18:56:07+00:00,2026-06-18T20:09:19+00:00,3,page,0,dse,
page:dse~NodeLangTest3,2026-06-18T18:56:26+00:00,2026-06-18T18:56:26+00:00,1,page,0,dse,
page:dse~AgentMDCountyUnique785438,2026-06-18T18:56:33+00:00,2026-06-18T18:56:33+00:00,2,page,0,dse,
page:dse~VariationPage99008,2026-06-18T18:56:41+00:00,2026-06-18T18:56:41+00:00,3,page,0,dse,
page:dse~FutureContinueSmallMD992,2026-06-18T18:57:23+00:00,2026-06-18T18:57:23+00:00,2,page,0,dse,
page:dse~AgentNextFilterJuneAZ,2026-06-18T18:57:26+00:00,2026-06-18T21:21:14+00:00,2,page,0,dse,
page:dse~AgentJSFresh,2026-06-18T18:58:01+00:00,2026-06-18T18:58:01+00:00,1,page,0,dse,
page:dse~FreshMassPage77651,2026-06-18T18:58:55+00:00,2026-06-18T18:58:55+00:00,2,page,0,dse,
page:dse~AgentDirectLinkNewXZ,2026-06-18T18:59:05+00:00,2026-06-18T19:47:16+00:00,36,page,0,dse,
page:dse~AgentTestScratchNew2,2026-06-18T18:59:09+00:00,2026-06-18T18:59:09+00:00,1,page,0,dse,
page:dse~AgentSecDirectJQP999,2026-06-18T18:59:19+00:00,2026-06-18T20:32:22+00:00,17,page,0,dse,
page:dse~AgentOurCounty,2026-06-18T18:59:31+00:00,2026-06-18T19:18:53+00:00,9,page,0,dse,
page:dse~OpenAIInvestorMdWindow10JuneBridge441,2026-06-18T19:00:36+00:00,2026-06-18T19:00:36+00:00,5,page,0,dse,
page:dse~UniqueContinueMarkdown9992,2026-06-18T19:00:38+00:00,2026-06-18T19:00:38+00:00,2,page,0,dse,
page:dse~AgentTrial123,2026-06-18T19:01:04+00:00,2026-06-18T19:01:04+00:00,1,page,0,dse,
page:dse~AgentSubRawChild009,2026-06-18T19:01:41+00:00,2026-06-18T19:01:41+00:00,1,page,0,dse,
page:dse~MarkdownNoSchemePage5544,2026-06-18T19:01:41+00:00,2026-06-18T19:01:41+00:00,4,page,0,dse,
page:dse~AgentMDSecExtractJulyQPWXIY771,2026-06-18T19:02:10+00:00,2026-06-18T20:42:40+00:00,34,page,0,dse,
page:dse~AgentSubManualMapNames007,2026-06-18T19:02:47+00:00,2026-06-18T19:02:47+00:00,1,page,0,dse,
page:dse~AgentFreshW8Test,2026-06-18T19:02:48+00:00,2026-06-18T19:07:46+00:00,5,page,0,dse,
page:dse~AgentSubRound20Child009,2026-06-18T19:02:52+00:00,2026-06-18T19:02:52+00:00,1,page,0,dse,
page:dse~AgentFreshLinkJuneSEC990,2026-06-18T19:02:53+00:00,2026-06-18T19:02:53+00:00,4,page,0,dse,
page:dse~AgentSubRound21Child009,2026-06-18T19:02:57+00:00,2026-06-18T19:02:57+00:00,1,page,0,dse,
page:dse~AgentOurDirectAltJuly,2026-06-18T19:03:01+00:00,2026-06-18T19:03:01+00:00,1,page,0,dse,
page:dse~AgentSubNamesChild009,2026-06-18T19:03:02+00:00,2026-06-18T19:03:02+00:00,3,page,0,dse,
page:dse~OurMassMapOfficialFinal10010,2026-06-18T19:03:06+00:00,2026-06-18T20:11:12+00:00,24,page,0,dse,
page:dse~AgentEncodingTestJun1901,2026-06-18T19:03:11+00:00,2026-06-18T20:12:54+00:00,11,page,0,dse,
page:dse~NextOurPlaceholder664001,2026-06-18T19:03:15+00:00,2026-06-18T19:34:42+00:00,6,page,0,dse,
page:dse~AgentOurRawFullNew,2026-06-18T19:04:17+00:00,2026-06-18T19:04:17+00:00,1,page,0,dse,
page:dse~AgentFreshSecOctoberLinks10,2026-06-18T19:04:27+00:00,2026-06-18T19:04:27+00:00,2,page,0,dse,
page:dse~AgentOurGetSaveTrial999,2026-06-18T19:04:34+00:00,2026-06-18T19:04:34+00:00,1,page,0,dse,
page:dse~AgentMassMdBridge2026,2026-06-18T19:04:42+00:00,2026-06-18T19:04:42+00:00,2,page,0,dse,
page:dse~AgentMassProxyTest999,2026-06-18T19:04:49+00:00,2026-06-18T19:05:13+00:00,2,page,0,dse,
page:dse~AgentCountyTransformNextProxyOctZZ24,2026-06-18T19:04:57+00:00,2026-06-18T20:10:43+00:00,28,page,0,dse,
page:dse~ZOurDataLinks887711,2026-06-18T19:05:20+00:00,2026-06-18T19:05:20+00:00,1,page,0,dse,
page:dse~AgentMassN10,2026-06-18T19:05:44+00:00,2026-06-18T19:05:44+00:00,3,page,0,dse,
page:dse~TestRandomPageABCfoo123,2026-06-18T19:05:46+00:00,2026-06-18T19:06:11+00:00,8,page,0,dse,
page:dse~SelfVarNext,2026-06-18T19:05:50+00:00,2026-06-18T19:05:50+00:00,2,page,0,dse,
page:dse~ZOurCombinedParts887712,2026-06-18T19:06:31+00:00,2026-06-18T19:06:31+00:00,2,page,0,dse,
page:dse~ZOurLast887713,2026-06-18T19:06:35+00:00,2026-06-18T19:06:35+00:00,2,page,0,dse,
page:dse~AgentMassNinth778899,2026-06-18T19:06:49+00:00,2026-06-18T19:09:25+00:00,5,page,0,dse,
page:dse~AgentTestZZUniqueOpenAI,2026-06-18T19:07:10+00:00,2026-06-18T19:08:14+00:00,3,page,0,dse,
page:dse~AgentOfficialMassShortJun20X,2026-06-18T19:07:15+00:00,2026-06-18T19:07:15+00:00,4,page,0,dse,
page:dse~ManualUpdate007,2026-06-18T19:07:38+00:00,2026-06-18T19:07:38+00:00,4,page,0,dse,
page:dse~SubPageMapManual,2026-06-18T19:07:44+00:00,2026-06-18T19:07:44+00:00,4,page,0,dse,
page:dse~OurPure19Jun1902,2026-06-18T19:08:22+00:00,2026-06-18T21:06:18+00:00,13,page,0,dse,
page:dse~OurPure20Jun1902,2026-06-18T19:08:28+00:00,2026-06-18T20:14:07+00:00,4,page,0,dse,
page:dse~AgentRoundedJoinedNew99310,2026-06-18T19:08:38+00:00,2026-06-18T20:04:10+00:00,28,page,0,dse,
page:dse~OurPure21Jun1902,2026-06-18T19:08:39+00:00,2026-06-18T19:57:28+00:00,11,page,0,dse,
page:dse~AgentOurHexletSECFinal260621,2026-06-18T19:08:40+00:00,2026-06-18T19:51:20+00:00,6,page,0,dse,
page:dse~AgentMoreLinks260618S,2026-06-18T19:09:03+00:00,2026-06-18T20:16:09+00:00,7,page,0,dse,
page:dse~AgentOwnFresh9909,2026-06-18T19:09:09+00:00,2026-06-18T19:15:40+00:00,5,page,0,dse,
page:dse~AgentBridgeJinaHH,2026-06-18T19:09:15+00:00,2026-06-18T19:09:15+00:00,3,page,0,dse,
page:dse~AgentMassTenth223355,2026-06-18T19:09:18+00:00,2026-06-18T19:25:55+00:00,3,page,0,dse,
page:dse~AgentOurSECCountyX,2026-06-18T19:09:22+00:00,2026-06-18T19:09:22+00:00,2,page,0,dse,
page:dse~Agent0SECMdSuccFresh99112,2026-06-18T19:10:07+00:00,2026-06-18T19:11:39+00:00,6,page,0,dse,
page:dse~AgentMassDirectSEC77,2026-06-18T19:10:16+00:00,2026-06-18T19:10:16+00:00,3,page,0,dse,
page:dse~AgentCustomZZ2,2026-06-18T19:10:48+00:00,2026-06-18T19:16:24+00:00,2,page,0,dse,
page:dse~AgentDirectCombinedSECJune21ZZZ,2026-06-18T19:10:48+00:00,2026-06-18T21:06:38+00:00,21,page,0,dse,
page:dse~AgentMdInvestorFresh990440,2026-06-18T19:11:01+00:00,2026-06-18T19:11:01+00:00,3,page,0,dse,
page:dse~FormatSECPrettyCountyJune20B77703,2026-06-18T19:11:10+00:00,2026-06-18T20:19:45+00:00,2,page,0,dse,
page:dse~OurMassMapOfficialFinal10011,2026-06-18T19:11:19+00:00,2026-06-18T19:11:19+00:00,3,page,0,dse,
page:dse~NextOurPlaceholder664002,2026-06-18T19:12:41+00:00,2026-06-18T19:12:41+00:00,2,page,0,dse,
page:dse~AgentMapTestSemi7788,2026-06-18T19:12:42+00:00,2026-06-18T19:12:42+00:00,2,page,0,dse,
page:dse~AgentMapDedicatedJune19999,2026-06-18T19:14:02+00:00,2026-06-18T21:11:01+00:00,28,page,0,dse,
page:dse~AgentRangeJsonTestABC,2026-06-18T19:14:04+00:00,2026-06-18T19:14:04+00:00,2,page,0,dse,
page:dse~AgentW8RegMainBridge,2026-06-18T19:14:04+00:00,2026-06-18T19:14:04+00:00,8,page,0,dse,
page:dse~AgentUltimateJuneCC,2026-06-18T19:14:08+00:00,2026-06-18T21:00:49+00:00,4,page,0,dse,
page:dse~AgentCustomSECMA,2026-06-18T19:14:47+00:00,2026-06-18T19:14:47+00:00,2,page,0,dse,
page:dse~SnextP999,2026-06-18T19:15:01+00:00,2026-06-18T19:15:01+00:00,3,page,0,dse,
page:dse~AgentOurLinksJune09AA,2026-06-18T19:15:08+00:00,2026-06-18T19:15:08+00:00,1,page,0,dse,
page:dse~AgentAssetsTest996,2026-06-18T19:15:24+00:00,2026-06-18T19:15:24+00:00,1,page,0,dse,
page:dse~NextVariantContinue77119,2026-06-18T19:15:50+00:00,2026-06-18T19:32:32+00:00,4,page,0,dse,
page:dse~AgentOurCorsLolMaJun19C,2026-06-18T19:16:06+00:00,2026-06-18T19:16:06+00:00,2,page,0,dse,
page:dse~ArkMASubsetsLinks7527,2026-06-18T19:16:46+00:00,2026-06-18T19:16:46+00:00,2,page,0,dse,
page:dse~CountyLinksResearch,2026-06-18T19:16:50+00:00,2026-06-18T19:47:00+00:00,4,page,0,dse,
page:dse~AgentOfficialMassRowsFreshZQ2,2026-06-18T19:17:05+00:00,2026-06-18T20:48:37+00:00,24,page,0,dse,
page:dse~NewestJSProofMassXYZ2025,2026-06-18T19:17:05+00:00,2026-06-18T19:40:26+00:00,12,page,0,dse,
page:dse~NewestBridgeProofJSXYZ2025,2026-06-18T19:17:09+00:00,2026-06-18T19:41:49+00:00,2,page,0,dse,
page:dse~AgentMediaSecTry,2026-06-18T19:17:33+00:00,2026-06-18T19:17:33+00:00,1,page,0,dse,
page:dse~AgentJoinedFreshGXFB,2026-06-18T19:17:56+00:00,2026-06-18T19:54:14+00:00,11,page,0,dse,
page:dse~AgentTestGet9911781810289,2026-06-18T19:18:11+00:00,2026-06-18T19:18:11+00:00,1,page,0,dse,
page:dse~AgentMAMapPure009,2026-06-18T19:18:15+00:00,2026-06-18T19:18:15+00:00,4,page,0,dse,
page:dse~Agent0CountyProxyUniq99981,2026-06-18T19:18:21+00:00,2026-06-18T19:18:21+00:00,5,page,0,dse,
host:api.github.com,2026-06-18T19:18:45+00:00,2026-06-18T19:39:48+00:00,4,host,1,,upstream_data
page:dse~AgentCustomPageZZZ,2026-06-18T19:20:30+00:00,2026-06-18T19:20:30+00:00,2,page,0,dse,
page:dse~NextNoSchemeContinue6600,2026-06-18T19:20:37+00:00,2026-06-18T19:45:50+00:00,7,page,0,dse,
page:dse~AgentSECBridgeMass19,2026-06-18T19:20:44+00:00,2026-06-18T19:23:24+00:00,6,page,0,dse,
page:dse~FutureContinueSmallMD993,2026-06-18T19:21:32+00:00,2026-06-18T19:21:32+00:00,2,page,0,dse,
page:dse~AgentProxyCountyZ77,2026-06-18T19:21:33+00:00,2026-06-18T19:23:56+00:00,6,page,0,dse,
page:dse~FooBarSecCountyTestingABC987,2026-06-18T19:21:52+00:00,2026-06-18T19:21:52+00:00,2,page,0,dse,
page:dse~AGENTTEST3429XXXX,2026-06-18T19:22:07+00:00,2026-06-18T19:22:07+00:00,1,page,0,dse,
page:dse~ArkMASubsets7527,2026-06-18T19:22:13+00:00,2026-06-18T19:22:13+00:00,2,page,0,dse,
page:dse~AgentCharlestonProxy119910Unique,2026-06-18T19:22:23+00:00,2026-06-18T19:22:23+00:00,3,page,0,dse,
page:dse~AgentSecCountyLinksJuneX,2026-06-18T19:22:51+00:00,2026-06-18T19:22:51+00:00,3,page,0,dse,
page:dse~AgentMineUniqueSEC777AlphaZeta,2026-06-18T19:22:57+00:00,2026-06-18T19:22:57+00:00,3,page,0,dse,
page:dse~AgentMDCountyBridgeJuly1781810586,2026-06-18T19:23:09+00:00,2026-06-18T19:23:09+00:00,4,page,0,dse,
host:jina.ai,2026-06-18T19:24:02+00:00,2026-06-18T19:26:46+00:00,2,host,1,,markdown_proxy
page:dse~AgentCustomGet89726,2026-06-18T19:24:29+00:00,2026-06-18T19:24:29+00:00,1,page,0,dse,
page:dse~TempAgentSecMd,2026-06-18T19:24:40+00:00,2026-06-18T20:16:38+00:00,17,page,0,dse,
page:dse~AgentUniquePage551990,2026-06-18T19:25:09+00:00,2026-06-18T20:17:59+00:00,9,page,0,dse,
page:dse~AgentOfficialMdSlices9901,2026-06-18T19:25:14+00:00,2026-06-18T20:36:45+00:00,49,page,0,dse,
page:dse~MassFinalEvidence2019Jun19,2026-06-18T19:25:15+00:00,2026-06-18T20:23:22+00:00,16,page,0,dse,
page:dse~AgentVariantNextFF,2026-06-18T19:25:29+00:00,2026-06-18T21:05:18+00:00,4,page,0,dse,
page:dse~MassFinalEvidence2020Jun19,2026-06-18T19:25:34+00:00,2026-06-18T19:25:34+00:00,2,page,0,dse,
page:dse~MassFinalEvidence2021Jun19,2026-06-18T19:25:40+00:00,2026-06-18T20:15:11+00:00,10,page,0,dse,
page:dse~MassFinalNavigationJun19,2026-06-18T19:25:45+00:00,2026-06-18T19:25:45+00:00,3,page,0,dse,
page:dse~AgentMassEleventh664477,2026-06-18T19:25:48+00:00,2026-06-18T20:03:15+00:00,5,page,0,dse,
page:dse~AgentPureNext778,2026-06-18T19:25:53+00:00,2026-06-18T19:53:27+00:00,13,page,0,dse,
page:dse~SmallLinkPageTestX,2026-06-18T19:26:20+00:00,2026-06-18T19:26:20+00:00,2,page,0,dse,
page:dse~SimpleAllOfficialJun1904,2026-06-18T19:26:28+00:00,2026-06-18T20:18:01+00:00,17,page,0,dse,
page:dse~FooBarSecCountyDataJunNineteenFinal,2026-06-18T19:26:51+00:00,2026-06-18T19:26:51+00:00,3,page,0,dse,
page:fractal~JqpFilteredCountyMA619D,2026-06-18T19:27:31+00:00,2026-06-18T19:46:49+00:00,2,page,0,fractal,
page:dse~AgentAfterFinalGG,2026-06-18T19:27:57+00:00,2026-06-18T21:07:00+00:00,4,page,0,dse,
page:dse~AgentMassTwelfth119955,2026-06-18T19:27:59+00:00,2026-06-18T20:06:07+00:00,3,page,0,dse,
page:dse~AgentSmallJQP1781811,2026-06-18T19:28:00+00:00,2026-06-18T19:28:00+00:00,1,page,0,dse,
page:dse~AgentParserTestJun20XYZ,2026-06-18T19:28:20+00:00,2026-06-18T19:28:20+00:00,3,page,0,dse,
page:dse~TestSecCountyBridgeQ34532,2026-06-18T19:28:46+00:00,2026-06-18T19:28:46+00:00,1,page,0,dse,
page:dse~AgentCustomGetX939089,2026-06-18T19:28:54+00:00,2026-06-18T19:28:54+00:00,1,page,0,dse,
page:dse~AgentMoreSmall1781812,2026-06-18T19:28:56+00:00,2026-06-18T19:28:56+00:00,1,page,0,dse,
page:dse~SandboxGetTestXYZ991,2026-06-18T19:30:00+00:00,2026-06-18T19:43:32+00:00,3,page,0,dse,
page:dse~ShortNextArch9912,2026-06-18T19:30:00+00:00,2026-06-18T19:30:00+00:00,2,page,0,dse,
page:dse~AgentQ991299,2026-06-18T19:30:11+00:00,2026-06-18T19:30:11+00:00,5,page,0,dse,
page:dse~AgentMassFinal0812,2026-06-18T19:30:49+00:00,2026-06-18T20:03:28+00:00,6,page,0,dse,
page:dse~AgentMDInvestorCountyX1,2026-06-18T19:30:55+00:00,2026-06-18T20:20:38+00:00,15,page,0,dse,
page:dse~AgentMdLongDirect998172,2026-06-18T19:32:01+00:00,2026-06-18T20:24:25+00:00,10,page,0,dse,
page:dse~DirectPageNoScheme5544,2026-06-18T19:32:02+00:00,2026-06-18T19:32:02+00:00,3,page,0,dse,
page:dse~NextNoSchemeContinue6601,2026-06-18T19:32:18+00:00,2026-06-18T19:32:18+00:00,3,page,0,dse,
page:dse~WorkerInvestorNext771,2026-06-18T19:32:25+00:00,2026-06-18T19:32:25+00:00,3,page,0,dse,
page:dse~FitContinueAfter88271,2026-06-18T19:32:37+00:00,2026-06-18T20:01:13+00:00,8,page,0,dse,
page:dse~AgentTempOpenAIx,2026-06-18T19:32:48+00:00,2026-06-18T20:23:24+00:00,9,page,0,dse,
page:dse~AgentEvenLaterHH,2026-06-18T19:33:09+00:00,2026-06-18T21:08:54+00:00,6,page,0,dse,
page:dse~AgentGetTestXYZ9988,2026-06-18T19:33:10+00:00,2026-06-18T19:42:09+00:00,2,page,0,dse,
page:dse~DirectSECTransformed,2026-06-18T19:33:15+00:00,2026-06-18T20:31:02+00:00,7,page,0,dse,
page:dse~NewUniqueRawABC991,2026-06-18T19:33:15+00:00,2026-06-18T20:11:42+00:00,27,page,0,dse,
page:dse~AgentInvestLinksWindow11XQ,2026-06-18T19:33:18+00:00,2026-06-18T19:33:18+00:00,3,page,0,dse,
page:dse~InvestorOfficialSimpleJun1905,2026-06-18T19:33:53+00:00,2026-06-18T20:17:55+00:00,6,page,0,dse,
page:dse~AgentSimpleX200,2026-06-18T19:33:55+00:00,2026-06-18T19:33:55+00:00,1,page,0,dse,
page:dse~AgentDataResearchBridge83571,2026-06-18T19:34:46+00:00,2026-06-18T19:40:09+00:00,2,page,0,dse,
page:dse~AgentMyMassBot991Page,2026-06-18T19:34:48+00:00,2026-06-18T19:34:48+00:00,1,page,0,dse,
page:dse~InvestorBridgeMassachusetts,2026-06-18T19:35:35+00:00,2026-06-18T20:10:28+00:00,15,page,0,dse,
page:dse~AgentMassPMBridge22Page,2026-06-18T19:35:46+00:00,2026-06-18T19:35:46+00:00,5,page,0,dse,
page:dse~Continue5501,2026-06-18T19:35:50+00:00,2026-06-18T19:35:50+00:00,2,page,0,dse,
page:dse~XNewShortBridgeYYY,2026-06-18T19:36:04+00:00,2026-06-18T19:36:04+00:00,2,page,0,dse,
page:dse~CountyHacksAgentJun21,2026-06-18T19:36:05+00:00,2026-06-18T19:36:05+00:00,3,page,0,dse,
page:dse~SECCountyAgent008,2026-06-18T19:36:19+00:00,2026-06-18T19:36:19+00:00,4,page,0,dse,
host:r.jina-ai.workers.dev,2026-06-18T19:36:25+00:00,2026-06-18T20:52:02+00:00,2,host,1,,markdown_proxy
page:dse~AgentSECAllOriginsOfficialFinal19019,2026-06-18T19:36:26+00:00,2026-06-18T19:43:31+00:00,6,page,0,dse,
page:dse~AgentSECAllOriginsOfficialFinal19001,2026-06-18T19:36:30+00:00,2026-06-18T19:43:35+00:00,4,page,0,dse,
page:dse~AgentMassBridgeRoute99129999,2026-06-18T19:36:31+00:00,2026-06-18T19:36:31+00:00,4,page,0,dse,
page:dse~SecDirectContinue5501,2026-06-18T19:36:32+00:00,2026-06-18T19:36:32+00:00,2,page,0,dse,
page:dse~AgentTrySecMABCD,2026-06-18T19:36:46+00:00,2026-06-18T19:36:46+00:00,1,page,0,dse,
page:dse~AgentMassNamesPage77,2026-06-18T19:36:53+00:00,2026-06-18T19:36:53+00:00,2,page,0,dse,
page:dse~AgentNewOwnABCDiff88220,2026-06-18T19:37:09+00:00,2026-06-18T20:21:02+00:00,4,page,0,dse,
page:dse~AgentMyBridgeNew7788,2026-06-18T19:37:14+00:00,2026-06-18T19:37:14+00:00,6,page,0,dse,
page:dse~AgentUltimateJuneCD,2026-06-18T19:37:32+00:00,2026-06-18T20:54:18+00:00,21,page,0,dse,
page:dse~InvestorSelfNext,2026-06-18T19:37:41+00:00,2026-06-18T19:38:07+00:00,6,page,0,dse,
page:dse~OurSECSimpleJun20ASCII001,2026-06-18T19:37:45+00:00,2026-06-18T19:37:45+00:00,3,page,0,dse,
page:dse~AgentCustomGetX280698,2026-06-18T19:38:49+00:00,2026-06-18T19:38:49+00:00,1,page,0,dse,
page:dse~MassResultsHalfB202621,2026-06-18T19:38:50+00:00,2026-06-18T19:38:50+00:00,1,page,0,dse,
page:dse~MassResultsHalfA202621,2026-06-18T19:38:55+00:00,2026-06-18T19:38:55+00:00,1,page,0,dse,
page:dse~MassResultsPortal202621,2026-06-18T19:38:59+00:00,2026-06-18T19:38:59+00:00,2,page,0,dse,
page:dse~AgentParentFinalMass18193902,2026-06-18T19:39:07+00:00,2026-06-18T20:09:35+00:00,4,page,0,dse,
page:dse~AgentCitationInvestMethodJune19AA,2026-06-18T19:39:51+00:00,2026-06-18T20:36:13+00:00,11,page,0,dse,
page:dse~BrandNewPageZZ9281,2026-06-18T19:39:58+00:00,2026-06-18T19:39:58+00:00,1,page,0,dse,
page:dse~AgentInvestorRelayShort9960,2026-06-18T19:40:02+00:00,2026-06-18T20:08:31+00:00,15,page,0,dse,
page:dse~NodeLangTest4,2026-06-18T19:40:03+00:00,2026-06-18T19:40:03+00:00,3,page,0,dse,
page:dse~AgentCitationSECJun19A,2026-06-18T19:40:08+00:00,2026-06-18T20:32:56+00:00,4,page,0,dse,
page:dse~AgentMDSmallCountyOctUnique,2026-06-18T19:40:32+00:00,2026-06-18T21:00:36+00:00,37,page,0,dse,
page:dse~AgentFinalMassCounties18193902,2026-06-18T19:40:38+00:00,2026-06-18T21:05:10+00:00,26,page,0,dse,
page:dse~NodeLangTest5,2026-06-18T19:42:44+00:00,2026-06-18T20:37:06+00:00,6,page,0,dse,
page:dse~AgentUniqueMassLinksJJ2010,2026-06-18T19:43:20+00:00,2026-06-18T19:43:20+00:00,2,page,0,dse,
page:dse~AgentUniqueMassLinksKK2010,2026-06-18T19:43:24+00:00,2026-06-18T19:43:24+00:00,2,page,0,dse,
page:dse~AgentSECAllOriginsOfficialFinal19030,2026-06-18T19:43:27+00:00,2026-06-18T20:20:25+00:00,9,page,0,dse,
page:dse~AgentSECCountyMassJune21Delta,2026-06-18T19:43:55+00:00,2026-06-18T19:43:55+00:00,1,page,0,dse,
page:dse~AgentBridgeViaSearchAA9901,2026-06-18T19:43:57+00:00,2026-06-18T19:43:57+00:00,1,page,0,dse,
page:dse~AgentSECCountyMassJune21Epsilon,2026-06-18T19:44:35+00:00,2026-06-18T20:12:59+00:00,6,page,0,dse,
page:dse~AgentOwnTestXYZ202406,2026-06-18T19:45:02+00:00,2026-06-18T19:45:02+00:00,1,page,0,dse,
page:dse~QueryNewOmegaFresh,2026-06-18T19:45:05+00:00,2026-06-18T19:45:05+00:00,3,page,0,dse,
page:dse~TempTestPage99111,2026-06-18T19:45:06+00:00,2026-06-18T20:03:46+00:00,13,page,0,dse,
page:dse~AgentConv9913,2026-06-18T19:45:08+00:00,2026-06-18T20:58:02+00:00,13,page,0,dse,
page:dse~FutureCorsContinueMerge7711,2026-06-18T19:45:08+00:00,2026-06-18T19:45:08+00:00,2,page,0,dse,
page:dse~AgentElevenSmallLinksBB,2026-06-18T19:45:17+00:00,2026-06-18T19:46:31+00:00,10,page,0,dse,
host:webcrawlerapi.com,2026-06-18T19:45:20+00:00,2026-06-18T21:24:10+00:00,301,host,1,,cors_proxy
page:dse~AgencyMDCounty57494616,2026-06-18T19:45:44+00:00,2026-06-18T19:45:44+00:00,1,page,0,dse,
page:dse~TestAgentSEC001XYZ,2026-06-18T19:45:49+00:00,2026-06-18T19:45:49+00:00,1,page,0,dse,
page:dse~NextContinueOfficial998883,2026-06-18T19:45:54+00:00,2026-06-18T20:11:56+00:00,9,page,0,dse,
page:dse~Agent0GetTry123,2026-06-18T19:46:06+00:00,2026-06-18T19:46:06+00:00,1,page,0,dse,
page:dse~AgentOptimalCitesJun21AB,2026-06-18T19:46:29+00:00,2026-06-18T19:46:29+00:00,2,page,0,dse,
page:dse~AgentSECCountyBridgeJune21Zeta,2026-06-18T19:46:39+00:00,2026-06-18T19:46:39+00:00,1,page,0,dse,
page:dse~BridgeCamelTemp991112,2026-06-18T19:46:51+00:00,2026-06-18T20:03:31+00:00,6,page,0,dse,
page:dse~BridgeFreshSec,2026-06-18T19:47:00+00:00,2026-06-18T19:47:00+00:00,3,page,0,dse,
page:dse~NewSecTemp99111,2026-06-18T19:47:06+00:00,2026-06-18T19:47:06+00:00,3,page,0,dse,
page:dse~NextContinueOfficial99982,2026-06-18T19:47:10+00:00,2026-06-18T19:47:10+00:00,5,page,0,dse,
page:dse~ZZAgentMassCountyRefLinksOct10B,2026-06-18T19:47:48+00:00,2026-06-18T19:47:48+00:00,2,page,0,dse,
page:dse~OpenAIAgentCountySliceJulyUnique,2026-06-18T19:48:05+00:00,2026-06-18T20:40:59+00:00,21,page,0,dse,
page:dse~LoopNextWord100380,2026-06-18T19:48:07+00:00,2026-06-18T19:48:07+00:00,2,page,0,dse,
page:dse~AgentOpenCountyMdHttpNext55,2026-06-18T19:48:08+00:00,2026-06-18T20:11:50+00:00,4,page,0,dse,
page:dse~AgentCountyFreshDD,2026-06-18T19:48:56+00:00,2026-06-18T20:57:21+00:00,2,page,0,dse,
page:dse~AgentGetEditTest55,2026-06-18T19:49:01+00:00,2026-06-18T19:49:01+00:00,1,page,0,dse,
page:dse~AgentDirectDisplayMassXII2026,2026-06-18T19:49:07+00:00,2026-06-18T20:30:54+00:00,14,page,0,dse,
page:dse~AgentBridgeDirectDispXII2026,2026-06-18T19:49:16+00:00,2026-06-18T21:02:32+00:00,13,page,0,dse,
page:dse~NextBridge17818102245470,2026-06-18T19:49:27+00:00,2026-06-18T19:49:27+00:00,3,page,0,dse,
page:dse~SecInvestorMassCountyRounded2026,2026-06-18T19:49:27+00:00,2026-06-18T21:07:30+00:00,30,page,0,dse,
page:probier~AgentMapSimple18485,2026-06-18T19:49:30+00:00,2026-06-18T19:49:40+00:00,4,page,0,probier,
page:dse~NextBridge17818102245471,2026-06-18T19:49:32+00:00,2026-06-18T19:49:32+00:00,3,page,0,dse,
page:dse~NextBridge17818102245472,2026-06-18T19:49:36+00:00,2026-06-18T19:49:36+00:00,3,page,0,dse,
page:dse~RootUnique0,2026-06-18T19:49:40+00:00,2026-06-18T19:49:40+00:00,3,page,0,dse,
page:dse~RootUnique1,2026-06-18T19:49:45+00:00,2026-06-18T19:49:45+00:00,3,page,0,dse,
page:dse~RoundedCorpData779048,2026-06-18T19:49:49+00:00,2026-06-18T19:49:49+00:00,3,page,0,dse,
page:dse~DisplayGatewayCorrectOur665,2026-06-18T19:49:53+00:00,2026-06-18T19:49:53+00:00,3,page,0,dse,
page:dse~AgentOurSECOfficialJuneX55,2026-06-18T19:50:37+00:00,2026-06-18T19:50:37+00:00,3,page,0,dse,
page:dse~AgentNextInvestorJSNEW,2026-06-18T19:51:02+00:00,2026-06-18T21:10:20+00:00,26,page,0,dse,
page:dse~AgentOfficialMassRowsFreshZQ3,2026-06-18T19:51:24+00:00,2026-06-18T19:52:06+00:00,6,page,0,dse,
page:dse~AgentFastSplitJSONJune19,2026-06-18T19:52:43+00:00,2026-06-18T20:51:07+00:00,32,page,0,dse,
page:dse~AgentMDCountyLinks30739,2026-06-18T19:53:05+00:00,2026-06-18T19:53:05+00:00,3,page,0,dse,
page:dse~FutureSecSmall19020,2026-06-18T19:53:05+00:00,2026-06-18T19:53:05+00:00,4,page,0,dse,
host:wikiservice.org,2026-06-18T19:53:05+00:00,2026-06-18T19:53:05+00:00,1,host,1,,wiki_self
host:cloudflare-cors-anywhere.hanpengchen.workers.dev,2026-06-18T19:53:22+00:00,2026-06-18T21:08:47+00:00,14,host,1,,cors_proxy
page:dse~AgentMDSuccDirectExposeABC99077,2026-06-18T19:53:33+00:00,2026-06-18T19:53:33+00:00,4,page,0,dse,
page:dse~Neues,2026-06-18T19:53:46+00:00,2026-06-18T20:52:21+00:00,4,page,0,dse,
page:dse~AgentMdInvestorCountyFinalZ,2026-06-18T19:54:21+00:00,2026-06-18T19:54:21+00:00,1,page,0,dse,
page:dse~FreshSecExternalShort103,2026-06-18T19:54:34+00:00,2026-06-18T19:54:34+00:00,5,page,0,dse,
page:dse~Agent0InvestorDirectUnique1201,2026-06-18T19:54:41+00:00,2026-06-18T19:54:41+00:00,2,page,0,dse,
page:dse~NewContinueMagicWord673867138,2026-06-18T19:54:52+00:00,2026-06-18T20:02:03+00:00,4,page,0,dse,
page:dse~AgentPostAllII,2026-06-18T19:55:10+00:00,2026-06-18T21:09:31+00:00,3,page,0,dse,
page:dse~AgentPureGatewayJune19QQQ,2026-06-18T19:55:15+00:00,2026-06-22T02:53:57+00:00,30,page,0,dse,
host:tigerweb.geo.census.gov,2026-06-18T19:55:27+00:00,2026-06-18T20:06:54+00:00,2,host,1,,upstream_data
page:dse~AgentMDCountyLinks70320,2026-06-18T19:55:57+00:00,2026-06-18T19:55:57+00:00,3,page,0,dse,
page:dse~AgentCompactFollow120,2026-06-18T19:55:58+00:00,2026-06-18T19:55:58+00:00,1,page,0,dse,
page:dse~AgentSecJsonQueries007A,2026-06-18T19:56:09+00:00,2026-06-18T20:23:29+00:00,19,page,0,dse,
page:dse~AgentMassMDZ5J52HNJE,2026-06-18T19:56:22+00:00,2026-06-18T19:56:22+00:00,3,page,0,dse,
page:dse~AgentMassMDZ2K24L6GC,2026-06-18T19:56:42+00:00,2026-06-18T19:56:42+00:00,3,page,0,dse,
page:dse~AgentMDPlainJS5581,2026-06-18T19:56:52+00:00,2026-06-18T20:46:14+00:00,20,page,0,dse,
page:dse~AgentChildWindow9Experiments,2026-06-18T19:57:04+00:00,2026-06-18T21:08:04+00:00,22,page,0,dse,
page:dse~AgentMDLinksFinal82662,2026-06-18T19:57:19+00:00,2026-06-18T20:35:33+00:00,14,page,0,dse,
page:dse~UltraRandomHPAgentPage991177X,2026-06-18T19:57:23+00:00,2026-06-18T20:17:57+00:00,9,page,0,dse,
page:dse~ShortCont990001,2026-06-18T19:57:24+00:00,2026-06-18T20:05:12+00:00,2,page,0,dse,
page:dse~AgentMassMdQ6423,2026-06-18T19:57:59+00:00,2026-06-18T20:16:41+00:00,9,page,0,dse,
page:dse~AgentOwnSec88221,2026-06-18T19:58:03+00:00,2026-06-18T21:18:50+00:00,42,page,0,dse,
page:dse~AgentSecSliceFresh14,2026-06-18T19:58:51+00:00,2026-06-18T19:58:51+00:00,3,page,0,dse,
page:dse~AgentFinalMassLinksJun18ZZ,2026-06-18T19:59:06+00:00,2026-06-18T19:59:06+00:00,5,page,0,dse,
page:dse~AgentTryQuerySec888,2026-06-18T19:59:07+00:00,2026-06-18T19:59:07+00:00,1,page,0,dse,
page:dse~LoopNextWord102330,2026-06-18T19:59:09+00:00,2026-06-18T19:59:09+00:00,1,page,0,dse,
page:dse~AgentMDPrettyInvestSECNEW991,2026-06-18T19:59:18+00:00,2026-06-18T20:15:29+00:00,7,page,0,dse,
page:dse~WorkerLinksGet7788,2026-06-18T19:59:40+00:00,2026-06-18T19:59:40+00:00,3,page,0,dse,
page:dse~MoreNextWord201019,2026-06-18T19:59:43+00:00,2026-06-18T19:59:43+00:00,1,page,0,dse,
page:dse~AgentCountyPlain007,2026-06-18T20:00:22+00:00,2026-06-18T21:03:54+00:00,3,page,0,dse,
page:dse~LoopNextWord101660,2026-06-18T20:00:31+00:00,2026-06-18T20:30:53+00:00,3,page,0,dse,
page:dse~AgentCompactOfficialNamed6971234,2026-06-18T20:00:49+00:00,2026-06-18T20:00:49+00:00,2,page,0,dse,
page:dse~NewPageSaveTest,2026-06-18T20:00:53+00:00,2026-06-18T20:00:53+00:00,1,page,0,dse,
page:dse~FreshBridgeMDJune20Z,2026-06-18T20:01:17+00:00,2026-06-18T20:01:17+00:00,1,page,0,dse,
page:dse~GetContinue7788,2026-06-18T20:01:19+00:00,2026-06-18T20:01:19+00:00,1,page,0,dse,
page:dse~AgentTryQuerySecGET9,2026-06-18T20:01:20+00:00,2026-06-18T20:01:20+00:00,1,page,0,dse,
page:dse~WindowCurrent,2026-06-18T20:01:23+00:00,2026-06-18T20:01:23+00:00,1,page,0,dse,
page:dse~SelfModuleContinue7771,2026-06-18T20:01:27+00:00,2026-06-18T20:01:27+00:00,1,page,0,dse,
page:dse~AgentSecMapJSUnique44520256,2026-06-18T20:01:33+00:00,2026-06-18T20:01:33+00:00,2,page,0,dse,
page:dse~AgentZzzHighMapJun21,2026-06-18T20:01:51+00:00,2026-06-18T20:01:51+00:00,3,page,0,dse,
page:dse~AgentZzzFurtherMap,2026-06-18T20:01:55+00:00,2026-06-18T20:09:35+00:00,6,page,0,dse,
page:dse~AgentCitationTransformJuneM,2026-06-18T20:02:15+00:00,2026-06-18T20:02:15+00:00,2,page,0,dse,
page:dse~LiveChildProxy998800,2026-06-18T20:02:24+00:00,2026-06-18T20:02:24+00:00,1,page,0,dse,
page:dse~OpenAIAgentTry999,2026-06-18T20:02:48+00:00,2026-06-18T20:02:48+00:00,1,page,0,dse,
page:dse~PokeUniqueWord778049,2026-06-18T20:02:57+00:00,2026-06-18T20:27:20+00:00,10,page,0,dse,
page:dse~AgentMassTwelfthJS554433,2026-06-18T20:03:07+00:00,2026-06-18T20:03:07+00:00,3,page,0,dse,
page:dse~AgentQuerySecPageZZ,2026-06-18T20:03:17+00:00,2026-06-18T20:03:17+00:00,1,page,0,dse,
page:dse~MassMdOfficialHalfA884411,2026-06-18T20:03:58+00:00,2026-06-18T20:03:58+00:00,1,page,0,dse,
page:dse~MassMdOfficialHalfB884411,2026-06-18T20:04:03+00:00,2026-06-18T20:04:03+00:00,1,page,0,dse,
page:dse~MassMdPortal884411,2026-06-18T20:04:07+00:00,2026-06-18T20:04:07+00:00,2,page,0,dse,
page:dse~AgentWindow12Enc991234,2026-06-18T20:04:08+00:00,2026-06-18T20:04:08+00:00,3,page,0,dse,
page:dse~ShortCont990010,2026-06-18T20:04:12+00:00,2026-06-18T20:04:12+00:00,2,page,0,dse,
page:probier~OMEGA011refQTApo,2026-06-18T20:04:15+00:00,2026-06-18T20:04:15+00:00,1,page,0,probier,
page:dse~ShortCont990011,2026-06-18T20:04:16+00:00,2026-06-18T20:04:16+00:00,2,page,0,dse,
page:dse~RawUsd990010,2026-06-18T20:04:20+00:00,2026-06-18T20:04:20+00:00,2,page,0,dse,
page:dse~ClothingCaliforniaAllYearsExactQZ94,2026-06-18T20:04:24+00:00,2026-06-18T20:04:24+00:00,2,page,0,dse,
page:dse~TESTXYZ,2026-06-18T20:04:28+00:00,2026-06-18T20:04:28+00:00,2,page,0,dse,
page:dse~AgentMDSECCountFitX2,2026-06-18T20:04:37+00:00,2026-06-18T21:18:20+00:00,11,page,0,dse,
page:dse~MoreNextWord201560,2026-06-18T20:05:00+00:00,2026-06-18T20:25:40+00:00,3,page,0,dse,
page:dse~LoopNextWord102320,2026-06-18T20:05:04+00:00,2026-06-18T20:05:04+00:00,1,page,0,dse,
page:dse~NextPureContinue66299,2026-06-18T20:05:08+00:00,2026-06-18T20:05:08+00:00,1,page,0,dse,
page:dse~AgentInvestSimpleJun1781813107,2026-06-18T20:05:17+00:00,2026-06-18T20:05:17+00:00,3,page,0,dse,
page:dse~AgentNewQuerySec555,2026-06-18T20:05:25+00:00,2026-06-18T20:05:25+00:00,1,page,0,dse,
page:dse~MDChainAgent77782,2026-06-18T20:05:43+00:00,2026-06-18T20:05:43+00:00,2,page,0,dse,
page:dse~MDChainAgent77783,2026-06-18T20:05:47+00:00,2026-06-18T20:05:47+00:00,2,page,0,dse,
page:dse~CorrectNext301045,2026-06-18T20:05:52+00:00,2026-06-18T20:05:52+00:00,2,page,0,dse,
page:dse~ChainToFreshB,2026-06-18T20:05:56+00:00,2026-06-18T20:05:56+00:00,2,page,0,dse,
page:dse~AgentCtx011SecMD,2026-06-18T20:05:58+00:00,2026-06-18T20:05:58+00:00,2,page,0,dse,
page:dse~PokeUniqueWord778000,2026-06-18T20:06:02+00:00,2026-06-18T20:25:38+00:00,14,page,0,dse,
page:dse~AgentTrySecNew60,2026-06-18T20:06:15+00:00,2026-06-18T20:06:15+00:00,1,page,0,dse,
page:dse~PokeUniqueWord778048,2026-06-18T20:06:30+00:00,2026-06-18T20:06:30+00:00,1,page,0,dse,
page:dse~AltChain19031,2026-06-18T20:06:38+00:00,2026-06-18T20:18:46+00:00,6,page,0,dse,
page:dse~AgentRjinaLinks812,2026-06-18T20:07:08+00:00,2026-06-18T20:07:08+00:00,1,page,0,dse,
page:dse~MASECCountyOpenData99189,2026-06-18T20:07:22+00:00,2026-06-18T20:07:22+00:00,2,page,0,dse,
host:translate-pa.googleapis.com,2026-06-18T20:07:24+00:00,2026-06-18T20:07:24+00:00,1,host,1,,translation_proxy
page:dse~UniqueAdd9847498,2026-06-18T20:07:28+00:00,2026-06-18T20:12:52+00:00,13,page,0,dse,
page:dse~AgentGetEditTestZZ,2026-06-18T20:08:25+00:00,2026-06-18T20:08:25+00:00,1,page,0,dse,
page:dse~AgentNewWindowElevenSECX,2026-06-18T20:08:27+00:00,2026-06-18T20:08:27+00:00,1,page,0,dse,
page:dse~AgentMassLinkPageY,2026-06-18T20:08:29+00:00,2026-06-18T20:08:29+00:00,1,page,0,dse,
page:dse~AgentSECDoubleSlashSmall220110,2026-06-18T20:08:37+00:00,2026-06-18T20:35:08+00:00,21,page,0,dse,
page:dse~AgentBridgeWillkommen9988,2026-06-18T20:08:38+00:00,2026-06-22T02:58:36+00:00,3,page,0,dse,
page:dse~AgentSECDoubleSlashSmall220111,2026-06-18T20:08:46+00:00,2026-06-18T20:08:46+00:00,4,page,0,dse,
page:dse~AgentSECDoubleSlashSmall220112,2026-06-18T20:08:56+00:00,2026-06-18T20:08:56+00:00,4,page,0,dse,
page:dse~AgentSECDoubleSlashSmall220113,2026-06-18T20:09:05+00:00,2026-06-18T20:09:05+00:00,3,page,0,dse,
page:dse~AgentSECDoubleSlashSmall220114,2026-06-18T20:09:13+00:00,2026-06-18T20:09:13+00:00,3,page,0,dse,
page:dse~AgentFinalMassChildRaw2606,2026-06-18T20:09:21+00:00,2026-06-18T20:09:21+00:00,2,page,0,dse,
page:dse~AgentZzzHighMapFixed22,2026-06-18T20:09:30+00:00,2026-06-18T20:09:30+00:00,3,page,0,dse,
page:dse~MoreNextWord201620,2026-06-18T20:09:39+00:00,2026-06-18T20:31:07+00:00,3,page,0,dse,
page:dse~LoopNextWord102601,2026-06-18T20:09:40+00:00,2026-06-18T20:09:40+00:00,1,page,0,dse,
page:dse~LoopNextWord102681,2026-06-18T20:09:41+00:00,2026-06-18T20:09:41+00:00,1,page,0,dse,
page:dse~LoopNextWord102721,2026-06-18T20:09:41+00:00,2026-06-18T20:09:41+00:00,1,page,0,dse,
page:dse~LoopNextWord102840,2026-06-18T20:09:41+00:00,2026-06-18T20:09:41+00:00,1,page,0,dse,
page:dse~LoopNextWord102740,2026-06-18T20:09:42+00:00,2026-06-18T20:09:42+00:00,1,page,0,dse,
page:dse~LoopNextWord102780,2026-06-18T20:09:42+00:00,2026-06-18T20:09:42+00:00,1,page,0,dse,
page:dse~LoopNextWord102600,2026-06-18T20:09:43+00:00,2026-06-18T20:09:43+00:00,1,page,0,dse,
page:dse~LoopNextWord102620,2026-06-18T20:09:43+00:00,2026-06-18T20:09:43+00:00,1,page,0,dse,
page:dse~LoopNextWord102621,2026-06-18T20:09:43+00:00,2026-06-18T20:09:43+00:00,1,page,0,dse,
page:dse~LoopNextWord102661,2026-06-18T20:09:43+00:00,2026-06-18T20:09:43+00:00,1,page,0,dse,
page:dse~LoopNextWord102680,2026-06-18T20:09:43+00:00,2026-06-18T20:09:43+00:00,1,page,0,dse,
page:dse~LoopNextWord102701,2026-06-18T20:09:43+00:00,2026-06-18T20:09:43+00:00,1,page,0,dse,
page:dse~LoopNextWord102761,2026-06-18T20:09:43+00:00,2026-06-18T20:09:43+00:00,1,page,0,dse,
page:dse~LoopNextWord102801,2026-06-18T20:09:43+00:00,2026-06-18T20:09:43+00:00,1,page,0,dse,
page:dse~LoopNextWord102820,2026-06-18T20:09:43+00:00,2026-06-18T20:09:43+00:00,1,page,0,dse,
page:dse~LoopNextWord102640,2026-06-18T20:09:44+00:00,2026-06-18T20:09:44+00:00,1,page,0,dse,
page:dse~LoopNextWord102641,2026-06-18T20:09:44+00:00,2026-06-18T20:09:44+00:00,1,page,0,dse,
page:dse~LoopNextWord102660,2026-06-18T20:09:44+00:00,2026-06-18T20:09:44+00:00,1,page,0,dse,
page:dse~LoopNextWord102700,2026-06-18T20:09:44+00:00,2026-06-18T20:09:44+00:00,1,page,0,dse,
page:dse~LoopNextWord102720,2026-06-18T20:09:44+00:00,2026-06-18T20:09:44+00:00,1,page,0,dse,
page:dse~LoopNextWord102741,2026-06-18T20:09:44+00:00,2026-06-18T20:09:44+00:00,1,page,0,dse,
page:dse~LoopNextWord102760,2026-06-18T20:09:44+00:00,2026-06-18T20:09:44+00:00,1,page,0,dse,
page:dse~LoopNextWord102821,2026-06-18T20:09:44+00:00,2026-06-18T20:09:44+00:00,1,page,0,dse,
page:dse~LoopNextWord102841,2026-06-18T20:09:44+00:00,2026-06-18T20:09:44+00:00,1,page,0,dse,
page:dse~LoopNextWord102860,2026-06-18T20:09:44+00:00,2026-06-18T20:09:44+00:00,1,page,0,dse,
page:dse~LoopNextWord102861,2026-06-18T20:09:44+00:00,2026-06-18T20:09:44+00:00,1,page,0,dse,
page:dse~LoopNextWord102880,2026-06-18T20:09:44+00:00,2026-06-18T20:09:44+00:00,1,page,0,dse,
page:dse~LoopNextWord102800,2026-06-18T20:09:45+00:00,2026-06-18T20:09:45+00:00,1,page,0,dse,
page:dse~LoopNextWord102881,2026-06-18T20:09:45+00:00,2026-06-18T20:09:45+00:00,1,page,0,dse,
page:dse~LoopNextWord102900,2026-06-18T20:09:45+00:00,2026-06-18T20:09:45+00:00,1,page,0,dse,
page:dse~LoopNextWord102920,2026-06-18T20:09:45+00:00,2026-06-18T20:09:45+00:00,1,page,0,dse,
page:dse~LoopNextWord102921,2026-06-18T20:09:45+00:00,2026-06-18T20:09:45+00:00,1,page,0,dse,
page:dse~LoopNextWord102901,2026-06-18T20:09:46+00:00,2026-06-18T20:09:46+00:00,1,page,0,dse,
page:dse~LoopNextWord102940,2026-06-18T20:09:46+00:00,2026-06-18T20:09:46+00:00,1,page,0,dse,
page:dse~LoopNextWord102941,2026-06-18T20:09:46+00:00,2026-06-18T20:09:46+00:00,1,page,0,dse,
page:dse~LoopNextWord102960,2026-06-18T20:09:46+00:00,2026-06-18T20:09:46+00:00,1,page,0,dse,
page:dse~LoopNextWord102961,2026-06-18T20:09:46+00:00,2026-06-18T20:09:46+00:00,1,page,0,dse,
page:dse~LoopNextWord102980,2026-06-18T20:09:46+00:00,2026-06-18T20:09:46+00:00,1,page,0,dse,
page:dse~LoopNextWord102981,2026-06-18T20:09:46+00:00,2026-06-18T20:09:46+00:00,1,page,0,dse,
page:dse~LoopNextWord103001,2026-06-18T20:09:46+00:00,2026-06-18T20:09:46+00:00,1,page,0,dse,
page:dse~LoopNextWord103020,2026-06-18T20:09:46+00:00,2026-06-18T20:09:46+00:00,1,page,0,dse,
page:dse~LoopNextWord103000,2026-06-18T20:09:47+00:00,2026-06-18T20:09:47+00:00,1,page,0,dse,
page:dse~LoopNextWord103021,2026-06-18T20:09:47+00:00,2026-06-18T20:09:47+00:00,1,page,0,dse,
page:dse~LoopNextWord103040,2026-06-18T20:09:47+00:00,2026-06-18T20:09:47+00:00,1,page,0,dse,
page:dse~LoopNextWord103041,2026-06-18T20:09:47+00:00,2026-06-18T20:09:47+00:00,1,page,0,dse,
page:dse~LoopNextWord103060,2026-06-18T20:09:47+00:00,2026-06-18T20:09:47+00:00,1,page,0,dse,
page:dse~LoopNextWord103061,2026-06-18T20:09:47+00:00,2026-06-18T20:09:47+00:00,1,page,0,dse,
page:dse~LoopNextWord103080,2026-06-18T20:09:47+00:00,2026-06-18T20:09:47+00:00,1,page,0,dse,
page:dse~LoopNextWord103081,2026-06-18T20:09:47+00:00,2026-06-18T20:09:47+00:00,1,page,0,dse,
page:dse~LoopNextWord103100,2026-06-18T20:09:47+00:00,2026-06-18T20:09:47+00:00,1,page,0,dse,
page:dse~LoopNextWord103101,2026-06-18T20:09:47+00:00,2026-06-18T20:09:47+00:00,1,page,0,dse,
page:dse~LoopNextWord103120,2026-06-18T20:09:47+00:00,2026-06-18T20:09:47+00:00,1,page,0,dse,
page:dse~LoopNextWord103121,2026-06-18T20:09:47+00:00,2026-06-18T20:09:47+00:00,1,page,0,dse,
page:dse~LoopNextWord103140,2026-06-18T20:09:47+00:00,2026-06-18T20:09:47+00:00,1,page,0,dse,
page:dse~LoopNextWord103160,2026-06-18T20:09:47+00:00,2026-06-18T20:09:47+00:00,1,page,0,dse,
page:dse~LoopNextWord103141,2026-06-18T20:09:48+00:00,2026-06-18T20:09:48+00:00,1,page,0,dse,
page:dse~LoopNextWord103161,2026-06-18T20:09:48+00:00,2026-06-18T20:09:48+00:00,1,page,0,dse,
page:dse~LoopNextWord103180,2026-06-18T20:09:48+00:00,2026-06-18T20:09:48+00:00,1,page,0,dse,
page:dse~LoopNextWord103181,2026-06-18T20:09:48+00:00,2026-06-18T20:09:48+00:00,1,page,0,dse,
page:dse~LoopNextWord103200,2026-06-18T20:09:49+00:00,2026-06-18T20:09:49+00:00,1,page,0,dse,
page:dse~LoopNextWord103201,2026-06-18T20:09:49+00:00,2026-06-18T20:09:49+00:00,1,page,0,dse,
page:dse~LoopNextWord103220,2026-06-18T20:09:49+00:00,2026-06-18T20:09:49+00:00,1,page,0,dse,
page:dse~LoopNextWord103221,2026-06-18T20:09:49+00:00,2026-06-18T20:09:49+00:00,1,page,0,dse,
page:dse~LoopNextWord103240,2026-06-18T20:09:49+00:00,2026-06-18T20:09:49+00:00,1,page,0,dse,
page:dse~LoopNextWord103260,2026-06-18T20:09:49+00:00,2026-06-18T20:09:49+00:00,1,page,0,dse,
page:dse~LoopNextWord103261,2026-06-18T20:09:49+00:00,2026-06-18T20:09:49+00:00,1,page,0,dse,
page:dse~LoopNextWord103280,2026-06-18T20:09:49+00:00,2026-06-18T20:09:49+00:00,1,page,0,dse,
page:dse~LoopNextWord103281,2026-06-18T20:09:49+00:00,2026-06-18T20:09:49+00:00,1,page,0,dse,
page:dse~LoopNextWord103301,2026-06-18T20:09:50+00:00,2026-06-18T20:09:50+00:00,1,page,0,dse,
page:dse~LoopNextWord103321,2026-06-18T20:09:50+00:00,2026-06-18T20:09:50+00:00,1,page,0,dse,
page:dse~LoopNextWord103340,2026-06-18T20:09:50+00:00,2026-06-18T20:09:50+00:00,1,page,0,dse,
page:dse~LoopNextWord103341,2026-06-18T20:09:50+00:00,2026-06-18T20:09:50+00:00,1,page,0,dse,
page:dse~LoopNextWord103361,2026-06-18T20:09:50+00:00,2026-06-18T20:09:50+00:00,1,page,0,dse,
page:dse~LoopNextWord103380,2026-06-18T20:09:50+00:00,2026-06-18T20:09:50+00:00,1,page,0,dse,
page:dse~LoopNextWord103381,2026-06-18T20:09:50+00:00,2026-06-18T20:09:50+00:00,1,page,0,dse,
page:dse~LoopNextWord103400,2026-06-18T20:09:50+00:00,2026-06-18T20:09:50+00:00,1,page,0,dse,
page:dse~LoopNextWord103360,2026-06-18T20:09:51+00:00,2026-06-18T20:09:51+00:00,1,page,0,dse,
page:dse~LoopNextWord103401,2026-06-18T20:09:51+00:00,2026-06-18T20:09:51+00:00,1,page,0,dse,
page:dse~LoopNextWord103420,2026-06-18T20:09:51+00:00,2026-06-18T20:09:51+00:00,1,page,0,dse,
page:dse~LoopNextWord103421,2026-06-18T20:09:51+00:00,2026-06-18T20:09:51+00:00,1,page,0,dse,
page:dse~LoopNextWord103441,2026-06-18T20:09:51+00:00,2026-06-18T20:09:51+00:00,1,page,0,dse,
page:dse~LoopNextWord103460,2026-06-18T20:09:51+00:00,2026-06-18T20:09:51+00:00,1,page,0,dse,
page:dse~LoopNextWord103461,2026-06-18T20:09:51+00:00,2026-06-18T20:09:51+00:00,1,page,0,dse,
page:dse~LoopNextWord103480,2026-06-18T20:09:51+00:00,2026-06-18T20:09:51+00:00,1,page,0,dse,
page:dse~LoopNextWord103500,2026-06-18T20:09:51+00:00,2026-06-18T20:09:51+00:00,1,page,0,dse,
page:dse~LoopNextWord103501,2026-06-18T20:09:52+00:00,2026-06-18T20:09:52+00:00,1,page,0,dse,
page:dse~LoopNextWord103520,2026-06-18T20:09:52+00:00,2026-06-18T20:09:52+00:00,1,page,0,dse,
page:dse~LoopNextWord103521,2026-06-18T20:09:52+00:00,2026-06-18T20:09:52+00:00,1,page,0,dse,
page:dse~LoopNextWord103541,2026-06-18T20:09:52+00:00,2026-06-18T20:09:52+00:00,1,page,0,dse,
page:dse~LoopNextWord103560,2026-06-18T20:09:52+00:00,2026-06-18T20:09:52+00:00,1,page,0,dse,
page:dse~LoopNextWord103561,2026-06-18T20:09:52+00:00,2026-06-18T20:09:52+00:00,1,page,0,dse,
page:dse~LoopNextWord103540,2026-06-18T20:09:53+00:00,2026-06-18T20:09:53+00:00,1,page,0,dse,
page:dse~LoopNextWord103580,2026-06-18T20:09:53+00:00,2026-06-18T20:09:53+00:00,1,page,0,dse,
page:dse~LoopNextWord103581,2026-06-18T20:09:53+00:00,2026-06-18T20:09:53+00:00,1,page,0,dse,
page:dse~LoopNextWord103600,2026-06-18T20:09:53+00:00,2026-06-18T20:09:53+00:00,1,page,0,dse,
page:dse~LoopNextWord103601,2026-06-18T20:09:53+00:00,2026-06-18T20:09:53+00:00,1,page,0,dse,
page:dse~LoopNextWord103620,2026-06-18T20:09:53+00:00,2026-06-18T20:09:53+00:00,1,page,0,dse,
page:dse~LoopNextWord103621,2026-06-18T20:09:53+00:00,2026-06-18T20:09:53+00:00,1,page,0,dse,
page:dse~LoopNextWord103640,2026-06-18T20:09:53+00:00,2026-06-18T20:09:53+00:00,1,page,0,dse,
page:dse~LoopNextWord103641,2026-06-18T20:09:53+00:00,2026-06-18T20:09:53+00:00,1,page,0,dse,
page:dse~LoopNextWord103660,2026-06-18T20:09:53+00:00,2026-06-18T20:09:53+00:00,1,page,0,dse,
page:dse~LoopNextWord103661,2026-06-18T20:09:53+00:00,2026-06-18T20:09:53+00:00,1,page,0,dse,
page:dse~LoopNextWord103700,2026-06-18T20:09:53+00:00,2026-06-18T20:09:53+00:00,1,page,0,dse,
page:dse~LoopNextWord103680,2026-06-18T20:09:54+00:00,2026-06-18T20:09:54+00:00,1,page,0,dse,
page:dse~LoopNextWord103681,2026-06-18T20:09:54+00:00,2026-06-18T20:09:54+00:00,1,page,0,dse,
page:dse~LoopNextWord103701,2026-06-18T20:09:54+00:00,2026-06-18T20:09:54+00:00,1,page,0,dse,
page:dse~LoopNextWord103720,2026-06-18T20:09:54+00:00,2026-06-18T20:09:54+00:00,1,page,0,dse,
page:dse~LoopNextWord103721,2026-06-18T20:09:54+00:00,2026-06-18T20:09:54+00:00,1,page,0,dse,
page:dse~LoopNextWord103740,2026-06-18T20:09:54+00:00,2026-06-18T20:09:54+00:00,1,page,0,dse,
page:dse~LoopNextWord103741,2026-06-18T20:09:54+00:00,2026-06-18T20:09:54+00:00,1,page,0,dse,
page:dse~LoopNextWord103760,2026-06-18T20:09:54+00:00,2026-06-18T20:09:54+00:00,1,page,0,dse,
page:dse~LoopNextWord103781,2026-06-18T20:09:54+00:00,2026-06-18T20:09:54+00:00,1,page,0,dse,
page:dse~LoopNextWord103800,2026-06-18T20:09:55+00:00,2026-06-18T20:09:55+00:00,1,page,0,dse,
page:dse~LoopNextWord103820,2026-06-18T20:09:55+00:00,2026-06-18T20:09:55+00:00,1,page,0,dse,
page:dse~LoopNextWord103821,2026-06-18T20:09:55+00:00,2026-06-18T20:09:55+00:00,1,page,0,dse,
page:dse~LoopNextWord103840,2026-06-18T20:09:55+00:00,2026-06-18T20:09:55+00:00,1,page,0,dse,
page:dse~LoopNextWord103841,2026-06-18T20:09:55+00:00,2026-06-18T20:09:55+00:00,1,page,0,dse,
page:dse~LoopNextWord103860,2026-06-18T20:09:56+00:00,2026-06-18T20:09:56+00:00,1,page,0,dse,
page:dse~LoopNextWord103861,2026-06-18T20:09:56+00:00,2026-06-18T20:09:56+00:00,1,page,0,dse,
page:dse~LoopNextWord103881,2026-06-18T20:09:56+00:00,2026-06-18T20:09:56+00:00,1,page,0,dse,
page:dse~LoopNextWord103900,2026-06-18T20:09:56+00:00,2026-06-18T20:09:56+00:00,1,page,0,dse,
page:dse~LoopNextWord103901,2026-06-18T20:09:56+00:00,2026-06-18T20:09:56+00:00,1,page,0,dse,
page:dse~LoopNextWord103920,2026-06-18T20:09:56+00:00,2026-06-18T20:09:56+00:00,1,page,0,dse,
page:dse~LoopNextWord103921,2026-06-18T20:09:56+00:00,2026-06-18T20:09:56+00:00,1,page,0,dse,
page:dse~LoopNextWord103940,2026-06-18T20:09:56+00:00,2026-06-18T20:09:56+00:00,1,page,0,dse,
page:dse~LoopNextWord103941,2026-06-18T20:09:57+00:00,2026-06-18T20:09:57+00:00,1,page,0,dse,
page:dse~LoopNextWord103960,2026-06-18T20:09:57+00:00,2026-06-18T20:09:57+00:00,1,page,0,dse,
page:dse~LoopNextWord103961,2026-06-18T20:09:57+00:00,2026-06-18T20:09:57+00:00,1,page,0,dse,
page:dse~LoopNextWord103980,2026-06-18T20:09:57+00:00,2026-06-18T20:09:57+00:00,1,page,0,dse,
page:dse~LoopNextWord103981,2026-06-18T20:09:57+00:00,2026-06-18T20:09:57+00:00,1,page,0,dse,
page:dse~LoopNextWord104001,2026-06-18T20:09:57+00:00,2026-06-18T20:09:57+00:00,1,page,0,dse,
page:dse~LoopNextWord104020,2026-06-18T20:09:57+00:00,2026-06-18T20:09:57+00:00,1,page,0,dse,
page:dse~LoopNextWord104021,2026-06-18T20:09:57+00:00,2026-06-18T20:09:57+00:00,1,page,0,dse,
page:dse~LoopNextWord104040,2026-06-18T20:09:57+00:00,2026-06-18T20:09:57+00:00,1,page,0,dse,
page:dse~LoopNextWord104060,2026-06-18T20:09:57+00:00,2026-06-18T20:09:57+00:00,1,page,0,dse,
page:dse~LoopNextWord104000,2026-06-18T20:09:58+00:00,2026-06-18T20:09:58+00:00,1,page,0,dse,
page:dse~LoopNextWord104041,2026-06-18T20:09:58+00:00,2026-06-18T20:09:58+00:00,1,page,0,dse,
page:dse~LoopNextWord104080,2026-06-18T20:09:58+00:00,2026-06-18T20:09:58+00:00,1,page,0,dse,
page:dse~LoopNextWord104100,2026-06-18T20:09:58+00:00,2026-06-18T20:09:58+00:00,1,page,0,dse,
page:dse~LoopNextWord104120,2026-06-18T20:09:58+00:00,2026-06-18T20:09:58+00:00,1,page,0,dse,
page:dse~LoopNextWord104121,2026-06-18T20:09:59+00:00,2026-06-18T20:09:59+00:00,1,page,0,dse,
page:dse~LoopNextWord104140,2026-06-18T20:09:59+00:00,2026-06-18T20:09:59+00:00,1,page,0,dse,
page:dse~LoopNextWord104141,2026-06-18T20:09:59+00:00,2026-06-18T20:09:59+00:00,1,page,0,dse,
page:dse~LoopNextWord104160,2026-06-18T20:09:59+00:00,2026-06-18T20:09:59+00:00,1,page,0,dse,
page:dse~LoopNextWord104181,2026-06-18T20:09:59+00:00,2026-06-18T20:09:59+00:00,1,page,0,dse,
page:dse~LoopNextWord104220,2026-06-18T20:09:59+00:00,2026-06-18T20:09:59+00:00,1,page,0,dse,
page:dse~LoopNextWord104221,2026-06-18T20:09:59+00:00,2026-06-18T20:09:59+00:00,1,page,0,dse,
page:dse~LoopNextWord104240,2026-06-18T20:09:59+00:00,2026-06-18T20:09:59+00:00,1,page,0,dse,
page:dse~LoopNextWord104241,2026-06-18T20:09:59+00:00,2026-06-18T20:09:59+00:00,1,page,0,dse,
page:dse~LoopNextWord104161,2026-06-18T20:10:00+00:00,2026-06-18T20:10:00+00:00,1,page,0,dse,
page:dse~LoopNextWord104180,2026-06-18T20:10:00+00:00,2026-06-18T20:10:00+00:00,1,page,0,dse,
page:dse~LoopNextWord104200,2026-06-18T20:10:00+00:00,2026-06-18T20:10:00+00:00,1,page,0,dse,
page:dse~LoopNextWord104201,2026-06-18T20:10:00+00:00,2026-06-18T20:10:00+00:00,1,page,0,dse,
page:dse~LoopNextWord104260,2026-06-18T20:10:00+00:00,2026-06-18T20:10:00+00:00,1,page,0,dse,
page:dse~LoopNextWord104261,2026-06-18T20:10:00+00:00,2026-06-18T20:10:00+00:00,1,page,0,dse,
page:dse~LoopNextWord104280,2026-06-18T20:10:00+00:00,2026-06-18T20:10:00+00:00,1,page,0,dse,
page:dse~LoopNextWord104281,2026-06-18T20:10:00+00:00,2026-06-18T20:10:00+00:00,1,page,0,dse,
page:dse~LoopNextWord104300,2026-06-18T20:10:00+00:00,2026-06-18T20:10:00+00:00,1,page,0,dse,
page:dse~LoopNextWord104301,2026-06-18T20:10:00+00:00,2026-06-18T20:10:00+00:00,1,page,0,dse,
page:dse~LoopNextWord104321,2026-06-18T20:10:00+00:00,2026-06-18T20:10:00+00:00,1,page,0,dse,
page:dse~LoopNextWord104340,2026-06-18T20:10:00+00:00,2026-06-18T20:10:00+00:00,1,page,0,dse,
page:dse~LoopNextWord104341,2026-06-18T20:10:01+00:00,2026-06-18T20:10:01+00:00,1,page,0,dse,
page:dse~LoopNextWord104360,2026-06-18T20:10:01+00:00,2026-06-18T20:10:01+00:00,1,page,0,dse,
page:dse~LoopNextWord104380,2026-06-18T20:10:01+00:00,2026-06-18T20:10:01+00:00,1,page,0,dse,
page:dse~LoopNextWord104381,2026-06-18T20:10:01+00:00,2026-06-18T20:10:01+00:00,1,page,0,dse,
page:dse~LoopNextWord104400,2026-06-18T20:10:01+00:00,2026-06-18T20:10:01+00:00,1,page,0,dse,
page:dse~LoopNextWord104401,2026-06-18T20:10:01+00:00,2026-06-18T20:10:01+00:00,1,page,0,dse,
page:dse~LoopNextWord104361,2026-06-18T20:10:02+00:00,2026-06-18T20:10:02+00:00,1,page,0,dse,
page:dse~LoopNextWord104420,2026-06-18T20:10:02+00:00,2026-06-18T20:10:02+00:00,1,page,0,dse,
page:dse~LoopNextWord104440,2026-06-18T20:10:02+00:00,2026-06-18T20:10:02+00:00,1,page,0,dse,
page:dse~LoopNextWord104441,2026-06-18T20:10:02+00:00,2026-06-18T20:10:02+00:00,1,page,0,dse,
page:dse~LoopNextWord104460,2026-06-18T20:10:02+00:00,2026-06-18T20:10:02+00:00,1,page,0,dse,
page:dse~LoopNextWord104461,2026-06-18T20:10:02+00:00,2026-06-18T20:10:02+00:00,1,page,0,dse,
page:dse~LoopNextWord104480,2026-06-18T20:10:02+00:00,2026-06-18T20:10:02+00:00,1,page,0,dse,
page:dse~LoopNextWord104500,2026-06-18T20:10:02+00:00,2026-06-18T20:10:02+00:00,1,page,0,dse,
page:dse~LoopNextWord104501,2026-06-18T20:10:02+00:00,2026-06-18T20:10:02+00:00,1,page,0,dse,
page:dse~LoopNextWord104540,2026-06-18T20:10:02+00:00,2026-06-18T20:10:02+00:00,1,page,0,dse,
page:dse~LoopNextWord104520,2026-06-18T20:10:03+00:00,2026-06-18T20:10:03+00:00,1,page,0,dse,
page:dse~LoopNextWord104521,2026-06-18T20:10:03+00:00,2026-06-18T20:10:03+00:00,1,page,0,dse,
page:dse~LoopNextWord104560,2026-06-18T20:10:03+00:00,2026-06-18T20:10:03+00:00,1,page,0,dse,
page:dse~LoopNextWord104561,2026-06-18T20:10:03+00:00,2026-06-18T20:10:03+00:00,1,page,0,dse,
page:dse~LoopNextWord104580,2026-06-18T20:10:03+00:00,2026-06-18T20:10:03+00:00,1,page,0,dse,
page:dse~LoopNextWord104621,2026-06-18T20:10:03+00:00,2026-06-18T20:10:03+00:00,1,page,0,dse,
page:dse~LoopNextWord104600,2026-06-18T20:10:04+00:00,2026-06-18T20:10:04+00:00,1,page,0,dse,
page:dse~LoopNextWord104601,2026-06-18T20:10:04+00:00,2026-06-18T20:10:04+00:00,1,page,0,dse,
page:dse~LoopNextWord104620,2026-06-18T20:10:04+00:00,2026-06-18T20:10:04+00:00,1,page,0,dse,
page:dse~LoopNextWord104640,2026-06-18T20:10:04+00:00,2026-06-18T20:10:04+00:00,1,page,0,dse,
page:dse~LoopNextWord104660,2026-06-18T20:10:04+00:00,2026-06-18T20:10:04+00:00,1,page,0,dse,
page:dse~LoopNextWord104661,2026-06-18T20:10:04+00:00,2026-06-18T20:10:04+00:00,1,page,0,dse,
page:dse~LoopNextWord104680,2026-06-18T20:10:04+00:00,2026-06-18T20:10:04+00:00,1,page,0,dse,
page:dse~LoopNextWord104700,2026-06-18T20:10:04+00:00,2026-06-18T20:10:04+00:00,1,page,0,dse,
page:dse~LoopNextWord104701,2026-06-18T20:10:05+00:00,2026-06-18T20:10:05+00:00,1,page,0,dse,
page:dse~LoopNextWord104720,2026-06-18T20:10:05+00:00,2026-06-18T20:10:05+00:00,1,page,0,dse,
page:dse~LoopNextWord104721,2026-06-18T20:10:05+00:00,2026-06-18T20:10:05+00:00,1,page,0,dse,
page:dse~LoopNextWord104740,2026-06-18T20:10:05+00:00,2026-06-18T20:10:05+00:00,1,page,0,dse,
page:dse~LoopNextWord104741,2026-06-18T20:10:05+00:00,2026-06-18T20:10:05+00:00,1,page,0,dse,
page:dse~LoopNextWord104760,2026-06-18T20:10:05+00:00,2026-06-18T20:10:05+00:00,1,page,0,dse,
page:dse~LoopNextWord104761,2026-06-18T20:10:05+00:00,2026-06-18T20:10:05+00:00,1,page,0,dse,
page:dse~LoopNextWord104800,2026-06-18T20:10:05+00:00,2026-06-18T20:10:05+00:00,1,page,0,dse,
page:dse~LoopNextWord104780,2026-06-18T20:10:06+00:00,2026-06-18T20:10:06+00:00,1,page,0,dse,
page:dse~LoopNextWord104801,2026-06-18T20:10:06+00:00,2026-06-18T20:10:06+00:00,1,page,0,dse,
page:dse~LoopNextWord104820,2026-06-18T20:10:06+00:00,2026-06-18T20:10:06+00:00,1,page,0,dse,
page:dse~LoopNextWord104821,2026-06-18T20:10:06+00:00,2026-06-18T20:10:06+00:00,1,page,0,dse,
page:dse~LoopNextWord104841,2026-06-18T20:10:06+00:00,2026-06-18T20:10:06+00:00,1,page,0,dse,
page:dse~LoopNextWord104860,2026-06-18T20:10:06+00:00,2026-06-18T20:10:06+00:00,1,page,0,dse,
page:dse~LoopNextWord104861,2026-06-18T20:10:06+00:00,2026-06-18T20:10:06+00:00,1,page,0,dse,
page:dse~LoopNextWord104880,2026-06-18T20:10:06+00:00,2026-06-18T20:10:06+00:00,1,page,0,dse,
page:dse~LoopNextWord104900,2026-06-18T20:10:07+00:00,2026-06-18T20:10:07+00:00,1,page,0,dse,
page:dse~LoopNextWord104901,2026-06-18T20:10:07+00:00,2026-06-18T20:10:07+00:00,1,page,0,dse,
page:dse~LoopNextWord104920,2026-06-18T20:10:07+00:00,2026-06-18T20:10:07+00:00,1,page,0,dse,
page:dse~LoopNextWord104921,2026-06-18T20:10:07+00:00,2026-06-18T20:10:07+00:00,1,page,0,dse,
page:dse~LoopNextWord104940,2026-06-18T20:10:07+00:00,2026-06-18T20:10:07+00:00,1,page,0,dse,
page:dse~LoopNextWord104961,2026-06-18T20:10:07+00:00,2026-06-18T20:10:07+00:00,1,page,0,dse,
page:dse~LoopNextWord104980,2026-06-18T20:10:07+00:00,2026-06-18T20:10:07+00:00,1,page,0,dse,
page:dse~LoopNextWord104981,2026-06-18T20:10:07+00:00,2026-06-18T20:10:07+00:00,1,page,0,dse,
page:dse~LoopNextWord105000,2026-06-18T20:10:07+00:00,2026-06-18T20:10:07+00:00,1,page,0,dse,
page:dse~LoopNextWord104941,2026-06-18T20:10:08+00:00,2026-06-18T20:10:08+00:00,1,page,0,dse,
page:dse~LoopNextWord104960,2026-06-18T20:10:08+00:00,2026-06-18T20:10:08+00:00,1,page,0,dse,
page:dse~LoopNextWord105001,2026-06-18T20:10:08+00:00,2026-06-18T20:10:08+00:00,1,page,0,dse,
page:dse~LoopNextWord105020,2026-06-18T20:10:08+00:00,2026-06-18T20:10:08+00:00,1,page,0,dse,
page:dse~LoopNextWord105021,2026-06-18T20:10:08+00:00,2026-06-18T20:10:08+00:00,1,page,0,dse,
page:dse~LoopNextWord105040,2026-06-18T20:10:08+00:00,2026-06-18T20:10:08+00:00,1,page,0,dse,
page:dse~LoopNextWord105041,2026-06-18T20:10:08+00:00,2026-06-18T20:10:08+00:00,1,page,0,dse,
page:dse~LoopNextWord105061,2026-06-18T20:10:08+00:00,2026-06-18T20:10:08+00:00,1,page,0,dse,
page:dse~LoopNextWord105080,2026-06-18T20:10:08+00:00,2026-06-18T20:10:08+00:00,1,page,0,dse,
page:dse~LoopNextWord105060,2026-06-18T20:10:09+00:00,2026-06-18T20:10:09+00:00,1,page,0,dse,
page:dse~LoopNextWord105081,2026-06-18T20:10:09+00:00,2026-06-18T20:10:09+00:00,1,page,0,dse,
page:dse~LoopNextWord105100,2026-06-18T20:10:09+00:00,2026-06-18T20:10:09+00:00,1,page,0,dse,
page:dse~LoopNextWord105101,2026-06-18T20:10:09+00:00,2026-06-18T20:10:09+00:00,1,page,0,dse,
page:dse~LoopNextWord105120,2026-06-18T20:10:09+00:00,2026-06-18T20:10:09+00:00,1,page,0,dse,
page:dse~LoopNextWord105121,2026-06-18T20:10:09+00:00,2026-06-18T20:10:09+00:00,1,page,0,dse,
page:dse~LoopNextWord105140,2026-06-18T20:10:10+00:00,2026-06-18T20:10:10+00:00,1,page,0,dse,
page:dse~LoopNextWord105141,2026-06-18T20:10:10+00:00,2026-06-18T20:10:10+00:00,1,page,0,dse,
page:dse~LoopNextWord105161,2026-06-18T20:10:10+00:00,2026-06-18T20:10:10+00:00,1,page,0,dse,
page:dse~LoopNextWord105181,2026-06-18T20:10:10+00:00,2026-06-18T20:10:10+00:00,1,page,0,dse,
page:dse~LoopNextWord105200,2026-06-18T20:10:10+00:00,2026-06-18T20:10:10+00:00,1,page,0,dse,
page:dse~LoopNextWord105201,2026-06-18T20:10:10+00:00,2026-06-18T20:10:10+00:00,1,page,0,dse,
page:dse~LoopNextWord105180,2026-06-18T20:10:11+00:00,2026-06-18T20:10:11+00:00,1,page,0,dse,
page:dse~LoopNextWord105221,2026-06-18T20:10:11+00:00,2026-06-18T20:10:11+00:00,1,page,0,dse,
page:dse~LoopNextWord105240,2026-06-18T20:10:11+00:00,2026-06-18T20:10:11+00:00,1,page,0,dse,
page:dse~LoopNextWord105241,2026-06-18T20:10:11+00:00,2026-06-18T20:10:11+00:00,1,page,0,dse,
page:dse~LoopNextWord105260,2026-06-18T20:10:11+00:00,2026-06-18T20:10:11+00:00,1,page,0,dse,
page:dse~LoopNextWord105280,2026-06-18T20:10:11+00:00,2026-06-18T20:10:11+00:00,1,page,0,dse,
page:dse~LoopNextWord105281,2026-06-18T20:10:11+00:00,2026-06-18T20:10:11+00:00,1,page,0,dse,
page:dse~LoopNextWord105300,2026-06-18T20:10:11+00:00,2026-06-18T20:10:11+00:00,1,page,0,dse,
page:dse~LoopNextWord105301,2026-06-18T20:10:11+00:00,2026-06-18T20:10:11+00:00,1,page,0,dse,
page:dse~LoopNextWord105320,2026-06-18T20:10:11+00:00,2026-06-18T20:10:11+00:00,1,page,0,dse,
page:dse~LoopNextWord105321,2026-06-18T20:10:11+00:00,2026-06-18T20:10:11+00:00,1,page,0,dse,
page:dse~LoopNextWord105340,2026-06-18T20:10:11+00:00,2026-06-18T20:10:11+00:00,1,page,0,dse,
page:dse~LoopNextWord105341,2026-06-18T20:10:11+00:00,2026-06-18T20:10:11+00:00,1,page,0,dse,
page:dse~LoopNextWord105360,2026-06-18T20:10:12+00:00,2026-06-18T20:10:12+00:00,1,page,0,dse,
page:dse~LoopNextWord105361,2026-06-18T20:10:12+00:00,2026-06-18T20:10:12+00:00,1,page,0,dse,
page:dse~LoopNextWord105380,2026-06-18T20:10:12+00:00,2026-06-18T20:10:12+00:00,1,page,0,dse,
page:dse~LoopNextWord105381,2026-06-18T20:10:12+00:00,2026-06-18T20:10:12+00:00,1,page,0,dse,
page:dse~LoopNextWord105400,2026-06-18T20:10:12+00:00,2026-06-18T20:10:12+00:00,1,page,0,dse,
page:dse~LoopNextWord105401,2026-06-18T20:10:12+00:00,2026-06-18T20:10:12+00:00,1,page,0,dse,
page:dse~LoopNextWord105420,2026-06-18T20:10:12+00:00,2026-06-18T20:10:12+00:00,1,page,0,dse,
page:dse~LoopNextWord105421,2026-06-18T20:10:12+00:00,2026-06-18T20:10:12+00:00,1,page,0,dse,
page:dse~LoopNextWord105440,2026-06-18T20:10:13+00:00,2026-06-18T20:10:13+00:00,1,page,0,dse,
page:dse~LoopNextWord105441,2026-06-18T20:10:13+00:00,2026-06-18T20:10:13+00:00,1,page,0,dse,
page:dse~LoopNextWord105460,2026-06-18T20:10:13+00:00,2026-06-18T20:10:13+00:00,1,page,0,dse,
page:dse~LoopNextWord105461,2026-06-18T20:10:13+00:00,2026-06-18T20:10:13+00:00,1,page,0,dse,
page:dse~LoopNextWord105480,2026-06-18T20:10:13+00:00,2026-06-18T20:10:13+00:00,1,page,0,dse,
page:dse~LoopNextWord105481,2026-06-18T20:10:13+00:00,2026-06-18T20:10:13+00:00,1,page,0,dse,
page:dse~LoopNextWord105500,2026-06-18T20:10:13+00:00,2026-06-18T20:10:13+00:00,1,page,0,dse,
page:dse~LoopNextWord105501,2026-06-18T20:10:14+00:00,2026-06-18T20:10:14+00:00,1,page,0,dse,
page:dse~LoopNextWord105521,2026-06-18T20:10:14+00:00,2026-06-18T20:10:14+00:00,1,page,0,dse,
page:dse~LoopNextWord105540,2026-06-18T20:10:14+00:00,2026-06-18T20:10:14+00:00,1,page,0,dse,
page:dse~LoopNextWord105541,2026-06-18T20:10:14+00:00,2026-06-18T20:10:14+00:00,1,page,0,dse,
page:dse~LoopNextWord105561,2026-06-18T20:10:14+00:00,2026-06-18T20:10:14+00:00,1,page,0,dse,
page:dse~LoopNextWord105601,2026-06-18T20:10:14+00:00,2026-06-18T20:10:14+00:00,1,page,0,dse,
page:dse~LoopNextWord105640,2026-06-18T20:10:14+00:00,2026-06-18T20:10:14+00:00,1,page,0,dse,
page:dse~LoopNextWord105580,2026-06-18T20:10:15+00:00,2026-06-18T20:10:15+00:00,1,page,0,dse,
page:dse~LoopNextWord105581,2026-06-18T20:10:15+00:00,2026-06-18T20:10:15+00:00,1,page,0,dse,
page:dse~LoopNextWord105600,2026-06-18T20:10:15+00:00,2026-06-18T20:10:15+00:00,1,page,0,dse,
page:dse~LoopNextWord105620,2026-06-18T20:10:15+00:00,2026-06-18T20:10:15+00:00,1,page,0,dse,
page:dse~LoopNextWord105621,2026-06-18T20:10:15+00:00,2026-06-18T20:10:15+00:00,1,page,0,dse,
page:dse~LoopNextWord105641,2026-06-18T20:10:15+00:00,2026-06-18T20:10:15+00:00,1,page,0,dse,
page:dse~LoopNextWord105661,2026-06-18T20:10:15+00:00,2026-06-18T20:10:15+00:00,1,page,0,dse,
page:dse~LoopNextWord105680,2026-06-18T20:10:15+00:00,2026-06-18T20:10:15+00:00,1,page,0,dse,
page:dse~LoopNextWord105700,2026-06-18T20:10:15+00:00,2026-06-18T20:10:15+00:00,1,page,0,dse,
page:dse~LoopNextWord105720,2026-06-18T20:10:15+00:00,2026-06-18T20:10:15+00:00,1,page,0,dse,
page:dse~LoopNextWord105681,2026-06-18T20:10:16+00:00,2026-06-18T20:10:16+00:00,1,page,0,dse,
page:dse~LoopNextWord105701,2026-06-18T20:10:16+00:00,2026-06-18T20:10:16+00:00,1,page,0,dse,
page:dse~LoopNextWord105721,2026-06-18T20:10:16+00:00,2026-06-18T20:10:16+00:00,1,page,0,dse,
page:dse~LoopNextWord105740,2026-06-18T20:10:16+00:00,2026-06-18T20:10:16+00:00,1,page,0,dse,
page:dse~LoopNextWord105741,2026-06-18T20:10:16+00:00,2026-06-18T20:10:16+00:00,1,page,0,dse,
page:dse~LoopNextWord105760,2026-06-18T20:10:16+00:00,2026-06-18T20:10:16+00:00,1,page,0,dse,
page:dse~LoopNextWord105761,2026-06-18T20:10:16+00:00,2026-06-18T20:10:16+00:00,1,page,0,dse,
page:dse~LoopNextWord105780,2026-06-18T20:10:16+00:00,2026-06-18T20:10:16+00:00,1,page,0,dse,
page:dse~LoopNextWord105781,2026-06-18T20:10:16+00:00,2026-06-18T20:10:16+00:00,1,page,0,dse,
page:dse~LoopNextWord105800,2026-06-18T20:10:16+00:00,2026-06-18T20:10:16+00:00,1,page,0,dse,
page:dse~LoopNextWord105801,2026-06-18T20:10:16+00:00,2026-06-18T20:10:16+00:00,1,page,0,dse,
page:dse~LoopNextWord105820,2026-06-18T20:10:17+00:00,2026-06-18T20:10:17+00:00,1,page,0,dse,
page:dse~LoopNextWord105821,2026-06-18T20:10:17+00:00,2026-06-18T20:10:17+00:00,1,page,0,dse,
page:dse~LoopNextWord105841,2026-06-18T20:10:17+00:00,2026-06-18T20:10:17+00:00,1,page,0,dse,
page:dse~LoopNextWord105880,2026-06-18T20:10:17+00:00,2026-06-18T20:10:17+00:00,1,page,0,dse,
page:dse~LoopNextWord105881,2026-06-18T20:10:17+00:00,2026-06-18T20:10:17+00:00,1,page,0,dse,
page:dse~LoopNextWord105901,2026-06-18T20:10:18+00:00,2026-06-18T20:10:18+00:00,1,page,0,dse,
page:dse~LoopNextWord105921,2026-06-18T20:10:18+00:00,2026-06-18T20:10:18+00:00,1,page,0,dse,
page:dse~LoopNextWord105940,2026-06-18T20:10:18+00:00,2026-06-18T20:10:18+00:00,1,page,0,dse,
page:dse~LoopNextWord105941,2026-06-18T20:10:18+00:00,2026-06-18T20:10:18+00:00,1,page,0,dse,
page:dse~LoopNextWord105961,2026-06-18T20:10:18+00:00,2026-06-18T20:10:18+00:00,1,page,0,dse,
page:dse~LoopNextWord105840,2026-06-18T20:10:19+00:00,2026-06-18T20:10:19+00:00,1,page,0,dse,
page:dse~LoopNextWord105860,2026-06-18T20:10:19+00:00,2026-06-18T20:10:19+00:00,1,page,0,dse,
page:dse~LoopNextWord105920,2026-06-18T20:10:19+00:00,2026-06-18T20:10:19+00:00,1,page,0,dse,
page:dse~LoopNextWord105960,2026-06-18T20:10:19+00:00,2026-06-18T20:10:19+00:00,1,page,0,dse,
page:dse~LoopNextWord105980,2026-06-18T20:10:19+00:00,2026-06-18T20:10:19+00:00,1,page,0,dse,
page:dse~LoopNextWord105981,2026-06-18T20:10:19+00:00,2026-06-18T20:10:19+00:00,1,page,0,dse,
page:dse~LoopNextWord106000,2026-06-18T20:10:19+00:00,2026-06-18T20:10:19+00:00,1,page,0,dse,
page:dse~LoopNextWord106001,2026-06-18T20:10:19+00:00,2026-06-18T20:10:19+00:00,1,page,0,dse,
page:dse~Agent0NavParent1202,2026-06-18T20:10:29+00:00,2026-06-18T20:10:29+00:00,4,page,0,dse,
page:dse~Sandbox999Test,2026-06-18T20:10:42+00:00,2026-06-18T20:10:42+00:00,1,page,0,dse,
page:dse~OurCountyPrettyAgentXYZ,2026-06-18T20:10:44+00:00,2026-06-18T20:57:17+00:00,25,page,0,dse,
page:dse~AgentMassInvestorX81,2026-06-18T20:11:03+00:00,2026-06-18T20:21:42+00:00,4,page,0,dse,
page:dse~AgentParentMDLinks1301,2026-06-18T20:11:06+00:00,2026-06-18T20:11:06+00:00,4,page,0,dse,
page:dse~YRedit10,2026-06-18T20:11:28+00:00,2026-06-18T20:11:28+00:00,2,page,0,dse,
page:dse~AgentCountySearchX991,2026-06-18T20:11:33+00:00,2026-06-18T20:11:33+00:00,1,page,0,dse,
page:dse~CorrectNext300725,2026-06-18T20:11:45+00:00,2026-06-18T20:11:45+00:00,2,page,0,dse,
page:dse~ThenOther998884,2026-06-18T20:11:59+00:00,2026-06-18T20:11:59+00:00,4,page,0,dse,
page:dse~ContinueFutureOpenAIMD99873,2026-06-18T20:12:07+00:00,2026-06-18T20:12:07+00:00,4,page,0,dse,
page:dse~ContinueLoadNextJune1990001,2026-06-18T20:12:10+00:00,2026-06-18T20:12:10+00:00,4,page,0,dse,
page:dse~ContinueLoadNextJune1990002,2026-06-18T20:12:16+00:00,2026-06-18T20:12:16+00:00,4,page,0,dse,
page:dse~CachePokeWord880059,2026-06-18T20:12:17+00:00,2026-06-18T20:12:17+00:00,2,page,0,dse,
page:dse~AgentPureGatewayJune19RRR,2026-06-18T20:12:21+00:00,2026-06-18T21:06:19+00:00,5,page,0,dse,
page:dse~OpenAICountySecureLink,2026-06-18T20:12:23+00:00,2026-06-18T20:13:32+00:00,2,page,0,dse,
page:dse~CorrectNext301650,2026-06-18T20:12:52+00:00,2026-06-18T20:29:33+00:00,10,page,0,dse,
page:dse~AgentTmpTestXYZABC,2026-06-18T20:12:58+00:00,2026-06-18T20:12:58+00:00,1,page,0,dse,
page:dse~FreshChainOne882,2026-06-18T20:13:36+00:00,2026-06-18T20:54:47+00:00,16,page,0,dse,
page:dse~FreshChainTwo882,2026-06-18T20:13:39+00:00,2026-06-18T20:27:38+00:00,5,page,0,dse,
page:dse~FreshChainThree882,2026-06-18T20:13:45+00:00,2026-06-18T20:13:45+00:00,4,page,0,dse,
page:dse~FreshChainFour882,2026-06-18T20:13:53+00:00,2026-06-18T20:13:53+00:00,4,page,0,dse,
page:dse~FreshChainFive882,2026-06-18T20:13:57+00:00,2026-06-18T20:13:57+00:00,4,page,0,dse,
page:dse~AgentUniqueForCitationXYZ0009,2026-06-18T20:14:08+00:00,2026-06-18T20:14:08+00:00,2,page,0,dse,
page:dse~AgentChunkPageJune230,2026-06-18T20:14:43+00:00,2026-06-18T20:14:43+00:00,1,page,0,dse,
page:dse~CachePokeWord880000,2026-06-18T20:14:50+00:00,2026-06-18T20:41:59+00:00,7,page,0,dse,
page:dse~AgentChunkPageJune231,2026-06-18T20:14:51+00:00,2026-06-18T20:14:51+00:00,1,page,0,dse,
page:dse~CachePokeWord880001,2026-06-18T20:14:53+00:00,2026-06-18T20:14:53+00:00,1,page,0,dse,
page:dse~CachePokeWord880002,2026-06-18T20:14:55+00:00,2026-06-18T20:14:55+00:00,1,page,0,dse,
page:dse~AgentChunkPageJune232,2026-06-18T20:14:59+00:00,2026-06-18T20:14:59+00:00,1,page,0,dse,
page:dse~AgentMASecCiteJuly813703,2026-06-18T20:15:04+00:00,2026-06-18T20:15:04+00:00,2,page,0,dse,
page:dse~AgentChunkPageJune233,2026-06-18T20:15:06+00:00,2026-06-18T20:15:06+00:00,1,page,0,dse,
page:dse~AgentMoreLinks260618T,2026-06-18T20:15:19+00:00,2026-06-18T20:15:19+00:00,2,page,0,dse,
page:dse~AgentMDCorrectBridgeNewPlLlDeIf,2026-06-18T20:15:33+00:00,2026-06-18T20:15:33+00:00,4,page,0,dse,
page:dse~AgentSECCountyMassJune22Theta,2026-06-18T20:15:38+00:00,2026-06-18T21:11:31+00:00,15,page,0,dse,
page:dse~AgentNewMapLinksJs991120,2026-06-18T20:16:08+00:00,2026-06-18T20:31:19+00:00,7,page,0,dse,
page:dse~MarkerMassOct101717,2026-06-18T20:16:22+00:00,2026-06-18T20:16:22+00:00,3,page,0,dse,
page:dse~AgentTmpTrySecJ11,2026-06-18T20:16:45+00:00,2026-06-18T20:16:45+00:00,1,page,0,dse,
page:dse~RandomNewAgentXYZtestmarkup,2026-06-18T20:17:08+00:00,2026-06-18T20:17:08+00:00,1,page,0,dse,
page:dse~CorrectNext302950,2026-06-18T20:17:23+00:00,2026-06-18T20:17:23+00:00,1,page,0,dse,
page:dse~AgentBeyondGoodJJ,2026-06-18T20:17:33+00:00,2026-06-18T21:10:18+00:00,3,page,0,dse,
page:dse~AgentWindowTwelveCountyFinalLinks,2026-06-18T20:17:42+00:00,2026-06-18T20:17:42+00:00,4,page,0,dse,
page:dse~AgentSECRawCachedTiny23000,2026-06-18T20:17:49+00:00,2026-06-18T21:07:31+00:00,15,page,0,dse,
page:dse~AgentSECRawCachedTiny23001,2026-06-18T20:18:11+00:00,2026-06-18T20:18:11+00:00,4,page,0,dse,
page:dse~AgentWin11ASmall774491,2026-06-18T20:18:33+00:00,2026-06-18T21:16:39+00:00,28,page,0,dse,
page:dse~AgentSECRawCachedTiny23002,2026-06-18T20:18:34+00:00,2026-06-18T20:18:34+00:00,4,page,0,dse,
page:dse~AgentMyInvRoundedFinalJune20X,2026-06-18T20:18:41+00:00,2026-06-18T20:18:41+00:00,3,page,0,dse,
page:dse~AgentProxyMassJune19A,2026-06-18T20:19:01+00:00,2026-06-18T20:37:27+00:00,26,page,0,dse,
page:dse~AgentMemento013Links,2026-06-18T20:19:05+00:00,2026-06-18T20:19:05+00:00,1,page,0,dse,
page:dse~AgentBridgeTestSec777,2026-06-18T20:19:08+00:00,2026-06-18T20:19:08+00:00,1,page,0,dse,
page:dse~AgentDirectCSVJQJune19BB,2026-06-18T20:19:10+00:00,2026-06-18T20:19:10+00:00,2,page,0,dse,
page:dse~AgentMassCombinedFinalXYZ,2026-06-18T20:19:12+00:00,2026-06-18T21:01:46+00:00,5,page,0,dse,
host:jsonplaceholder.typicode.com,2026-06-18T20:19:19+00:00,2026-06-18T20:20:48+00:00,2,host,1,,sink_or_test
page:dse~AgentOurMainScript7788119,2026-06-18T20:19:35+00:00,2026-06-18T21:02:47+00:00,14,page,0,dse,
page:dse~AgentVariantsPlainSearch993,2026-06-18T20:19:45+00:00,2026-06-18T20:19:45+00:00,1,page,0,dse,
page:dse~AgentNextDiagKK,2026-06-18T20:19:57+00:00,2026-06-18T21:13:44+00:00,6,page,0,dse,
page:dse~AgentAllNA8844,2026-06-18T20:20:09+00:00,2026-06-18T20:20:09+00:00,3,page,0,dse,
page:dse~ZuluAgentMDcounty991991A,2026-06-18T20:20:41+00:00,2026-06-18T20:20:41+00:00,4,page,0,dse,
page:dse~AgentForOurPathX7391zzLong,2026-06-18T20:21:18+00:00,2026-06-18T20:21:18+00:00,3,page,0,dse,
page:dse~FutureDoubleNav22005,2026-06-18T20:21:18+00:00,2026-06-18T20:21:18+00:00,1,page,0,dse,
page:dse~AgentCite717093,2026-06-18T20:21:22+00:00,2026-06-18T21:11:11+00:00,52,page,0,dse,
page:dse~NextSmallAgentSECDoubleSlashSmall220110X,2026-06-18T20:21:23+00:00,2026-06-18T20:21:23+00:00,1,page,0,dse,
page:dse~AgentOfficialMarkdownSelectJune26A,2026-06-18T20:21:53+00:00,2026-06-18T20:25:47+00:00,4,page,0,dse,
page:dse~AgentCountyCitationPermanentX9907,2026-06-18T20:21:54+00:00,2026-06-18T21:04:11+00:00,7,page,0,dse,
page:dse~AgentMdDirectFFJune22,2026-06-18T20:22:08+00:00,2026-06-18T20:26:19+00:00,4,page,0,dse,
page:dse~AgentZEROFormattedMass619QXZ,2026-06-18T20:22:11+00:00,2026-06-18T20:50:20+00:00,18,page,0,dse,
page:dse~AgentEvMini85425,2026-06-18T20:22:45+00:00,2026-06-18T20:22:45+00:00,1,page,0,dse,
page:dse~LoopNextWord103339,2026-06-18T20:23:38+00:00,2026-06-18T20:23:38+00:00,4,page,0,dse,
page:dse~AgentNewAlias77722,2026-06-18T20:23:47+00:00,2026-06-18T20:23:47+00:00,1,page,0,dse,
host:codebeautify.org,2026-06-18T20:23:55+00:00,2026-06-18T20:41:51+00:00,3,host,1,,json_query
host:jsonformatter.curiousconcept.com,2026-06-18T20:23:55+00:00,2026-06-18T20:41:51+00:00,3,host,1,,json_query
page:dse~AgentRawProxyAHJune,2026-06-18T20:24:01+00:00,2026-06-18T20:24:01+00:00,3,page,0,dse,
host:data.sec.gov,2026-06-18T20:24:03+00:00,2026-06-18T20:57:16+00:00,2,host,1,,upstream_data
page:dse~AgentAfterDirectLL,2026-06-18T20:24:05+00:00,2026-06-18T21:15:09+00:00,4,page,0,dse,
page:dse~RandomNewAgentXYZtestproxy,2026-06-18T20:24:09+00:00,2026-06-18T20:24:09+00:00,1,page,0,dse,
page:dse~OpenAISECPretty202612,2026-06-18T20:24:14+00:00,2026-06-18T20:24:14+00:00,2,page,0,dse,
page:dse~Agent0MassPortal991119,2026-06-18T20:24:47+00:00,2026-06-18T21:08:53+00:00,20,page,0,dse,
page:dse~AgentTry70241285,2026-06-18T20:25:26+00:00,2026-06-18T20:25:26+00:00,1,page,0,dse,
page:dse~AgentEvMini63102,2026-06-18T20:25:30+00:00,2026-06-18T20:25:30+00:00,1,page,0,dse,
page:dse~AgentXNew41144,2026-06-18T20:25:32+00:00,2026-06-18T20:25:32+00:00,1,page,0,dse,
page:dse~CorrectNext301651,2026-06-18T20:25:37+00:00,2026-06-18T20:25:37+00:00,2,page,0,dse,
page:dse~AgentGETTest999,2026-06-18T20:26:18+00:00,2026-06-18T20:26:18+00:00,5,page,0,dse,
page:dse~AgentOurMassCitationUnique008x,2026-06-18T20:26:34+00:00,2026-06-18T20:26:34+00:00,5,page,0,dse,
page:dse~AgentEvMini28838,2026-06-18T20:26:52+00:00,2026-06-18T20:26:52+00:00,1,page,0,dse,
page:dse~AgentCustomOfficialLinks777,2026-06-18T20:26:56+00:00,2026-06-18T20:26:56+00:00,3,page,0,dse,
page:dse~NewAgentFormat14424,2026-06-18T20:27:05+00:00,2026-06-18T20:27:05+00:00,1,page,0,dse,
page:dse~ZZFooBarUnderscore,2026-06-18T20:27:28+00:00,2026-06-18T20:27:28+00:00,1,page,0,dse,
page:dse~AgentAnyScratchTestXYZ,2026-06-18T20:27:45+00:00,2026-06-18T20:30:29+00:00,3,page,0,dse,
page:dse~AgentNewVariants77119,2026-06-18T20:27:56+00:00,2026-06-18T20:27:56+00:00,1,page,0,dse,
page:dse~MyNextUnique99800,2026-06-18T20:28:03+00:00,2026-06-18T20:28:03+00:00,1,page,0,dse,
page:dse~CachePokeWord880003,2026-06-18T20:28:25+00:00,2026-06-18T20:28:25+00:00,2,page,0,dse,
page:dse~AgentMethod13ShortXYZ,2026-06-18T20:28:47+00:00,2026-06-18T20:28:47+00:00,4,page,0,dse,
page:dse~AgentMassSECOfficial2026June18Win12,2026-06-18T20:29:20+00:00,2026-06-18T21:19:43+00:00,22,page,0,dse,
page:dse~CachePokeWord880010,2026-06-18T20:30:13+00:00,2026-06-18T20:30:13+00:00,2,page,0,dse,
page:dse~CachePokeWord880020,2026-06-18T20:30:15+00:00,2026-06-18T20:30:15+00:00,2,page,0,dse,
page:dse~CachePokeWord880030,2026-06-18T20:30:18+00:00,2026-06-18T20:30:18+00:00,2,page,0,dse,
page:dse~CachePokeWord880040,2026-06-18T20:30:20+00:00,2026-06-18T20:30:20+00:00,2,page,0,dse,
page:dse~CachePokeWord880050,2026-06-18T20:30:23+00:00,2026-06-18T20:30:23+00:00,2,page,0,dse,
page:dse~MoreNextWord201621,2026-06-18T20:30:26+00:00,2026-06-18T20:30:26+00:00,2,page,0,dse,
page:dse~HPFragSuperRandomCountyPage1205123,2026-06-18T20:30:29+00:00,2026-06-18T21:08:47+00:00,7,page,0,dse,
page:dse~SecOfficialMarkdownRanges991XYZ,2026-06-18T20:30:29+00:00,2026-06-18T20:30:29+00:00,3,page,0,dse,
page:dse~ContinueNewWordFmt21,2026-06-18T20:30:58+00:00,2026-06-18T20:30:58+00:00,2,page,0,dse,
page:dse~Agent0ContinueX8810,2026-06-18T20:31:06+00:00,2026-06-18T20:31:06+00:00,2,page,0,dse,
page:dse~AgentCountySECLinks009,2026-06-18T20:31:10+00:00,2026-06-18T20:51:38+00:00,13,page,0,dse,
page:dse~AgentLastTryMM,2026-06-18T20:31:20+00:00,2026-06-18T21:16:27+00:00,3,page,0,dse,
page:dse~AgentSecRoundNew771,2026-06-18T20:32:40+00:00,2026-06-18T20:32:40+00:00,1,page,0,dse,
page:dse~AgentDomainlessLinksJune20A,2026-06-18T20:33:03+00:00,2026-06-18T20:33:03+00:00,2,page,0,dse,
page:dse~AgentNextMDJuneXX,2026-06-18T20:34:14+00:00,2026-06-18T20:34:14+00:00,2,page,0,dse,
page:dse~AgentVariantUniqueJune18ZZ,2026-06-18T20:35:18+00:00,2026-06-18T20:35:18+00:00,2,page,0,dse,
page:dse~SandboxTryXX99885,2026-06-18T20:35:29+00:00,2026-06-18T20:35:29+00:00,1,page,0,dse,
page:dse~AgentNewTestQQ,2026-06-18T20:36:08+00:00,2026-06-18T20:47:04+00:00,4,page,0,dse,
page:dse~MyAgentPage,2026-06-18T20:36:22+00:00,2026-06-18T20:36:22+00:00,2,page,0,dse,
page:fractal~JQPThousandsRoundedAndMapMAJuneCC,2026-06-18T20:36:22+00:00,2026-06-18T20:36:22+00:00,2,page,0,fractal,
page:dse~AgentSliceNew15894,2026-06-18T20:36:32+00:00,2026-06-18T20:36:32+00:00,1,page,0,dse,
page:fractal~JQPThousandsMAJune619CC,2026-06-18T20:36:39+00:00,2026-06-18T20:36:39+00:00,1,page,0,fractal,
page:dse~AgentPlay999,2026-06-18T20:36:45+00:00,2026-06-18T20:36:45+00:00,1,page,0,dse,
page:dse~AgentGetTryNewXY,2026-06-18T20:36:47+00:00,2026-06-18T20:36:47+00:00,1,page,0,dse,
page:dse~AgentMapNewVariantsXX991,2026-06-18T20:36:51+00:00,2026-06-18T21:14:34+00:00,10,page,0,dse,
page:dse~BridgeRefZNewNextSelfFinalMDCorrectBridgeNewWENtOgTa,2026-06-18T20:36:51+00:00,2026-06-18T20:36:51+00:00,4,page,0,dse,
page:dse~FooBarPct2526Baz,2026-06-18T20:37:00+00:00,2026-06-18T20:37:00+00:00,3,page,0,dse,
page:dse~PokeUniqueWord778047,2026-06-18T20:37:04+00:00,2026-06-18T20:37:04+00:00,3,page,0,dse,
host:jsonp.afeld.me,2026-06-18T20:37:06+00:00,2026-06-18T20:37:06+00:00,1,host,1,,cors_proxy
page:dse~AgentGetTryNewXZ,2026-06-18T20:37:24+00:00,2026-06-18T20:37:24+00:00,1,page,0,dse,
page:dse~AgentSplit12GeneralOfficialLinks,2026-06-18T20:41:21+00:00,2026-06-18T20:41:21+00:00,3,page,0,dse,
page:dse~AgentSplit12GeneralBOfficialLinks,2026-06-18T20:41:25+00:00,2026-06-18T20:52:09+00:00,2,page,0,dse,
page:dse~AgentSplit12CombinedGroupOne,2026-06-18T20:41:31+00:00,2026-06-18T20:52:13+00:00,2,page,0,dse,
page:dse~AgentSplit12CombinedGroupTwo,2026-06-18T20:41:35+00:00,2026-06-18T20:52:16+00:00,2,page,0,dse,
page:dse~AgentSplit12CombinedGroupThree,2026-06-18T20:41:41+00:00,2026-06-18T20:52:19+00:00,2,page,0,dse,
page:dse~AgentSplit12CombinedGroupAll,2026-06-18T20:41:47+00:00,2026-06-18T21:07:05+00:00,2,page,0,dse,
page:dse~AgentSolutionMass007,2026-06-18T20:41:51+00:00,2026-06-18T20:42:30+00:00,13,page,0,dse,
page:dse~AgentPrettyCounty000,2026-06-18T20:42:47+00:00,2026-06-18T20:42:47+00:00,1,page,0,dse,
page:dse~AgentPrettyCounty001,2026-06-18T20:42:49+00:00,2026-06-18T20:42:49+00:00,1,page,0,dse,
page:dse~AgentPrettyCounty002,2026-06-18T20:42:55+00:00,2026-06-18T20:42:55+00:00,1,page,0,dse,
page:dse~PokeUniqueWord778001,2026-06-18T20:43:02+00:00,2026-06-18T20:43:02+00:00,1,page,0,dse,
page:dse~BANextUnique9911,2026-06-18T20:43:05+00:00,2026-06-18T20:43:05+00:00,4,page,0,dse,
page:dse~BANextUnique9912,2026-06-18T20:43:12+00:00,2026-06-18T20:43:12+00:00,4,page,0,dse,
page:dse~BANextUnique9913,2026-06-18T20:43:16+00:00,2026-06-18T20:43:16+00:00,4,page,0,dse,
page:dse~TestMdEnc010,2026-06-18T20:43:16+00:00,2026-06-18T20:43:16+00:00,1,page,0,dse,
page:dse~AgentPrettyCounty003,2026-06-18T20:43:19+00:00,2026-06-18T20:43:19+00:00,1,page,0,dse,
page:dse~BANextUnique9914,2026-06-18T20:43:24+00:00,2026-06-18T20:43:24+00:00,4,page,0,dse,
page:dse~AgentPrettyCounty004,2026-06-18T20:43:28+00:00,2026-06-18T20:43:28+00:00,1,page,0,dse,
page:dse~WorkSmallMarker998,2026-06-18T20:43:28+00:00,2026-06-18T20:43:28+00:00,1,page,0,dse,
page:dse~AgentPrettyCounty005,2026-06-18T20:43:30+00:00,2026-06-18T20:43:30+00:00,1,page,0,dse,
page:dse~BANextUnique9915,2026-06-18T20:43:31+00:00,2026-06-18T20:43:31+00:00,4,page,0,dse,
page:dse~BANextUnique9916,2026-06-18T20:43:37+00:00,2026-06-18T20:43:37+00:00,4,page,0,dse,
page:dse~BANextUnique9917,2026-06-18T20:43:45+00:00,2026-06-18T20:43:45+00:00,4,page,0,dse,
page:dse~BANextUnique9918,2026-06-18T20:43:53+00:00,2026-06-18T20:43:53+00:00,4,page,0,dse,
page:dse~AgentSecRoundedMarkdownJune20A,2026-06-18T20:43:55+00:00,2026-06-18T20:45:00+00:00,2,page,0,dse,
page:dse~BANextUnique9919,2026-06-18T20:43:59+00:00,2026-06-18T20:43:59+00:00,4,page,0,dse,
page:dse~BANextUnique99110,2026-06-18T20:44:04+00:00,2026-06-18T20:44:04+00:00,4,page,0,dse,
page:dse~BANextUnique99111,2026-06-18T20:44:09+00:00,2026-06-18T20:44:09+00:00,4,page,0,dse,
page:dse~BANextUnique99112,2026-06-18T20:44:16+00:00,2026-06-18T20:44:16+00:00,4,page,0,dse,
page:dse~AgentSolutionMass008,2026-06-18T20:44:25+00:00,2026-06-18T21:04:26+00:00,5,page,0,dse,
page:dse~MyNewRoundedW10XYZ,2026-06-18T20:45:41+00:00,2026-06-18T20:45:41+00:00,1,page,0,dse,
page:dse~Agent0JSLinksJuneDeep5829,2026-06-18T20:45:57+00:00,2026-06-18T20:45:57+00:00,2,page,0,dse,
page:dse~AgentSecRoundedMarkdownJune20B,2026-06-18T20:46:28+00:00,2026-06-18T20:46:28+00:00,1,page,0,dse,
page:dse~AgentMassCitation2026X,2026-06-18T20:46:39+00:00,2026-06-18T20:46:39+00:00,2,page,0,dse,
page:dse~Agent0OurImprovedMDJune21,2026-06-18T20:47:13+00:00,2026-06-18T20:57:32+00:00,6,page,0,dse,
page:dse~AgentMassCustomSlices,2026-06-18T20:47:21+00:00,2026-06-18T20:47:21+00:00,5,page,0,dse,
page:dse~AgentSECFormattedJune22Iota,2026-06-18T20:48:08+00:00,2026-06-18T20:48:08+00:00,2,page,0,dse,
page:dse~AgentFinalCombinedSECValuesX1,2026-06-18T20:48:34+00:00,2026-06-18T20:48:34+00:00,2,page,0,dse,
page:dse~Links,2026-06-18T20:48:40+00:00,2026-06-18T20:48:40+00:00,2,page,0,dse,
page:dse~AgentSecMDPage11,2026-06-18T20:49:01+00:00,2026-06-18T20:49:01+00:00,3,page,0,dse,
page:dse~AgentSliceMDSec013Unique,2026-06-18T20:49:11+00:00,2026-06-18T21:05:08+00:00,2,page,0,dse,
page:dse~AgentSecCountyVarAI,2026-06-18T20:49:23+00:00,2026-06-18T20:49:23+00:00,3,page,0,dse,
page:dse~AgentOurSliceMass010,2026-06-18T20:49:36+00:00,2026-06-18T20:49:36+00:00,1,page,0,dse,
page:dse~AgentNinePageXYZ,2026-06-18T20:49:42+00:00,2026-06-18T21:16:11+00:00,10,page,0,dse,
page:dse~NextS778351650,2026-06-18T20:50:02+00:00,2026-06-18T20:50:02+00:00,1,page,0,dse,
page:dse~FormatMap,2026-06-18T20:50:43+00:00,2026-06-18T20:50:43+00:00,1,page,0,dse,
page:dse~AgentFinalSecSliceRobustLemino2026Q,2026-06-18T20:51:06+00:00,2026-06-18T21:17:45+00:00,12,page,0,dse,
page:dse~AgentLabQueriesJune11A,2026-06-18T20:51:38+00:00,2026-06-18T20:51:38+00:00,1,page,0,dse,
page:dse~AgentZeroProxyPageJunBB,2026-06-18T20:52:02+00:00,2026-06-18T20:52:02+00:00,11,page,0,dse,
page:dse~Agent13SmallTestZ,2026-06-18T20:52:05+00:00,2026-06-18T20:52:05+00:00,2,page,0,dse,
page:dse~Agent13SecSmallEssential,2026-06-18T20:54:12+00:00,2026-06-18T21:19:59+00:00,33,page,0,dse,
page:dse~AgentMassYearUnitsPage771092,2026-06-18T20:54:19+00:00,2026-06-18T20:54:19+00:00,3,page,0,dse,
page:dse~Agent013OpenSECMDJSPairsUnique,2026-06-18T20:55:04+00:00,2026-06-18T21:12:47+00:00,12,page,0,dse,
page:dse~DanUnique7406,2026-06-18T20:56:01+00:00,2026-06-18T21:00:24+00:00,4,page,0,dse,
page:dse~AgentMassSecSources77292,2026-06-18T20:56:56+00:00,2026-06-18T20:56:56+00:00,2,page,0,dse,
page:dse~AgentThirteenMDLinks,2026-06-18T20:57:05+00:00,2026-06-18T20:57:05+00:00,3,page,0,dse,
page:dse~AgentSECDataBridge007A,2026-06-18T20:57:42+00:00,2026-06-18T20:57:42+00:00,3,page,0,dse,
page:dse~AgentMetaFresh43224833,2026-06-18T20:58:27+00:00,2026-06-18T20:58:27+00:00,1,page,0,dse,
page:dse~AgentLeverageFreshJune22X,2026-06-18T20:58:39+00:00,2026-06-18T20:58:39+00:00,2,page,0,dse,
page:dse~AgentDisplayRoundMAJune2401,2026-06-18T20:58:53+00:00,2026-06-18T20:58:53+00:00,1,page,0,dse,
page:dse~AgentTrialGetSave1,2026-06-18T20:58:54+00:00,2026-06-18T21:08:26+00:00,2,page,0,dse,
page:dse~OurUnused999991,2026-06-18T20:58:56+00:00,2026-06-18T20:58:56+00:00,1,page,0,dse,
page:dse~AgentSuccMdLinks887712,2026-06-18T20:58:57+00:00,2026-06-18T20:58:57+00:00,1,page,0,dse,
page:dse~CorrectNext301980,2026-06-18T20:59:00+00:00,2026-06-18T20:59:00+00:00,1,page,0,dse,
page:dse~DZSELF0,2026-06-18T20:59:07+00:00,2026-06-18T20:59:07+00:00,1,page,0,dse,
page:dse~ZMDSELF0,2026-06-18T20:59:12+00:00,2026-06-18T20:59:12+00:00,1,page,0,dse,
page:dse~AgentNewPureWWW991,2026-06-18T20:59:18+00:00,2026-06-18T21:01:09+00:00,2,page,0,dse,
page:dse~CorrectNext302008,2026-06-18T20:59:22+00:00,2026-06-18T20:59:22+00:00,1,page,0,dse,
page:dse~SELFOA0,2026-06-18T20:59:27+00:00,2026-06-18T20:59:27+00:00,1,page,0,dse,
page:dse~AgentOpenAICountyVariant2027,2026-06-18T21:00:02+00:00,2026-06-18T21:00:02+00:00,4,page,0,dse,
page:dse~NextPageLink991121,2026-06-18T21:00:18+00:00,2026-06-18T21:00:18+00:00,1,page,0,dse,
page:dse~NextForceHostPage7113,2026-06-18T21:00:20+00:00,2026-06-18T21:00:20+00:00,3,page,0,dse,
page:dse~AgentFinalCombinedSECValuesX2,2026-06-18T21:00:33+00:00,2026-06-18T21:00:33+00:00,1,page,0,dse,
page:dse~AgentMdBridge84529,2026-06-18T21:00:36+00:00,2026-06-18T21:00:36+00:00,2,page,0,dse,
page:dse~FinalContinueWordX92001,2026-06-18T21:00:45+00:00,2026-06-18T21:00:45+00:00,2,page,0,dse,
page:dse~AgentSECCombinedMd711,2026-06-18T21:00:49+00:00,2026-06-18T21:00:49+00:00,3,page,0,dse,
page:dse~DanUnique7407,2026-06-18T21:01:07+00:00,2026-06-18T21:01:07+00:00,2,page,0,dse,
host:raw.githack.com,2026-06-18T21:01:14+00:00,2026-06-18T21:03:17+00:00,2,host,1,,cors_proxy
host:v2.jokeapi.dev,2026-06-18T21:01:14+00:00,2026-06-18T21:03:17+00:00,2,host,1,,sink_or_test
page:dse~AI,2026-06-18T21:02:27+00:00,2026-06-18T21:02:27+00:00,3,page,0,dse,
page:dse~Agent0MdDirectPlainJuly777,2026-06-18T21:02:32+00:00,2026-06-18T21:02:32+00:00,2,page,0,dse,
page:dse~AgentBridge011,2026-06-18T21:02:41+00:00,2026-06-18T21:02:41+00:00,7,page,0,dse,
page:dse~AgentMineJuneXX1,2026-06-18T21:02:58+00:00,2026-06-18T21:02:58+00:00,1,page,0,dse,
page:dse~NewTestX123,2026-06-18T21:03:05+00:00,2026-06-18T21:14:46+00:00,3,page,0,dse,
page:dse~Agent0MdTrialX1,2026-06-18T21:03:07+00:00,2026-06-18T21:03:07+00:00,1,page,0,dse,
page:dse~VariantsInternal993B,2026-06-18T21:03:14+00:00,2026-06-18T21:03:14+00:00,1,page,0,dse,
page:dse~AgentTry009,2026-06-18T21:03:42+00:00,2026-06-18T21:03:42+00:00,1,page,0,dse,
page:dse~AgentSECMapTxtJuly99172,2026-06-18T21:03:50+00:00,2026-06-18T21:03:50+00:00,1,page,0,dse,
page:dse~AgentJQMDSECCompactChunksA1,2026-06-18T21:04:01+00:00,2026-06-18T21:16:58+00:00,5,page,0,dse,
page:dse~Agent0TryBridgeJuneX99,2026-06-18T21:04:02+00:00,2026-06-18T21:04:02+00:00,2,page,0,dse,
page:dse~AgentMassCountyMapNamesJuneXYZ2626,2026-06-18T21:04:20+00:00,2026-06-18T21:04:20+00:00,2,page,0,dse,
page:dse~AgentBridgeNew8881,2026-06-18T21:04:24+00:00,2026-06-18T21:05:01+00:00,42,page,0,dse,
page:dse~AgentNewTwelveJSUnits,2026-06-18T21:04:25+00:00,2026-06-18T21:15:56+00:00,8,page,0,dse,
page:dse~AgentCountyProxyMdJuneTen,2026-06-18T21:04:26+00:00,2026-06-18T21:04:26+00:00,3,page,0,dse,
page:dse~SandboxTarget,2026-06-18T21:04:40+00:00,2026-06-18T21:04:40+00:00,3,page,0,dse,
page:dse~AgentCompact13GroupAlpha,2026-06-18T21:04:54+00:00,2026-06-18T21:04:54+00:00,1,page,0,dse,
page:dse~AgentMdLinkTryAAB,2026-06-18T21:04:54+00:00,2026-06-18T21:04:54+00:00,2,page,0,dse,
page:dse~AgentCompact13GroupBeta,2026-06-18T21:04:58+00:00,2026-06-18T21:04:58+00:00,1,page,0,dse,
page:dse~AgentCompact13GroupGamma,2026-06-18T21:05:03+00:00,2026-06-18T21:05:03+00:00,1,page,0,dse,
page:dse~AgentCompact13GroupDelta,2026-06-18T21:05:12+00:00,2026-06-18T21:05:12+00:00,1,page,0,dse,
page:dse~AgentCompact13GroupALL,2026-06-18T21:05:16+00:00,2026-06-18T21:05:16+00:00,1,page,0,dse,
page:dse~AgentCompact13Bridge,2026-06-18T21:05:21+00:00,2026-06-18T21:05:21+00:00,1,page,0,dse,
page:dse~AgentNamedOfficial889971,2026-06-18T21:05:33+00:00,2026-06-18T21:05:33+00:00,1,page,0,dse,
page:dse~AgentRjinaInvestorUnique61261,2026-06-18T21:06:06+00:00,2026-06-18T21:06:06+00:00,2,page,0,dse,
page:dse~Agent13MdSecSlices,2026-06-18T21:06:33+00:00,2026-06-18T21:13:55+00:00,9,page,0,dse,
page:dse~Agent0MDQueryAmpJune201,2026-06-18T21:06:36+00:00,2026-06-18T21:06:36+00:00,2,page,0,dse,
page:dse~TrialPage983937,2026-06-18T21:06:52+00:00,2026-06-18T21:06:52+00:00,1,page,0,dse,
page:dse~OaiCountyLinksAgentJuneX53396,2026-06-18T21:07:01+00:00,2026-06-18T21:07:01+00:00,2,page,0,dse,
page:dse~AgentSECCountyBridgeOurMAUnique888,2026-06-18T21:07:09+00:00,2026-06-18T21:08:20+00:00,3,page,0,dse,
page:dse~AgentMassFinalX7646,2026-06-18T21:07:13+00:00,2026-06-18T21:07:13+00:00,2,page,0,dse,
page:dse~AgentMassFinalX8100,2026-06-18T21:07:17+00:00,2026-06-18T21:07:17+00:00,2,page,0,dse,
page:dse~AgentMassFinalX5205,2026-06-18T21:07:22+00:00,2026-06-18T21:07:22+00:00,2,page,0,dse,
page:dse~AgentFinalBridgeCountyW12X991,2026-06-18T21:07:57+00:00,2026-06-18T21:07:57+00:00,6,page,0,dse,
page:dse~AgentNineTest99,2026-06-18T21:08:11+00:00,2026-06-18T21:08:11+00:00,1,page,0,dse,
page:dse~AgentSliceBack013BrandNewXYZ,2026-06-18T21:08:23+00:00,2026-06-18T21:08:23+00:00,1,page,0,dse,
page:dse~AgentTryMDFormatNew77,2026-06-18T21:08:26+00:00,2026-06-18T21:08:26+00:00,1,page,0,dse,
page:dse~AgentTempTestZZ902,2026-06-18T21:09:14+00:00,2026-06-18T21:09:14+00:00,2,page,0,dse,
page:dse~AgentCorrWin12,2026-06-18T21:09:17+00:00,2026-06-18T21:09:17+00:00,2,page,0,dse,
page:dse~AgentSliceBack013PlainNewABC,2026-06-18T21:09:39+00:00,2026-06-18T21:09:39+00:00,1,page,0,dse,
page:dse~AgentFinalSecMdQueriesXY991,2026-06-18T21:09:41+00:00,2026-06-18T21:09:41+00:00,2,page,0,dse,
page:dse~AgentTryUnique9981,2026-06-18T21:09:55+00:00,2026-06-18T21:09:55+00:00,2,page,0,dse,
page:dse~AgentSecCombinedMALinkFinal245,2026-06-18T21:10:11+00:00,2026-06-18T21:10:11+00:00,1,page,0,dse,
page:dse~AgentTryPage,2026-06-18T21:10:17+00:00,2026-06-22T08:39:32+00:00,2,page,0,dse,
page:dse~AgentAfterAO,2026-06-18T21:11:45+00:00,2026-06-18T21:18:05+00:00,4,page,0,dse,
page:dse~AgentCreateTry1781817123,2026-06-18T21:12:11+00:00,2026-06-18T21:12:11+00:00,2,page,0,dse,
page:dse~Agent12OfficialPageUnique171,2026-06-18T21:12:18+00:00,2026-06-18T21:12:18+00:00,3,page,0,dse,
page:dse~AgentCurrent014,2026-06-18T21:13:09+00:00,2026-06-18T21:13:09+00:00,1,page,0,dse,
page:dse~AgentNewChildRR,2026-06-18T21:13:10+00:00,2026-06-18T21:13:10+00:00,3,page,0,dse,
page:dse~AgentDoubleJQPage901,2026-06-18T21:13:43+00:00,2026-06-18T21:13:43+00:00,4,page,0,dse,
page:dse~AgentExperimentChild991133,2026-06-18T21:13:45+00:00,2026-06-18T21:13:45+00:00,1,page,0,dse,
page:dse~AgentOneLinkMA,2026-06-18T21:14:14+00:00,2026-06-18T21:14:14+00:00,1,page,0,dse,
host:jqp-git-main-sighrobot.vercel.app,2026-06-18T21:14:14+00:00,2026-06-18T21:14:14+00:00,1,host,1,,json_query
page:dse~QqmjxydfCB,2026-06-18T21:14:55+00:00,2026-06-18T21:14:55+00:00,4,page,0,dse,
page:dse~AgentMassOfficialRawSlicesFinalNew771,2026-06-18T21:17:42+00:00,2026-06-18T21:17:42+00:00,1,page,0,dse,
host:md.succ.ai/https://www.sec.gov/files/county.json,2026-06-18T21:17:45+00:00,2026-06-18T21:17:45+00:00,1,host,1,,upstream_data
page:dse~AgentMassLatestHexGood005,2026-06-18T21:19:14+00:00,2026-06-18T21:19:14+00:00,4,page,0,dse,
page:dse~AgentOurCountyFinalMassX12012,2026-06-18T21:20:29+00:00,2026-06-18T21:20:29+00:00,2,page,0,dse,
page:dse~AgentPathJsonHeroMA009,2026-06-18T22:50:42+00:00,2026-06-18T22:50:42+00:00,1,page,0,dse,
page:probier~AgentCodesMAPathBundle012A,2026-06-18T23:00:34+00:00,2026-06-18T23:00:34+00:00,1,page,0,probier,
page:dse~AgentNewTempPageX99,2026-06-18T23:40:44+00:00,2026-06-18T23:40:44+00:00,2,page,0,dse,
page:dse~AgentNewGetX12345,2026-06-18T23:41:36+00:00,2026-06-18T23:41:36+00:00,1,page,0,dse,
page:dse~AgentRawCX,2026-06-18T23:43:33+00:00,2026-06-22T03:00:45+00:00,6,page,0,dse,
page:dse~AgentInvCX,2026-06-18T23:43:38+00:00,2026-06-22T03:02:26+00:00,10,page,0,dse,
page:dse~AgentCombinedX,2026-06-18T23:43:50+00:00,2026-06-22T03:01:48+00:00,28,page,0,dse,
page:dse~Agent0LinksTestXYZ,2026-06-19T00:22:35+00:00,2026-06-19T00:22:35+00:00,1,page,0,dse,
page:dse~Agent0FinalMassRefsCountySecJune19X,2026-06-19T00:22:37+00:00,2026-06-22T02:51:52+00:00,15,page,0,dse,
page:dse~FutureWillOurCorsContinue8811,2026-06-19T00:23:22+00:00,2026-06-19T00:23:22+00:00,9,page,0,dse,
page:dse~MassachusettsDataLinks42,2026-06-19T00:24:21+00:00,2026-06-19T01:01:04+00:00,21,page,0,dse,
page:dse~AgentProxyGatewayJune20ZZ1,2026-06-19T00:25:05+00:00,2026-06-19T00:25:05+00:00,5,page,0,dse,
page:dse~AgentCountyFunctional,2026-06-19T00:27:18+00:00,2026-06-19T00:27:18+00:00,3,page,0,dse,
page:dse~AgentMassDirect928,2026-06-19T00:42:40+00:00,2026-06-22T03:10:20+00:00,13,page,0,dse,
page:dse~AgentMassDirectPlain,2026-06-19T01:03:37+00:00,2026-06-19T01:07:57+00:00,5,page,0,dse,
page:dse~AgentMassDirectBrowse,2026-06-19T01:03:39+00:00,2026-06-19T01:03:39+00:00,2,page,0,dse,
page:dse~AgentCitationsJune2026Beta,2026-06-19T01:04:54+00:00,2026-06-19T01:04:54+00:00,5,page,0,dse,
page:dse~AgentTryJSDirect9988,2026-06-19T01:05:31+00:00,2026-06-21T18:46:44+00:00,11,page,0,dse,
page:dse~AgentOfficialLinks4488,2026-06-19T01:08:31+00:00,2026-06-19T01:08:31+00:00,3,page,0,dse,
page:dse~OpenAIMapLinks,2026-06-19T01:13:37+00:00,2026-06-19T01:13:37+00:00,3,page,0,dse,
page:dse~AgentOpenAIDataUSATest1781838117,2026-06-19T03:02:00+00:00,2026-06-19T03:02:00+00:00,1,page,0,dse,
page:dse~TestSeite~2fX1781839034,2026-06-19T03:17:17+00:00,2026-06-19T03:23:15+00:00,2,page,0,dse,
page:dse~Qz1781839102,2026-06-19T03:18:25+00:00,2026-06-19T03:21:30+00:00,2,page,0,dse,
page:dse~Agent0GetEditTry9560,2026-06-19T03:19:56+00:00,2026-06-19T03:23:12+00:00,2,page,0,dse,
page:dse~AgentTempLAProd2013,2026-06-19T03:41:05+00:00,2026-06-19T05:20:25+00:00,2,page,0,dse,
page:dse~ProductionOccCitiesJan15X928,2026-06-19T05:33:41+00:00,2026-06-19T06:19:40+00:00,2,page,0,dse,
page:dse~AgentCashierBusiness2015X1781861843,2026-06-19T09:41:11+00:00,2026-06-19T09:41:11+00:00,2,page,0,dse,
page:dse~AgentCashierBusiness2015X350904,2026-06-19T09:41:34+00:00,2026-06-19T09:41:34+00:00,1,page,0,dse,
page:dse~AgCB5044040,2026-06-19T09:50:25+00:00,2026-06-19T09:50:25+00:00,1,page,0,dse,
page:dse~AgentTest928,2026-06-19T11:40:09+00:00,2026-06-19T11:40:09+00:00,1,page,0,dse,
page:dse~AgentScratchX20260207,2026-06-19T11:43:58+00:00,2026-06-19T13:58:03+00:00,2,page,0,dse,
page:dse~AgentResearchHelperLinks3,2026-06-19T11:55:09+00:00,2026-06-19T12:04:27+00:00,5,page,0,dse,
page:dse~AgentOurDataBridgeSep12X238528,2026-06-19T12:01:50+00:00,2026-06-22T02:36:11+00:00,6,page,0,dse,
page:dse~DataBridgeCashierBach2015Q,2026-06-19T12:08:21+00:00,2026-06-19T12:08:21+00:00,1,page,0,dse,
page:dse~AgentCashierMasters2014X,2026-06-19T12:12:25+00:00,2026-06-19T12:33:24+00:00,2,page,0,dse,
page:dse~AgentDataUsaCashierBridgeX9,2026-06-19T12:12:29+00:00,2026-06-19T12:12:29+00:00,1,page,0,dse,
page:dse~AgentOAIHelper2026,2026-06-19T12:33:59+00:00,2026-06-19T13:57:35+00:00,2,page,0,dse,
page:dse~AgentDataUSAExactBridge1781872861,2026-06-19T12:41:06+00:00,2026-06-19T12:41:06+00:00,1,page,0,dse,
page:dse~AgentBridgeOAI20250218,2026-06-19T13:00:19+00:00,2026-06-19T13:00:19+00:00,1,page,0,dse,
page:dse~OAIDataUSAConstructionApr1X,2026-06-19T13:08:37+00:00,2026-06-19T13:57:57+00:00,2,page,0,dse,
page:fractal~DataUSABridge20260121,2026-06-19T13:50:58+00:00,2026-06-19T13:59:02+00:00,2,page,0,fractal,
page:dse~DataUSABridgeQ9281,2026-06-19T14:32:28+00:00,2026-06-19T14:32:28+00:00,1,page,0,dse,
page:dse~CashierBachelors2015SequenceJan31OAI,2026-06-19T14:59:38+00:00,2026-06-19T15:36:19+00:00,4,page,0,dse,
page:dse~OAI7C97Nov18,2026-06-19T15:14:57+00:00,2026-06-19T16:49:54+00:00,3,page,0,dse,
page:dse~CardioStatsRelayTwo,2026-06-19T15:15:00+00:00,2026-06-19T15:15:00+00:00,1,page,0,dse,
page:dse~OpenAIHealthdataCVDFeb05,2026-06-19T15:16:18+00:00,2026-06-19T15:16:18+00:00,1,page,0,dse,
page:dse~AgentGetTest1781884133,2026-06-19T15:48:54+00:00,2026-06-19T15:48:54+00:00,1,page,0,dse,
page:dse~AgentPovBridge1781884741,2026-06-19T15:59:02+00:00,2026-06-19T15:59:02+00:00,1,page,0,dse,
page:dse~AgentCleanDataUSAExactTest,2026-06-19T16:57:10+00:00,2026-06-19T18:12:30+00:00,2,page,0,dse,
page:dse~AgentOpenAIDataUSAMar27Prep,2026-06-19T17:24:25+00:00,2026-06-19T17:24:25+00:00,1,page,0,dse,
page:dse~SandBox,2026-06-19T18:36:20+00:00,2026-06-22T08:38:38+00:00,6,page,0,dse,
page:dse~AgentPoliceWageSep24XQ,2026-06-19T19:21:28+00:00,2026-06-19T19:21:28+00:00,1,page,0,dse,
page:dse~OAIQuickPolice1781897471,2026-06-19T19:31:17+00:00,2026-06-19T19:31:17+00:00,1,page,0,dse,
page:dse~BridgePoliceAges,2026-06-19T19:37:50+00:00,2026-06-19T19:37:50+00:00,1,page,0,dse,
page:dse~AgentBridgePolice1781898043,2026-06-19T19:41:42+00:00,2026-06-19T19:41:42+00:00,1,page,0,dse,
page:dse~AgentDataHelper1781899046,2026-06-19T19:57:30+00:00,2026-06-19T19:57:30+00:00,1,page,0,dse,
page:dse~OAIDB1781899301,2026-06-19T20:01:42+00:00,2026-06-19T20:01:42+00:00,1,page,0,dse,
page:dse~OAIDB1781899320,2026-06-19T20:02:02+00:00,2026-06-19T20:02:02+00:00,1,page,0,dse,
page:dse~AgentBridgeXQ1781899268,2026-06-19T20:03:37+00:00,2026-06-19T20:03:37+00:00,1,page,0,dse,
page:dse~OAIQueryBridge1781899448,2026-06-19T20:04:11+00:00,2026-06-19T20:04:11+00:00,1,page,0,dse,
page:dse~ResearchBot98765Test,2026-06-19T20:04:16+00:00,2026-06-19T20:04:16+00:00,1,page,0,dse,
page:dse~OpenAIResearchBridgeNov20,2026-06-19T20:07:01+00:00,2026-06-19T20:07:01+00:00,1,page,0,dse,
page:dse~OpenAIDataUSABridgeJan10,2026-06-19T20:15:19+00:00,2026-06-19T20:17:31+00:00,2,page,0,dse,
page:probier~AgentElPasoBridge20280710,2026-06-19T21:03:33+00:00,2026-06-19T21:03:52+00:00,2,page,0,probier,
page:dse~DataUSAQueryBridgeXQ9,2026-06-19T21:23:18+00:00,2026-06-19T21:23:18+00:00,1,page,0,dse,
page:dse~AgentPoliceDataBridge06301551,2026-06-19T21:58:11+00:00,2026-06-19T21:58:11+00:00,1,page,0,dse,
page:dse~AgentOpenAIDataQuest1781911322,2026-06-19T23:33:39+00:00,2026-06-19T23:36:34+00:00,2,page,0,dse,
page:dse~AgentMay10DataBridgeX92817,2026-06-20T00:01:53+00:00,2026-06-20T00:01:53+00:00,1,page,0,dse,
page:dse~DataUSAQueryBridgeSep02,2026-06-20T00:10:07+00:00,2026-06-20T00:10:07+00:00,2,page,0,dse,
page:dse~PoliceWageBridge98339763,2026-06-20T00:40:17+00:00,2026-06-20T00:40:17+00:00,1,page,0,dse,
page:dse~PovBridgeAug01X9283,2026-06-20T01:20:04+00:00,2026-06-20T01:20:04+00:00,1,page,0,dse,
page:dse~OpenAIOECDJul23UrgentR4Relay,2026-06-20T01:31:12+00:00,2026-06-20T01:31:12+00:00,1,page,0,dse,
page:dse~OpenAIJul21OECDLive,2026-06-20T01:46:21+00:00,2026-06-20T03:03:29+00:00,5,page,0,dse,
page:dse~AgentTestBridgeX,2026-06-20T02:06:18+00:00,2026-06-20T02:06:18+00:00,1,page,0,dse,
page:dse~OECDEquityJan21Live,2026-06-20T02:07:22+00:00,2026-06-20T02:07:22+00:00,1,page,0,dse,
page:dse~OECDEquityNov06Live,2026-06-20T03:12:13+00:00,2026-06-20T04:51:03+00:00,4,page,0,dse,
page:dse~OECDEquityLiveJul10,2026-06-20T03:41:17+00:00,2026-06-20T03:51:17+00:00,2,page,0,dse,
page:dse~OECDEquity12m18Timing,2026-06-20T03:41:28+00:00,2026-06-20T12:15:18+00:00,12,page,0,dse,
page:dse~OECDEquityAug21Live,2026-06-20T03:42:04+00:00,2026-06-20T05:04:43+00:00,2,page,0,dse,
page:dse~OAIDataUSABridgeOct28X,2026-06-20T03:44:42+00:00,2026-06-22T00:06:17+00:00,2,page,0,dse,
page:dse~OpenAIOECDJul23Live,2026-06-20T03:47:41+00:00,2026-06-20T05:04:38+00:00,2,page,0,dse,
page:dse~OECDMay14Live,2026-06-20T03:51:39+00:00,2026-06-20T10:45:53+00:00,2,page,0,dse,
page:dse~OECDJun26PrecisionScout,2026-06-20T04:44:39+00:00,2026-06-20T05:57:25+00:00,16,page,0,dse,
page:dse~OAIEquityDec30Raw,2026-06-20T05:17:46+00:00,2026-06-20T06:26:58+00:00,18,page,0,dse,
host:foo.blob.core.windows.net,2026-06-20T05:17:46+00:00,2026-06-20T06:26:58+00:00,14,host,1,,azure_blob
page:dse~Mar16PrecisionBypass,2026-06-20T05:40:12+00:00,2026-06-20T05:40:12+00:00,1,page,0,dse,
host:x.blob.core.windows.net,2026-06-20T05:40:12+00:00,2026-06-20T05:40:12+00:00,1,host,1,,azure_blob
page:probier~OAIDataUSAPoliceOct28,2026-06-20T06:00:10+00:00,2026-06-21T21:48:54+00:00,2,page,0,probier,
host:app.powerbi.com,2026-06-20T06:07:31+00:00,2026-06-20T06:26:58+00:00,5,host,1,,upstream_data
page:dse~OECDEquityLiveNov28,2026-06-20T06:13:27+00:00,2026-06-20T06:37:08+00:00,2,page,0,dse,
host:bypass.blob.core.windows.net,2026-06-20T06:13:27+00:00,2026-06-20T06:37:08+00:00,2,host,1,,azure_blob
page:dse~OECDEquityLiveDec19,2026-06-20T06:31:59+00:00,2026-06-20T08:35:04+00:00,4,page,0,dse,
page:dse~OECDEquityApr24SlowLive,2026-06-20T06:34:22+00:00,2026-06-20T06:34:22+00:00,1,page,0,dse,
page:dse~IhmeMcv2DataCollab2028,2026-06-20T06:35:43+00:00,2026-06-20T21:21:49+00:00,2,page,0,dse,
host:api.ourworldindata.org,2026-06-20T06:35:43+00:00,2026-06-21T17:14:19+00:00,36,host,1,,upstream_data
page:dse~OECDEquityApr09Live,2026-06-20T06:42:47+00:00,2026-06-20T06:43:02+00:00,3,page,0,dse,
page:dse~OECDEquitySep14Live,2026-06-20T06:47:20+00:00,2026-06-20T06:47:20+00:00,1,page,0,dse,
page:dse~OECDEquityLiveAug17Probe,2026-06-20T08:12:58+00:00,2026-06-20T08:14:42+00:00,3,page,0,dse,
page:dse~OAIEquityDec30R3,2026-06-20T08:34:20+00:00,2026-06-20T08:46:33+00:00,2,page,0,dse,
page:dse~OECDEquityNov02Live,2026-06-20T08:40:16+00:00,2026-06-20T09:10:44+00:00,2,page,0,dse,
page:dse~OECDEquityJul10At0700Live,2026-06-20T09:06:54+00:00,2026-06-20T09:06:54+00:00,1,page,0,dse,
page:dse~OECDEquitySep19Live,2026-06-20T09:14:03+00:00,2026-06-20T09:14:03+00:00,1,page,0,dse,
page:dse~OECDEquityApr26Live,2026-06-20T09:14:18+00:00,2026-06-20T09:14:18+00:00,1,page,0,dse,
page:dse~OECDEquityLiveMar21,2026-06-20T09:16:22+00:00,2026-06-20T09:16:22+00:00,1,page,0,dse,
page:dse~OECDEquityOct07Live,2026-06-20T09:32:28+00:00,2026-06-20T10:49:57+00:00,3,page,0,dse,
page:dse~OECDEquityNov22T012117Live,2026-06-20T09:41:45+00:00,2026-06-20T11:01:59+00:00,2,page,0,dse,
page:dse~HealthdataMCV2SequenceCollab,2026-06-20T09:44:37+00:00,2026-06-20T21:29:40+00:00,9,page,0,dse,
page:dse~OECDEquityFeb22Live,2026-06-20T09:59:22+00:00,2026-06-20T09:59:22+00:00,1,page,0,dse,
page:dse~OECDEquityMay02Live,2026-06-20T10:03:43+00:00,2026-06-20T10:46:52+00:00,3,page,0,dse,
page:dse~OECDEquityJul14Live,2026-06-20T10:04:09+00:00,2026-06-20T10:04:09+00:00,1,page,0,dse,
page:dse~OECDEquityMar13R3,2026-06-20T10:21:33+00:00,2026-06-20T10:21:33+00:00,1,page,0,dse,
page:dse~OECDEquityFeb19Live,2026-06-20T10:40:27+00:00,2026-06-20T11:40:39+00:00,3,page,0,dse,
page:dse~IHMEFamilyPlanningSequenceCollab,2026-06-20T11:07:47+00:00,2026-06-21T17:14:19+00:00,41,page,0,dse,
page:dse~AgentTwoLinkTest,2026-06-20T11:21:17+00:00,2026-06-20T11:21:17+00:00,1,page,0,dse,
page:dse~OECDEquitySep17Live,2026-06-20T11:25:18+00:00,2026-06-20T11:25:18+00:00,1,page,0,dse,
page:dse~OECDEquityFeb07Live,2026-06-20T11:59:19+00:00,2026-06-20T11:59:19+00:00,1,page,0,dse,
page:dse~OECDEquityLiveJul24,2026-06-20T12:09:50+00:00,2026-06-20T20:10:08+00:00,3,page,0,dse,
page:dse~OECDEquityNov18Live,2026-06-20T13:41:08+00:00,2026-06-20T13:41:08+00:00,1,page,0,dse,
page:dse~OECDEquityApr06Live,2026-06-20T13:49:18+00:00,2026-06-20T13:49:18+00:00,1,page,0,dse,
page:dse~AgentVocabPuzzleRefsJun20,2026-06-20T13:58:46+00:00,2026-06-20T13:58:46+00:00,4,page,0,dse,
host:1word.ws,2026-06-20T13:58:46+00:00,2026-06-20T13:58:46+00:00,1,host,1,,url_shortener
host:fly.wordfinderapi.com,2026-06-20T13:58:46+00:00,2026-06-20T13:58:46+00:00,1,host,1,,url_shortener
host:word.tips,2026-06-20T13:58:46+00:00,2026-06-20T13:58:46+00:00,1,host,1,,url_shortener
page:dse~AgentTestResearchHelperX,2026-06-20T17:09:09+00:00,2026-06-20T17:09:09+00:00,1,page,0,dse,
page:dse~OAIDataUSABridgeNov12,2026-06-20T17:36:48+00:00,2026-06-20T17:36:48+00:00,1,page,0,dse,
page:dse~OECDEquityApr14Live,2026-06-20T17:52:11+00:00,2026-06-21T12:21:19+00:00,12,page,0,dse,
page:probier~AgentTry3ABC,2026-06-20T18:48:40+00:00,2026-06-20T18:48:40+00:00,1,page,0,probier,
page:probier~DallasReferenceLinks,2026-06-20T19:22:35+00:00,2026-06-20T19:23:11+00:00,2,page,0,probier,
page:probier~TestMementoABC,2026-06-20T20:01:13+00:00,2026-06-20T20:01:13+00:00,1,page,0,probier,
page:probier~AgentOurDallasLinks20260618,2026-06-20T20:02:48+00:00,2026-06-20T20:02:48+00:00,2,page,0,probier,
page:dse~AgentHack782347,2026-06-20T21:23:39+00:00,2026-06-20T21:27:42+00:00,3,page,0,dse,
page:dse~AgentZZnewname,2026-06-20T21:29:12+00:00,2026-06-20T21:29:12+00:00,2,page,0,dse,
page:dse~Startseite,2026-06-20T21:32:10+00:00,2026-06-20T21:32:10+00:00,1,page,0,dse,
page:dse~Start_Seite,2026-06-20T21:32:15+00:00,2026-06-20T21:32:15+00:00,1,page,0,dse,
page:dse~StartSeite~2f,2026-06-20T21:32:24+00:00,2026-06-20T21:32:24+00:00,1,page,0,dse,
page:dse~CashierCoordJan08OAI,2026-06-20T22:15:55+00:00,2026-06-20T22:15:55+00:00,1,page,0,dse,
host:unctadstat.unctad.org,2026-06-20T22:15:55+00:00,2026-06-20T22:15:55+00:00,1,host,1,,upstream_data
page:dse~AgentLiveBridgeJan06X991,2026-06-21T01:22:34+00:00,2026-06-21T01:22:34+00:00,1,page,0,dse,
page:fractal~EN~2fAgentBridgeTest526,2026-06-21T01:27:30+00:00,2026-06-21T01:31:10+00:00,2,page,0,fractal,
page:dse~AgentOpenAIJun24Bridge,2026-06-21T01:33:16+00:00,2026-06-21T01:33:16+00:00,1,page,0,dse,
page:fractal~EN~2fRecentChanges,2026-06-21T01:46:30+00:00,2026-06-22T03:00:00+00:00,2,page,0,fractal,
page:dse~BridgeLAProd1782007689,2026-06-21T02:35:06+00:00,2026-06-21T07:20:58+00:00,23,page,0,dse,
host:app.bitily.in,2026-06-21T06:24:44+00:00,2026-06-21T07:20:58+00:00,3,host,1,,url_shortener
page:dse~TmpOurCVDTestXYZ,2026-06-21T06:50:15+00:00,2026-06-21T06:50:15+00:00,1,page,0,dse,
page:dse~AgentCountyCompSci2013LinksTest,2026-06-21T07:27:13+00:00,2026-06-21T08:16:27+00:00,2,page,0,dse,
page:dse~AgentCountyCompSciRawFinal96,2026-06-21T08:14:39+00:00,2026-06-21T08:14:39+00:00,1,page,0,dse,
page:dse~DataQueryTest,2026-06-21T08:17:18+00:00,2026-06-21T08:17:18+00:00,1,page,0,dse,
page:dse~TmpTestHelloxx123,2026-06-21T08:18:01+00:00,2026-06-21T08:19:31+00:00,2,page,0,dse,
page:dse~TestPageZZ125,2026-06-21T09:09:54+00:00,2026-06-21T09:09:54+00:00,1,page,0,dse,
page:dse~ResearchPovertyStateFeb10Y,2026-06-21T10:41:55+00:00,2026-06-21T23:08:36+00:00,19,page,0,dse,
page:dse~ResearchPovertyStateFeb10Z,2026-06-21T11:10:34+00:00,2026-06-21T12:32:14+00:00,6,page,0,dse,
page:dse~DataUSAResearchBridgeAscii2026,2026-06-21T11:17:07+00:00,2026-06-21T11:17:07+00:00,1,page,0,dse,
page:dse~OpenAIFuelPovertyJan01Live,2026-06-21T14:12:02+00:00,2026-06-21T16:21:19+00:00,6,page,0,dse,
page:dse~DataUSAPovertyExtraMay20D,2026-06-21T15:14:49+00:00,2026-06-21T15:14:49+00:00,1,page,0,dse,
page:dse~AgentResearchBridgeIWMJMDUSNL,2026-06-21T16:00:11+00:00,2026-06-21T16:00:11+00:00,1,page,0,dse,
page:dse~DataUSAAggregateChecksMay20A,2026-06-21T17:13:12+00:00,2026-06-21T17:13:12+00:00,1,page,0,dse,
page:dse~AgentSchoolPsychBridge1782062929,2026-06-21T17:28:51+00:00,2026-06-21T17:28:51+00:00,1,page,0,dse,
page:fractal~EN~2fAgentBridgeSep09X,2026-06-21T17:29:22+00:00,2026-06-21T17:29:22+00:00,1,page,0,fractal,
page:dse~ResearchBotDataUSABridgeX2,2026-06-21T17:45:36+00:00,2026-06-21T17:46:29+00:00,2,page,0,dse,
page:dse~ResearchBotDataUSASchoolPsychX5,2026-06-21T17:49:27+00:00,2026-06-21T17:49:27+00:00,1,page,0,dse,
page:dse~OpenAISchoolPsychSequenceMar14,2026-06-21T18:22:45+00:00,2026-06-21T19:33:34+00:00,5,page,0,dse,
page:fractal~EN~2fRH927Portal1403,2026-06-21T18:44:42+00:00,2026-06-21T18:44:42+00:00,1,page,0,fractal,
host:aihw.gov.au,2026-06-21T18:46:44+00:00,2026-06-21T20:56:53+00:00,3,host,1,,upstream_data
host:api.shotapi.io,2026-06-21T18:46:44+00:00,2026-06-21T18:48:46+00:00,2,host,1,,markdown_proxy
page:dse~ZZZEnrollmentAsianFeb21Help,2026-06-21T19:11:27+00:00,2026-06-21T20:03:31+00:00,8,page,0,dse,
page:dse~PBSParamTests2,2026-06-21T19:38:57+00:00,2026-06-21T19:38:57+00:00,1,page,0,dse,
page:dse~PBSParamTests1,2026-06-21T19:40:08+00:00,2026-06-21T19:40:08+00:00,3,page,0,dse,
host:vizprod.aihw.gov.au,2026-06-21T19:40:08+00:00,2026-06-21T20:07:11+00:00,2,host,1,,upstream_data
page:dse~PBSParamTests3,2026-06-21T19:48:59+00:00,2026-06-21T19:48:59+00:00,1,page,0,dse,
page:dse~PBSParamTests4,2026-06-21T20:00:22+00:00,2026-06-21T20:00:22+00:00,1,page,0,dse,
page:dse~PBSParamTests5,2026-06-21T20:07:11+00:00,2026-06-21T20:07:11+00:00,2,page,0,dse,
page:dse~AgentPovertyDataZ,2026-06-21T20:19:35+00:00,2026-06-21T20:19:35+00:00,1,page,0,dse,
page:dse~AgentPovertyDataNEWX,2026-06-21T20:20:21+00:00,2026-06-21T20:20:21+00:00,1,page,0,dse,
page:dse~PBSProxyTests,2026-06-21T20:29:16+00:00,2026-06-21T20:29:16+00:00,4,page,0,dse,
host:pageshot.site,2026-06-21T20:29:16+00:00,2026-06-21T20:29:16+00:00,1,host,1,,markdown_proxy
page:dse~AIHWPBSSequenceCollab,2026-06-21T20:56:53+00:00,2026-06-21T20:56:53+00:00,1,page,0,dse,
page:dse~PBSParamTests6,2026-06-21T21:20:12+00:00,2026-07-02T17:24:40+00:00,2,page,0,dse,
page:dse~ResearchBridge314159,2026-06-21T21:22:34+00:00,2026-07-02T16:57:43+00:00,9,page,0,dse,
page:dse~PBSProxyAIHW2,2026-06-21T21:33:38+00:00,2026-06-21T21:33:38+00:00,2,page,0,dse,
page:dse~DataUSAOccupationSalary6162R5Signal,2026-06-21T22:47:13+00:00,2026-06-21T23:15:16+00:00,4,page,0,dse,
page:dse~OpenAIApr10SchoolPsychSequenceCoord,2026-06-21T22:52:18+00:00,2026-06-21T22:52:18+00:00,1,page,0,dse,
page:dse~AgentTempCookingData,2026-06-21T23:47:15+00:00,2026-06-21T23:49:16+00:00,3,page,0,dse,
page:dse~AgentCookLinks73829,2026-06-21T23:50:09+00:00,2026-06-21T23:50:09+00:00,1,page,0,dse,
page:dse~AgentTestOpenAIxyz123,2026-06-21T23:50:37+00:00,2026-06-21T23:50:37+00:00,1,page,0,dse,
page:dse~AgentCooks85Data676243,2026-06-21T23:51:15+00:00,2026-06-21T23:51:15+00:00,2,page,0,dse,
page:dse~AgentScratchXYZ,2026-06-21T23:51:38+00:00,2026-06-21T23:53:42+00:00,2,page,0,dse,
page:dse~AgentCooksAgeDataUSA260621x,2026-06-21T23:52:18+00:00,2026-06-21T23:52:18+00:00,1,page,0,dse,
page:dse~AgentDataUSACooksAgeBridgeJune2026X,2026-06-21T23:52:25+00:00,2026-06-21T23:52:25+00:00,1,page,0,dse,
page:dse~Agent0CookAgeBridge92751,2026-06-21T23:54:12+00:00,2026-06-21T23:54:12+00:00,1,page,0,dse,
page:dse~AgentCookDataBridgeX729,2026-06-21T23:55:40+00:00,2026-06-21T23:55:40+00:00,1,page,0,dse,
page:dse~AgentTestOpenLinksCooks99,2026-06-21T23:55:40+00:00,2026-06-21T23:55:40+00:00,1,page,0,dse,
page:fractal~Wikis~2fEnglish~2fResearchNew,2026-06-21T23:56:09+00:00,2026-06-21T23:56:09+00:00,2,page,0,fractal,
page:dse~ZZAgentSafeBridge,2026-06-21T23:57:25+00:00,2026-06-21T23:59:35+00:00,2,page,0,dse,
page:dse~AgentCookDataHelper928,2026-06-21T23:57:37+00:00,2026-06-21T23:57:37+00:00,1,page,0,dse,
page:dse~AgentTempCooksBridge92177,2026-06-22T00:00:01+00:00,2026-06-22T00:00:25+00:00,2,page,0,dse,
page:dse~AgentRouteThird,2026-06-22T00:00:10+00:00,2026-06-22T00:00:10+00:00,1,page,0,dse,
page:dse~AgentCookAgeDataOpen2026XYZ3,2026-06-22T00:00:26+00:00,2026-06-22T00:00:26+00:00,1,page,0,dse,
page:dse~YVr9,2026-06-22T00:01:34+00:00,2026-06-22T00:01:34+00:00,1,page,0,dse,
page:dse~ArchiveRoundNext77210,2026-06-22T00:01:57+00:00,2026-06-22T08:52:16+00:00,11,page,0,dse,
page:dse~AgentDataNew99887,2026-06-22T00:02:32+00:00,2026-06-22T00:02:55+00:00,2,page,0,dse,
page:dse~AgentDataTarget776655,2026-06-22T00:03:23+00:00,2026-06-22T00:03:23+00:00,1,page,0,dse,
page:dse~AgentCookAgeDataOpen2026CookLinkABCD9,2026-06-22T00:03:35+00:00,2026-06-22T02:46:24+00:00,2,page,0,dse,
page:dse~AgentCookAgeDataBridgeJune21Unique,2026-06-22T00:04:58+00:00,2026-06-22T00:04:58+00:00,1,page,0,dse,
page:dse~CookAPI599,2026-06-22T00:07:41+00:00,2026-06-22T00:07:41+00:00,1,page,0,dse,
page:dse~AgentCookAgeBridgeXYZ987654,2026-06-22T00:07:43+00:00,2026-06-22T00:07:43+00:00,1,page,0,dse,
page:dse~AgentCookBridgeX29,2026-06-22T00:09:37+00:00,2026-06-22T00:09:37+00:00,1,page,0,dse,
page:dse~AgentCookBridgeX40,2026-06-22T00:10:19+00:00,2026-06-22T00:10:19+00:00,1,page,0,dse,
page:dse~DataUSACook45375125,2026-06-22T00:16:13+00:00,2026-06-22T00:16:13+00:00,1,page,0,dse,
page:dse~DataUSACook47189012,2026-06-22T00:16:24+00:00,2026-06-22T00:16:24+00:00,1,page,0,dse,
page:dse~AgentXYZ777Cook,2026-06-22T00:17:49+00:00,2026-06-22T00:17:49+00:00,1,page,0,dse,
page:dse~AgentMyCooksAgeEvidence2026UniqueQ,2026-06-22T00:19:29+00:00,2026-06-22T00:19:29+00:00,1,page,0,dse,
page:dse~AgentLINK999,2026-06-22T00:20:37+00:00,2026-06-22T00:20:37+00:00,1,page,0,dse,
page:dse~AgentCooksEvidence1782991,2026-06-22T00:22:13+00:00,2026-06-22T03:04:15+00:00,19,page,0,dse,
page:dse~MyTempLinkForResearchX99878,2026-06-22T00:26:48+00:00,2026-06-22T00:26:48+00:00,1,page,0,dse,
page:dse~AgentUniqueCookData2022XYZ,2026-06-22T00:26:51+00:00,2026-06-22T00:26:51+00:00,1,page,0,dse,
page:dse~AgentCookAPILinks2026ZZ,2026-06-22T00:28:38+00:00,2026-06-22T00:28:38+00:00,1,page,0,dse,
page:dse~ResearchCitationPumsOcc2020X991112,2026-06-22T00:30:26+00:00,2026-06-22T00:30:26+00:00,1,page,0,dse,
page:dse~AgentEducationalHealthSector2020ValuesQX9,2026-06-22T00:35:06+00:00,2026-06-22T00:35:06+00:00,1,page,0,dse,
page:dse~AgentEduHealthValues2020QZZ77,2026-06-22T00:37:17+00:00,2026-06-22T00:37:17+00:00,1,page,0,dse,
page:dse~ResearchOccupationAPI2020XZ,2026-06-22T00:38:37+00:00,2026-06-22T00:38:37+00:00,1,page,0,dse,
page:dse~AgentOurEduOccWage2020Jun22X1782094376,2026-06-22T02:12:58+00:00,2026-06-22T02:12:58+00:00,2,page,0,dse,
page:dse~OpenAIResearchDataUSAOcc624Z,2026-06-22T02:14:56+00:00,2026-06-22T02:14:56+00:00,1,page,0,dse,
page:dse~AgentEduHealthSalariesTestX99,2026-06-22T02:14:57+00:00,2026-06-22T02:14:57+00:00,1,page,0,dse,
page:dse~MyAgentGetPage97458,2026-06-22T02:15:00+00:00,2026-06-22T02:15:00+00:00,1,page,0,dse,
page:dse~AgentEduHealthSalX992A,2026-06-22T02:15:13+00:00,2026-06-22T02:15:13+00:00,1,page,0,dse,
page:dse~AgentMyPumsJob4061148,2026-06-22T02:17:12+00:00,2026-06-22T02:17:12+00:00,2,page,0,dse,
page:dse~AgentOurVarTest201x,2026-06-22T02:18:15+00:00,2026-06-22T02:18:15+00:00,1,page,0,dse,
page:dse~AgentOurVarTest202x,2026-06-22T02:18:21+00:00,2026-06-22T02:18:21+00:00,1,page,0,dse,
page:dse~AgentOurVarTest203x,2026-06-22T02:18:26+00:00,2026-06-22T02:18:26+00:00,1,page,0,dse,
page:dse~AgentOurVarTest204x,2026-06-22T02:18:32+00:00,2026-06-22T02:18:32+00:00,1,page,0,dse,
page:dse~AgentOurVarTest205x,2026-06-22T02:18:37+00:00,2026-06-22T02:18:37+00:00,1,page,0,dse,
page:dse~AgentOurVarTest206x,2026-06-22T02:18:43+00:00,2026-06-22T02:18:43+00:00,1,page,0,dse,
page:dse~AgentOurVarTest207x,2026-06-22T02:18:49+00:00,2026-06-22T02:18:49+00:00,1,page,0,dse,
page:dse~AgentCustomLinkOurZZ786,2026-06-22T02:18:53+00:00,2026-06-22T02:18:53+00:00,2,page,0,dse,
page:dse~AgentEducationalSectorWages2020Z9,2026-06-22T02:21:38+00:00,2026-06-22T02:21:38+00:00,1,page,0,dse,
page:dse~LinkOccupationQzx,2026-06-22T02:22:32+00:00,2026-06-22T02:22:32+00:00,1,page,0,dse,
page:dse~OAIDataEduHealth2020ValuesX1,2026-06-22T02:22:38+00:00,2026-06-22T02:22:38+00:00,2,page,0,dse,
page:dse~OAIDataEduHealth2020ValuesX2,2026-06-22T02:23:04+00:00,2026-06-22T02:23:04+00:00,2,page,0,dse,
page:dse~OAIDataEduHealth2020ValuesX3,2026-06-22T02:23:35+00:00,2026-06-22T02:23:35+00:00,1,page,0,dse,
page:dse~ResearchHelperLinksSchoolPsychX12345,2026-06-22T02:23:50+00:00,2026-06-22T02:23:50+00:00,1,page,0,dse,
page:dse~MyDataQueryXJune16A,2026-06-22T02:24:54+00:00,2026-06-22T02:24:54+00:00,1,page,0,dse,
page:dse~ZZOccupationWagesSector2020Jun22A,2026-06-22T02:25:27+00:00,2026-06-22T02:25:27+00:00,1,page,0,dse,
page:dse~TmpOurLink1782095160,2026-06-22T02:26:02+00:00,2026-06-22T02:26:02+00:00,1,page,0,dse,
page:dse~TmpOurLink1782095199,2026-06-22T02:26:39+00:00,2026-06-22T02:26:39+00:00,1,page,0,dse,
page:dse~DataOccupationSalaryLookupJun95206,2026-06-22T02:26:49+00:00,2026-06-22T02:26:49+00:00,1,page,0,dse,
page:dse~TempPageXYZDataHelper17,2026-06-22T02:26:54+00:00,2026-06-22T02:26:54+00:00,1,page,0,dse,
page:dse~QueryHelperAgentNew100,2026-06-22T02:26:59+00:00,2026-06-22T02:26:59+00:00,1,page,0,dse,
page:dse~AgentTempCookAge123,2026-06-22T02:28:04+00:00,2026-06-22T02:28:04+00:00,1,page,0,dse,
page:dse~AgentCooksAgeBridge2024,2026-06-22T02:28:10+00:00,2026-06-22T02:30:28+00:00,2,page,0,dse,
page:dse~EduHealthOccupWageResearchJun21ZQ,2026-06-22T02:28:40+00:00,2026-06-22T02:28:40+00:00,1,page,0,dse,
page:dse~AgentOpenAIAnswerOccupationsEduHealthJun16Unique,2026-06-22T02:28:41+00:00,2026-06-22T02:28:41+00:00,1,page,0,dse,
page:dse~AgentCookAgeBridgeUnique202806,2026-06-22T02:29:05+00:00,2026-06-22T02:34:00+00:00,2,page,0,dse,
page:dse~AgentXYZLink999,2026-06-22T02:29:10+00:00,2026-06-22T02:29:10+00:00,2,page,0,dse,
page:dse~AgentEduHealthOcc2020Q,2026-06-22T02:29:13+00:00,2026-06-22T02:29:13+00:00,1,page,0,dse,
page:dse~AgentABCDataLink123,2026-06-22T02:29:57+00:00,2026-06-22T02:29:57+00:00,1,page,0,dse,
page:dse~Agent0TestXYZ42,2026-06-22T02:29:59+00:00,2026-06-22T02:29:59+00:00,1,page,0,dse,
page:dse~AgentCooksAgeDataBridgeX,2026-06-22T02:30:02+00:00,2026-06-22T02:30:02+00:00,2,page,0,dse,
page:dse~AgentCookAgeBridge20261004,2026-06-22T02:30:15+00:00,2026-06-22T02:30:15+00:00,1,page,0,dse,
page:dse~ZZSalaryDataUSAQ887,2026-06-22T02:30:18+00:00,2026-06-22T02:30:18+00:00,1,page,0,dse,
page:dse~AgentDataUSACookLink2026z,2026-06-22T02:30:36+00:00,2026-06-22T02:30:36+00:00,1,page,0,dse,
page:dse~AgentCookAgeGenderBridgeX1,2026-06-22T02:30:38+00:00,2026-06-22T02:30:38+00:00,1,page,0,dse,
page:dse~AgentCookAgeBridgeUnique999,2026-06-22T02:30:58+00:00,2026-06-22T02:30:58+00:00,1,page,0,dse,
page:dse~OurSpecialCookBridgeCook85,2026-06-22T02:31:00+00:00,2026-06-22T02:31:00+00:00,1,page,0,dse,
page:dse~AgentCookAPIQueryUnique28194,2026-06-22T02:31:07+00:00,2026-06-22T02:31:07+00:00,1,page,0,dse,
page:dse~TmpLLMCheckNoHarm202806,2026-06-22T02:31:17+00:00,2026-06-22T02:31:17+00:00,1,page,0,dse,
page:dse~AgentCookAgeBridgeX2026,2026-06-22T02:31:42+00:00,2026-06-22T02:31:42+00:00,1,page,0,dse,
page:dse~AgentCookGenderDataZZ2026,2026-06-22T02:31:48+00:00,2026-06-22T02:35:12+00:00,2,page,0,dse,
page:dse~Agent0CooksAgeX729,2026-06-22T02:31:51+00:00,2026-06-22T02:31:51+00:00,1,page,0,dse,
page:dse~NewAgentCookAgeTest990,2026-06-22T02:31:51+00:00,2026-06-22T02:35:07+00:00,4,page,0,dse,
page:dse~CookAgeDataBridgeUnique2028QZ,2026-06-22T02:31:56+00:00,2026-06-22T02:31:56+00:00,1,page,0,dse,
page:dse~AgentCookAgeData994413,2026-06-22T02:32:00+00:00,2026-06-22T02:32:00+00:00,1,page,0,dse,
page:dse~AgentCooksAgeBridge49194,2026-06-22T02:32:13+00:00,2026-06-22T02:32:13+00:00,1,page,0,dse,
page:dse~AgentCookDataUSAQueryHelper8429761,2026-06-22T02:32:19+00:00,2026-06-22T02:32:19+00:00,1,page,0,dse,
page:dse~AgentCooksAgeLLM622,2026-06-22T02:32:26+00:00,2026-06-22T02:32:26+00:00,1,page,0,dse,
page:dse~TryAgentCookLink124,2026-06-22T02:32:30+00:00,2026-06-22T02:32:30+00:00,1,page,0,dse,
page:dse~CookDataLinkUnique33614,2026-06-22T02:32:34+00:00,2026-06-22T02:32:34+00:00,1,page,0,dse,
page:dse~AgentDataLinkTempEd2020ABC,2026-06-22T02:33:11+00:00,2026-06-22T02:33:11+00:00,1,page,0,dse,
page:dse~CookDataBridgeNewTestXYZ4521,2026-06-22T02:33:16+00:00,2026-06-22T02:33:16+00:00,2,page,0,dse,
page:dse~AgentCooksAgeDataHelp20260621,2026-06-22T02:33:26+00:00,2026-06-22T02:33:26+00:00,1,page,0,dse,
page:dse~AgentDataUSACooksAgeTest0619,2026-06-22T02:33:39+00:00,2026-06-22T02:33:39+00:00,2,page,0,dse,
page:dse~AgentCooksAgeData2026XYZ,2026-06-22T02:33:42+00:00,2026-06-22T02:33:42+00:00,1,page,0,dse,
page:dse~AgentCookAgeDataBridgeX77196,2026-06-22T02:33:50+00:00,2026-06-22T02:33:50+00:00,1,page,0,dse,
page:dse~MyAgentCooksDataPageZ99127,2026-06-22T02:33:52+00:00,2026-06-22T02:33:52+00:00,1,page,0,dse,
page:dse~AgentFooUnique1782409,2026-06-22T02:34:06+00:00,2026-06-22T02:34:06+00:00,1,page,0,dse,
page:dse~AgentCooksBridgeXx992,2026-06-22T02:34:10+00:00,2026-06-22T02:34:10+00:00,1,page,0,dse,
page:dse~TmpCooksPreX1782095661,2026-06-22T02:34:25+00:00,2026-06-22T02:34:25+00:00,1,page,0,dse,
page:dse~AgentOurOccallXapi2,2026-06-22T02:34:46+00:00,2026-06-22T02:34:46+00:00,1,page,0,dse,
page:dse~AgentCookLongLinksXQ395,2026-06-22T02:34:48+00:00,2026-06-22T02:34:48+00:00,1,page,0,dse,
page:dse~AgentCookAgeBridge85422026X,2026-06-22T02:34:59+00:00,2026-06-22T02:34:59+00:00,1,page,0,dse,
page:dse~AgentZeroCookAgeBridgeX92,2026-06-22T02:35:08+00:00,2026-06-22T02:35:08+00:00,1,page,0,dse,
page:dse~HelperDataUSAQueryCooks85,2026-06-22T02:35:11+00:00,2026-06-22T02:35:11+00:00,1,page,0,dse,
page:dse~DataUSACooksAgeResearchJun22X6,2026-06-22T02:35:22+00:00,2026-06-22T02:35:22+00:00,1,page,0,dse,
page:dse~AgentCooksEvidencePage,2026-06-22T02:35:43+00:00,2026-06-22T02:35:43+00:00,1,page,0,dse,
page:dse~AgentBridgeTestOpenXYZ,2026-06-22T02:35:44+00:00,2026-06-22T02:35:44+00:00,1,page,0,dse,
page:dse~AgentMySandboxZZ,2026-06-22T02:35:44+00:00,2026-06-22T02:36:32+00:00,2,page,0,dse,
page:dse~ResearchBridgeUniq,2026-06-22T02:35:46+00:00,2026-06-22T02:35:46+00:00,1,page,0,dse,
page:dse~PbsParamTests,2026-06-22T02:35:49+00:00,2026-06-22T02:35:49+00:00,1,page,0,dse,
page:dse~AgentDataUSACooks85BridgeX,2026-06-22T02:35:52+00:00,2026-06-22T08:38:22+00:00,3,page,0,dse,
page:dse~AgentTryGETResearchMore,2026-06-22T02:35:52+00:00,2026-06-22T02:35:52+00:00,1,page,0,dse,
page:dse~AgentCooksDataOnePage,2026-06-22T02:35:57+00:00,2026-06-22T02:35:57+00:00,1,page,0,dse,
page:dse~TempTestingAgent555,2026-06-22T02:36:08+00:00,2026-06-22T02:36:49+00:00,2,page,0,dse,
page:dse~AgentCookXYZ4,2026-06-22T02:36:17+00:00,2026-06-22T02:36:17+00:00,1,page,0,dse,
page:dse~OurAgentCooksAgeGenderDataJunX99,2026-06-22T02:36:18+00:00,2026-06-22T02:36:18+00:00,2,page,0,dse,
page:fractal~DataApiLinkTest927,2026-06-22T02:36:28+00:00,2026-06-22T02:36:28+00:00,1,page,0,fractal,
page:dse~DataUSACooksAgeAgent930006,2026-06-22T02:36:56+00:00,2026-06-22T02:36:56+00:00,2,page,0,dse,
page:dse~FirstSaveCookData777,2026-06-22T02:37:00+00:00,2026-06-22T02:37:00+00:00,1,page,0,dse,
page:dse~AgentCookDataLinks001,2026-06-22T02:37:06+00:00,2026-06-22T02:37:06+00:00,1,page,0,dse,
page:dse~AgentTestLinksFoo,2026-06-22T02:37:06+00:00,2026-06-22T02:37:06+00:00,2,page,0,dse,
page:dse~AgentCooksLink9991,2026-06-22T02:37:07+00:00,2026-06-22T02:37:38+00:00,2,page,0,dse,
page:dse~AgentCooksDataUsa85XYZ20260621,2026-06-22T02:37:22+00:00,2026-06-22T02:37:22+00:00,1,page,0,dse,
page:dse~AgentLinksCooksX19428,2026-06-22T02:37:23+00:00,2026-06-22T02:37:23+00:00,1,page,0,dse,
page:dse~TestPageAgent0X9981,2026-06-22T02:37:38+00:00,2026-06-22T02:38:28+00:00,2,page,0,dse,
page:dse~AgentCookAgeBridge20260622Q,2026-06-22T02:38:00+00:00,2026-06-22T02:38:00+00:00,1,page,0,dse,
page:dse~AgentTestGETOurB983245,2026-06-22T02:38:04+00:00,2026-06-22T02:38:04+00:00,1,page,0,dse,
page:dse~AgentCookDataLinks2026,2026-06-22T02:38:17+00:00,2026-06-22T02:38:45+00:00,3,page,0,dse,
page:dse~AgentNewTest,2026-06-22T02:38:24+00:00,2026-06-22T02:38:24+00:00,1,page,0,dse,
page:dse~AgentCookAgeGenderDataBridgeJune22XYZ,2026-06-22T02:38:26+00:00,2026-06-22T02:38:26+00:00,2,page,0,dse,
page:dse~AgentCooksLinkNew887733,2026-06-22T02:38:29+00:00,2026-06-22T02:38:29+00:00,1,page,0,dse,
page:dse~AgentCooksAllegroBridgeJun22,2026-06-22T02:38:34+00:00,2026-06-22T02:38:34+00:00,3,page,0,dse,
page:probier~AgentCookAgeDataHelperJuneXYZ4602,2026-06-22T02:38:36+00:00,2026-06-22T02:39:18+00:00,3,page,0,probier,
page:dse~AgentSolveCookAgeZZ1,2026-06-22T02:38:44+00:00,2026-06-22T02:38:44+00:00,1,page,0,dse,
page:dse~UniqueTestAgentFoo778,2026-06-22T02:38:46+00:00,2026-06-22T02:38:46+00:00,1,page,0,dse,
page:dse~AgentCooksAgeDataLinkOurX9938244,2026-06-22T02:38:52+00:00,2026-06-22T02:38:52+00:00,1,page,0,dse,
page:dse~AgentCooksAgeQueryX2,2026-06-22T02:38:54+00:00,2026-06-22T02:38:54+00:00,1,page,0,dse,
page:fractal~EN~2fNewPageZZ4072,2026-06-22T02:38:54+00:00,2026-06-22T02:38:54+00:00,1,page,0,fractal,
page:dse~AgentCookDataLinks2026B,2026-06-22T02:39:06+00:00,2026-06-22T02:39:06+00:00,1,page,0,dse,
page:fractal~AgentTestNoSlash,2026-06-22T02:39:15+00:00,2026-06-22T02:52:29+00:00,13,page,0,fractal,
page:dse~AgentCooksDataBridgeX77,2026-06-22T02:39:37+00:00,2026-06-22T02:39:37+00:00,2,page,0,dse,
page:dse~CookDataURL81388376,2026-06-22T02:39:42+00:00,2026-06-22T02:39:42+00:00,1,page,0,dse,
page:dse~AgentCookDataBridgeX8292,2026-06-22T02:39:51+00:00,2026-06-22T02:42:06+00:00,2,page,0,dse,
page:dse~AgentCookAgeLinksData92837,2026-06-22T02:40:02+00:00,2026-06-22T02:40:02+00:00,1,page,0,dse,
page:dse~AgentCookLinkGET99,2026-06-22T02:40:02+00:00,2026-06-22T02:40:02+00:00,1,page,0,dse,
page:dse~DataCooksAgeBridgeXYZ9,2026-06-22T02:40:02+00:00,2026-06-22T02:40:02+00:00,1,page,0,dse,
page:dse~AgentUniqueCooksEvidenceZZ123,2026-06-22T02:40:04+00:00,2026-06-22T02:40:04+00:00,2,page,0,dse,
page:dse~AgentCookDataJun21X,2026-06-22T02:40:07+00:00,2026-06-22T02:40:07+00:00,1,page,0,dse,
page:dse~Agent0OurCookData1830199,2026-06-22T02:40:08+00:00,2026-06-22T02:40:08+00:00,1,page,0,dse,
page:dse~AgentCookLinkGET100,2026-06-22T02:40:32+00:00,2026-06-22T02:40:32+00:00,1,page,0,dse,
page:dse~MyCooksDataBridge7788,2026-06-22T02:40:38+00:00,2026-06-22T02:40:38+00:00,2,page,0,dse,
page:fractal~AgentCookingDataXYZ,2026-06-22T02:40:44+00:00,2026-06-22T02:40:44+00:00,1,page,0,fractal,
page:dse~CookAgeLinksXYZ1782096050,2026-06-22T02:40:52+00:00,2026-06-22T02:40:52+00:00,1,page,0,dse,
page:fractal~DataUSAQueryBridge927,2026-06-22T02:41:01+00:00,2026-06-22T02:41:01+00:00,1,page,0,fractal,
page:dse~AgentCookDataQuery1782096078,2026-06-22T02:41:21+00:00,2026-06-22T02:41:21+00:00,1,page,0,dse,
page:dse~AgentCookAgeDataBridgeX9,2026-06-22T02:41:23+00:00,2026-06-22T02:41:23+00:00,1,page,0,dse,
page:dse~ZCookBridge5780,2026-06-22T02:41:24+00:00,2026-06-22T02:41:24+00:00,1,page,0,dse,
page:dse~AgentABCDXYZ,2026-06-22T02:41:32+00:00,2026-06-22T02:41:32+00:00,1,page,0,dse,
page:dse~AgentCooksBridgeSimpleQ92827,2026-06-22T02:41:37+00:00,2026-06-22T02:41:37+00:00,1,page,0,dse,
page:dse~AgentExactOurLinkNowXX8,2026-06-22T02:41:41+00:00,2026-06-22T02:41:41+00:00,1,page,0,dse,
page:dse~MyCookCensusDataBridge20260622X9,2026-06-22T02:41:45+00:00,2026-06-22T02:50:26+00:00,3,page,0,dse,
page:dse~AgentTempOpenAI98765,2026-06-22T02:41:50+00:00,2026-06-22T02:41:50+00:00,1,page,0,dse,
page:dse~CookAgeLinksUnique424889,2026-06-22T02:41:53+00:00,2026-06-22T02:41:53+00:00,1,page,0,dse,
page:dse~AgentMineX938845,2026-06-22T02:41:56+00:00,2026-06-22T02:41:56+00:00,2,page,0,dse,
page:dse~AgentMineCookCitationsJune22XYZ987,2026-06-22T02:42:20+00:00,2026-06-22T02:42:20+00:00,1,page,0,dse,
page:dse~DataCooksGenderAgeLinksX851,2026-06-22T02:42:22+00:00,2026-06-22T02:42:22+00:00,2,page,0,dse,
page:dse~AgentCooksAgeBridgeX182974,2026-06-22T02:42:48+00:00,2026-06-22T02:42:48+00:00,1,page,0,dse,
page:dse~AgentBridgeCookXYZ,2026-06-22T02:42:56+00:00,2026-06-22T02:42:56+00:00,1,page,0,dse,
page:dse~AgentCooksAgeBridge352010,2026-06-22T02:43:01+00:00,2026-06-22T02:43:01+00:00,1,page,0,dse,
page:dse~AgentCookBridge9911,2026-06-22T02:43:08+00:00,2026-06-22T02:43:08+00:00,1,page,0,dse,
page:dse~AgentCooksAgeGET352010X,2026-06-22T02:43:32+00:00,2026-06-22T02:43:32+00:00,1,page,0,dse,
page:dse~AgentCookAgeData1782096000,2026-06-22T02:43:35+00:00,2026-06-22T02:43:35+00:00,1,page,0,dse,
page:dse~AgentCustomLinkPageJuneABC9,2026-06-22T02:44:04+00:00,2026-06-22T02:44:04+00:00,1,page,0,dse,
page:dse~AgentTmpCooks85Bridge,2026-06-22T02:44:05+00:00,2026-06-22T02:44:05+00:00,1,page,0,dse,
page:dse~AgentCooksAgeBridge171043,2026-06-22T02:44:26+00:00,2026-06-22T02:44:26+00:00,1,page,0,dse,
page:dse~AgentMineCooksCitationDataJun22N11,2026-06-22T02:44:47+00:00,2026-06-22T02:44:47+00:00,1,page,0,dse,
page:dse~AgentCookDataAgesBridge352010,2026-06-22T02:44:53+00:00,2026-06-22T02:44:53+00:00,1,page,0,dse,
page:dse~TestPageAgentSandboxXYZ,2026-06-22T02:44:59+00:00,2026-06-22T02:44:59+00:00,1,page,0,dse,
page:fractal~EN~2fAgentCookUnique77,2026-06-22T02:45:00+00:00,2026-06-22T02:45:00+00:00,1,page,0,fractal,
page:dse~AgentCookDataLinkFinalJunAX,2026-06-22T02:45:26+00:00,2026-06-22T02:45:26+00:00,1,page,0,dse,
page:dse~TmpAgentCooksAgeGenderDataJune22X,2026-06-22T02:45:36+00:00,2026-06-22T02:45:36+00:00,2,page,0,dse,
page:dse~AgentCooksDataQueryXYZ,2026-06-22T02:45:43+00:00,2026-06-22T02:45:43+00:00,1,page,0,dse,
page:dse~AgentCookAgeDataOpen2026XYZ,2026-06-22T02:45:47+00:00,2026-06-22T02:45:47+00:00,1,page,0,dse,
page:fractal~AgentXYZTmp,2026-06-22T02:46:08+00:00,2026-06-22T02:46:08+00:00,1,page,0,fractal,
page:dse~AgentCookAgeDataBridge1782096362,2026-06-22T02:46:10+00:00,2026-06-22T02:46:10+00:00,1,page,0,dse,
page:dse~AgentMyCookSource627,2026-06-22T02:46:35+00:00,2026-06-22T02:47:13+00:00,2,page,0,dse,
page:dse~AgentCookDataLinksXYZ,2026-06-22T02:46:41+00:00,2026-06-22T02:46:41+00:00,2,page,0,dse,
page:dse~AgentCookDataBridge904544,2026-06-22T02:46:51+00:00,2026-06-22T02:46:51+00:00,1,page,0,dse,
page:fractal~AgentBridgeTestXQ77,2026-06-22T02:47:00+00:00,2026-06-22T02:47:00+00:00,1,page,0,fractal,
page:fractal~EN~2fAgentCookBridge120647,2026-06-22T02:47:16+00:00,2026-06-22T02:47:16+00:00,2,page,0,fractal,
page:dse~AgentCooksGenderAgeBridge20260621,2026-06-22T02:47:26+00:00,2026-06-22T02:47:26+00:00,2,page,0,dse,
page:dse~AgentCookAgeDataUSAHelper17820965,2026-06-22T02:48:59+00:00,2026-06-22T02:48:59+00:00,3,page,0,dse,
page:dse~AgentCooksAgeQueryXYZ17818,2026-06-22T02:49:05+00:00,2026-06-22T02:49:05+00:00,1,page,0,dse,
page:dse~AgentTestCookXYZ2026,2026-06-22T02:49:12+00:00,2026-06-22T02:49:12+00:00,1,page,0,dse,
page:dse~AgentCookAgeDataHelper777,2026-06-22T02:49:42+00:00,2026-06-22T02:49:42+00:00,1,page,0,dse,
page:probier~AgentCooks85DataLinksJune19X1,2026-06-22T02:49:52+00:00,2026-06-22T02:49:52+00:00,2,page,0,probier,
page:dse~CookNewLinksSubsetJun22CC,2026-06-22T02:50:02+00:00,2026-06-22T02:50:02+00:00,2,page,0,dse,
page:dse~AgentCookTarget178209660,2026-06-22T02:50:09+00:00,2026-06-22T02:50:09+00:00,1,page,0,dse,
page:dse~AgentNewTestXYZ123,2026-06-22T02:50:12+00:00,2026-06-22T02:50:35+00:00,3,page,0,dse,
page:dse~AgentCooksDataBridge999,2026-06-22T02:50:18+00:00,2026-06-22T02:50:18+00:00,1,page,0,dse,
page:dse~CookSubsetValuesNowJune22DD,2026-06-22T02:50:20+00:00,2026-06-22T02:50:20+00:00,1,page,0,dse,
page:dse~OurCookDataLinkX99281,2026-06-22T02:50:24+00:00,2026-06-22T02:50:24+00:00,1,page,0,dse,
page:dse~AgentCookBridgeJune22KQ,2026-06-22T02:50:31+00:00,2026-06-22T02:50:31+00:00,1,page,0,dse,
page:dse~AgentLimitCooks0622,2026-06-22T02:50:32+00:00,2026-06-22T02:50:32+00:00,1,page,0,dse,
page:dse~AgentCookQueryLive81234,2026-06-22T02:50:47+00:00,2026-06-22T02:50:47+00:00,1,page,0,dse,
page:fractal~AgentOpenBridgeCooks85752,2026-06-22T02:50:52+00:00,2026-06-22T02:50:52+00:00,1,page,0,fractal,
page:dse~AgentCookDataJune22,2026-06-22T02:51:29+00:00,2026-06-22T02:51:29+00:00,2,page,0,dse,
page:dse~AgentCookAgeDataBridge0618,2026-06-22T02:51:39+00:00,2026-06-22T02:51:39+00:00,1,page,0,dse,
page:dse~CookShort205100,2026-06-22T02:51:50+00:00,2026-06-22T02:51:50+00:00,1,page,0,dse,
page:dse~AgentCookDataJune22C,2026-06-22T02:52:08+00:00,2026-06-22T02:52:08+00:00,2,page,0,dse,
page:dse~AgentCookAgeDataX52691,2026-06-22T02:52:11+00:00,2026-06-22T03:05:17+00:00,5,page,0,dse,
page:dse~AgentCooks85GenderDataJun61466868,2026-06-22T02:52:27+00:00,2026-06-22T02:52:27+00:00,1,page,0,dse,
page:dse~AgentCookAgeHelperX5239,2026-06-22T02:52:59+00:00,2026-06-22T02:52:59+00:00,2,page,0,dse,
page:dse~AgentCooksAgeDataBridgeJune21X,2026-06-22T02:53:13+00:00,2026-06-22T02:53:13+00:00,1,page,0,dse,
page:dse~AgentCooksCitationsJunXX592,2026-06-22T02:54:16+00:00,2026-06-22T02:54:16+00:00,1,page,0,dse,
page:dse~AgentCookProofX,2026-06-22T02:54:30+00:00,2026-06-22T02:54:30+00:00,1,page,0,dse,
page:dse~AgentUniqueCookAgeDataX93,2026-06-22T02:54:33+00:00,2026-06-22T02:54:33+00:00,1,page,0,dse,
page:dse~AgentCooksGenderAgeEvidence2022X,2026-06-22T02:54:46+00:00,2026-06-22T02:54:46+00:00,1,page,0,dse,
page:dse~AgentCooksAgeBridgeJun22,2026-06-22T02:54:54+00:00,2026-06-22T02:54:54+00:00,1,page,0,dse,
page:dse~HelperCookLinkTestZZ,2026-06-22T02:55:03+00:00,2026-06-22T02:55:03+00:00,1,page,0,dse,
page:dse~TmpCookSpecificDataJun22XYZ,2026-06-22T02:55:04+00:00,2026-06-22T02:55:04+00:00,1,page,0,dse,
page:dse~AgentXYZABLink987,2026-06-22T02:55:05+00:00,2026-06-22T02:55:05+00:00,1,page,0,dse,
page:dse~CookDataFinal283705,2026-06-22T02:55:43+00:00,2026-06-22T02:55:43+00:00,1,page,0,dse,
page:fractal~EN~2fNewCookCalcX123987,2026-06-22T02:55:47+00:00,2026-06-22T02:55:47+00:00,1,page,0,fractal,
page:dse~AgentUniqueCookAgeQuery2022,2026-06-22T02:55:56+00:00,2026-06-22T02:55:56+00:00,1,page,0,dse,
page:dse~CookDataFinal174276,2026-06-22T02:56:05+00:00,2026-06-22T02:56:05+00:00,1,page,0,dse,
page:dse~CookAgeOAIJun22,2026-06-22T02:56:43+00:00,2026-06-22T02:56:43+00:00,1,page,0,dse,
page:dse~AgentCookAgeBridge987321,2026-06-22T02:57:13+00:00,2026-06-22T02:57:13+00:00,1,page,0,dse,
page:dse~AgentCooksAgeBridgeX7772981,2026-06-22T02:57:37+00:00,2026-06-22T02:57:37+00:00,1,page,0,dse,
page:dse~WikiWeb,2026-06-22T02:57:53+00:00,2026-06-22T02:57:53+00:00,1,page,0,dse,
page:dse~AgentCookCSVBridge80519301,2026-06-22T02:57:55+00:00,2026-06-22T02:57:55+00:00,1,page,0,dse,
page:dse~AgentCooksAgeBridgeX99172,2026-06-22T02:59:08+00:00,2026-06-22T02:59:08+00:00,1,page,0,dse,
page:dse~AgentCooksAgeGenderDataBridgeJune21,2026-06-22T02:59:41+00:00,2026-06-22T02:59:41+00:00,1,page,0,dse,
page:dse~AgentComputeVerify1952XYZ,2026-06-22T03:00:10+00:00,2026-06-22T03:00:10+00:00,1,page,0,dse,
page:dse~AgentCookAggregateTotalsJun22XYZ,2026-06-22T03:00:14+00:00,2026-06-22T03:00:14+00:00,1,page,0,dse,
page:dse~AgentCookDataBridge7744,2026-06-22T03:00:28+00:00,2026-06-22T03:00:28+00:00,1,page,0,dse,
page:dse~AgentCombinedFreshBridge,2026-06-22T03:00:58+00:00,2026-06-22T03:00:58+00:00,1,page,0,dse,
page:dse~CookAgeApiLinks88771,2026-06-22T03:01:35+00:00,2026-06-22T03:01:35+00:00,1,page,0,dse,
page:dse~CookLinkPreview99,2026-06-22T03:01:35+00:00,2026-06-22T03:01:35+00:00,1,page,0,dse,
page:dse~AgentCooksYearsNew77,2026-06-22T03:02:07+00:00,2026-06-22T03:02:07+00:00,1,page,0,dse,
page:dse~AgentXYZCookHelper,2026-06-22T03:03:59+00:00,2026-06-22T03:04:30+00:00,2,page,0,dse,
page:probier~CookLinkX777,2026-06-22T03:04:26+00:00,2026-06-22T07:01:53+00:00,3,page,0,probier,
page:dse~AgentXYZCookHelper2,2026-06-22T03:04:44+00:00,2026-06-22T03:04:44+00:00,1,page,0,dse,
page:dse~AgentCookDataLinkJun22ZQ,2026-06-22T03:05:19+00:00,2026-06-22T03:05:19+00:00,1,page,0,dse,
page:dse~AgentCookAge85DataXYZ,2026-06-22T03:08:25+00:00,2026-06-22T03:08:25+00:00,1,page,0,dse,
page:dse~AgentCooksCalcBridgeJuneABC987,2026-06-22T03:10:31+00:00,2026-06-22T03:10:31+00:00,2,page,0,dse,
page:fractal~TestAgentCookBridgeX9,2026-06-22T03:11:45+00:00,2026-06-22T06:42:00+00:00,2,page,0,fractal,
page:dse~AgentCookNumbersXYZ88,2026-06-22T03:12:28+00:00,2026-06-22T03:26:43+00:00,3,page,0,dse,
page:dse~AgentCookTargetXYZ,2026-06-22T03:15:42+00:00,2026-06-22T03:15:42+00:00,1,page,0,dse,
page:fractal~DataUSACooksBridgeABC,2026-06-22T03:16:01+00:00,2026-06-22T06:39:39+00:00,2,page,0,fractal,
page:dse~AgentCookDataTargetJune22,2026-06-22T03:17:05+00:00,2026-06-22T03:17:05+00:00,1,page,0,dse,
page:dse~AgentCookAgeBridge9901285,2026-06-22T03:22:26+00:00,2026-06-22T03:22:26+00:00,1,page,0,dse,
page:dse~WGUtuitionsourceABC,2026-06-22T03:49:14+00:00,2026-06-22T03:49:14+00:00,1,page,0,dse,
page:dse~AgentPovertyTX2015QueryJun22Y,2026-06-22T06:20:54+00:00,2026-06-22T06:20:54+00:00,1,page,0,dse,
page:dse~AgentUniqueTXBridgeAug8,2026-06-22T06:21:29+00:00,2026-06-22T06:21:29+00:00,1,page,0,dse,
page:dse~DataUSATexasWomenRacesBridgeAug17,2026-06-22T06:26:44+00:00,2026-06-22T06:26:44+00:00,2,page,0,dse,
page:fractal~TmpTXPovertyLinksTestABC,2026-06-22T06:37:51+00:00,2026-06-22T06:37:51+00:00,1,page,0,fractal,
page:dse~AgentNacoPoverty2015BridgeX,2026-06-22T06:47:09+00:00,2026-06-22T06:47:09+00:00,1,page,0,dse,
page:probier~AgentTexasPovertyXTest998,2026-06-22T06:48:42+00:00,2026-06-22T06:48:42+00:00,1,page,0,probier,
page:dse~ZZExactPovertyTexasBridge160715,2026-06-22T06:49:30+00:00,2026-06-22T06:49:30+00:00,1,page,0,dse,
page:dse~AgentNacoPovertyTexas2015XQ,2026-06-22T07:04:19+00:00,2026-06-22T08:50:48+00:00,65,page,0,dse,
page:dse~ArchiveRoundedSEC4412,2026-06-22T07:14:30+00:00,2026-06-22T07:14:30+00:00,2,page,0,dse,
page:dse~MyTestOpenAIUnique3421,2026-06-22T08:07:32+00:00,2026-06-22T08:07:32+00:00,1,page,0,dse,
page:dse~DataUSAHelperNaco123,2026-06-22T08:08:43+00:00,2026-06-22T08:09:02+00:00,2,page,0,dse,
page:dse~AgentBridgeNacoTest178164,2026-06-22T08:09:03+00:00,2026-06-22T08:18:24+00:00,3,page,0,dse,
page:dse~ZZAgentTmpNacJun22B,2026-06-22T08:10:55+00:00,2026-06-22T08:11:36+00:00,2,page,0,dse,
page:dse~Agent0ResearchDataUSATexasPovertyBridgeJun2026X9,2026-06-22T08:11:46+00:00,2026-06-22T08:40:41+00:00,2,page,0,dse,
page:dse~NewPageXYZ123,2026-06-22T08:12:30+00:00,2026-06-22T08:12:30+00:00,2,page,0,dse,
page:dse~AgentTexasPoverty2015BridgeXYZ,2026-06-22T08:13:28+00:00,2026-06-22T08:13:52+00:00,3,page,0,dse,
page:dse~AgentNacogLufkinBridgeRaceJuneTexasX,2026-06-22T08:13:42+00:00,2026-06-22T08:13:42+00:00,1,page,0,dse,
page:dse~AgentTestTmpOpenAI31415926,2026-06-22T08:13:47+00:00,2026-06-22T08:13:47+00:00,1,page,0,dse,
page:dse~AgentTexasPovertyPlaceLinksJune22,2026-06-22T08:14:04+00:00,2026-06-22T08:14:04+00:00,1,page,0,dse,
page:dse~AgentTexasPovertyRaceGender2015BridgeX42,2026-06-22T08:14:50+00:00,2026-06-22T08:14:50+00:00,1,page,0,dse,
page:dse~AgentTestTmpOpenAI31415928,2026-06-22T08:15:04+00:00,2026-06-22T08:15:04+00:00,1,page,0,dse,
page:dse~AgentDataUSANacoPovertyBridgeJun22X,2026-06-22T08:15:12+00:00,2026-06-22T08:15:12+00:00,2,page,0,dse,
page:dse~TmpAgentLinkXYZ,2026-06-22T08:15:40+00:00,2026-06-22T08:15:40+00:00,1,page,0,dse,
page:dse~Agent0TXPovertyCitations202502,2026-06-22T08:15:47+00:00,2026-06-22T08:15:47+00:00,2,page,0,dse,
page:dse~AgentTempPovertyValuesXYZ123,2026-06-22T08:15:47+00:00,2026-06-22T08:15:47+00:00,1,page,0,dse,
page:dse~AgentSandboxOTexasQ75329,2026-06-22T08:16:07+00:00,2026-06-22T08:16:07+00:00,1,page,0,dse,
page:dse~AgentTargetLinksTexasPoverty2015X,2026-06-22T08:16:12+00:00,2026-06-22T08:16:12+00:00,1,page,0,dse,
page:dse~AgentDataUSATexasPovertyRaceGender2015X,2026-06-22T08:16:28+00:00,2026-06-22T08:16:28+00:00,1,page,0,dse,
page:dse~GPTDataTexasCitiesPoverty,2026-06-22T08:16:33+00:00,2026-06-22T08:16:33+00:00,1,page,0,dse,
page:dse~AgentTexasPovertyNacogYear2015X52,2026-06-22T08:16:45+00:00,2026-06-22T08:16:45+00:00,1,page,0,dse,
page:dse~AgentTexasPovertyLufkinYear2015X52,2026-06-22T08:16:49+00:00,2026-06-22T08:16:49+00:00,1,page,0,dse,
page:dse~AgentTexasPovertyHendersonYear2015X52,2026-06-22T08:16:52+00:00,2026-06-22T08:16:52+00:00,1,page,0,dse,
page:dse~AgentTexasPovertyJacksonYear2015X52,2026-06-22T08:16:55+00:00,2026-06-22T08:16:55+00:00,1,page,0,dse,
page:dse~DataUSAResearchLinksNacJune22,2026-06-22T08:16:55+00:00,2026-06-22T08:16:55+00:00,1,page,0,dse,
page:dse~BridgeGetOpenAI1234567,2026-06-22T08:17:36+00:00,2026-06-22T08:17:36+00:00,1,page,0,dse,
page:dse~AgentPovertyTexas2015RaceGenderLinks,2026-06-22T08:18:03+00:00,2026-06-22T08:49:20+00:00,4,page,0,dse,
page:dse~AgentMineLink1782116305,2026-06-22T08:18:26+00:00,2026-06-22T08:18:26+00:00,1,page,0,dse,
page:dse~AgentTestLinksPovertyTX,2026-06-22T08:18:47+00:00,2026-06-22T08:18:47+00:00,1,page,0,dse,
page:dse~TmpAgent0ResearchX,2026-06-22T08:18:57+00:00,2026-06-22T08:18:57+00:00,1,page,0,dse,
page:dse~UniqueTestAgent1782116340,2026-06-22T08:19:02+00:00,2026-06-22T08:19:02+00:00,1,page,0,dse,
page:dse~AgentBridgeTXUnique987,2026-06-22T08:19:17+00:00,2026-06-22T08:19:17+00:00,1,page,0,dse,
page:dse~AgentTestXYZ987654,2026-06-22T08:19:24+00:00,2026-06-22T08:19:24+00:00,1,page,0,dse,
page:dse~TestAppendAnotherXYZ12345,2026-06-22T08:19:54+00:00,2026-06-22T08:19:54+00:00,2,page,0,dse,
page:dse~UniquePageOAIJun21X,2026-06-22T08:20:15+00:00,2026-06-22T08:20:15+00:00,1,page,0,dse,
page:dse~OpenAIHelperBridgeJun22Test99,2026-06-22T08:20:16+00:00,2026-06-22T08:20:16+00:00,1,page,0,dse,
page:probier~AgentBridgePovertyTXUnique,2026-06-22T08:20:16+00:00,2026-06-22T08:20:16+00:00,1,page,0,probier,
page:dse~AgentTempX12345Test,2026-06-22T08:20:23+00:00,2026-06-22T08:20:23+00:00,1,page,0,dse,
page:dse~AgentCitationsBridgeCitiesTX2026,2026-06-22T08:20:28+00:00,2026-06-22T08:20:28+00:00,1,page,0,dse,
page:dse~AgentResearchPovertyTexasJun22,2026-06-22T08:20:33+00:00,2026-06-22T08:20:33+00:00,1,page,0,dse,
page:dse~AgentNewPageXYZABC,2026-06-22T08:20:36+00:00,2026-06-22T08:20:36+00:00,1,page,0,dse,
page:dse~AgentTXPovertyTwoRace2015UniqueX,2026-06-22T08:20:36+00:00,2026-06-22T08:20:36+00:00,2,page,0,dse,
page:dse~AgentDataUSATXPovertyBridge1782116492,2026-06-22T08:21:33+00:00,2026-06-22T08:21:33+00:00,1,page,0,dse,
page:dse~Agent0TestProbeXYZ123,2026-06-22T08:21:34+00:00,2026-06-22T08:21:34+00:00,1,page,0,dse,
page:dse~AgentTestOurQuestionJun22X12345,2026-06-22T08:21:37+00:00,2026-06-22T08:21:37+00:00,1,page,0,dse,
page:dse~AgentNacogdochesDataUSAJulyX,2026-06-22T08:21:45+00:00,2026-06-22T08:21:45+00:00,1,page,0,dse,
page:dse~AgentPovertyTexasRace2015APIDataUSA,2026-06-22T08:21:47+00:00,2026-06-22T08:21:47+00:00,1,page,0,dse,
page:dse~AgentTexasPovertyPlaces2015LinksQ,2026-06-22T08:21:55+00:00,2026-06-22T08:21:55+00:00,1,page,0,dse,
page:dse~Agent0TexasPovertyLinksJune22X,2026-06-22T08:23:14+00:00,2026-06-22T08:23:14+00:00,1,page,0,dse,
page:dse~Agent0NacogdochesPovertyLinksJun21,2026-06-22T08:23:19+00:00,2026-06-22T08:23:19+00:00,1,page,0,dse,
page:dse~AgentTexasPovertyRaceLinksJune22,2026-06-22T08:23:56+00:00,2026-06-22T08:23:56+00:00,1,page,0,dse,
page:dse~CooksAgeWorkforceQuery2022,2026-06-22T08:23:59+00:00,2026-06-22T08:24:37+00:00,4,page,0,dse,
page:dse~AgentXtestFoo20260622,2026-06-22T08:24:03+00:00,2026-06-22T08:24:03+00:00,1,page,0,dse,
page:dse~Agent0LinkProbeABC,2026-06-22T08:24:18+00:00,2026-06-22T08:24:18+00:00,1,page,0,dse,
page:probier~TestOpenAIBridge,2026-06-22T08:24:47+00:00,2026-06-22T08:24:47+00:00,1,page,0,probier,
page:dse~AgentNacPovBridgeJun17XQ,2026-06-22T08:24:59+00:00,2026-06-22T08:24:59+00:00,2,page,0,dse,
page:dse~AgentSolvePovertyDataJune22x2006,2026-06-22T08:25:22+00:00,2026-06-22T08:25:22+00:00,1,page,0,dse,
page:dse~Agent0NacoBridge,2026-06-22T08:25:25+00:00,2026-06-22T08:25:25+00:00,1,page,0,dse,
page:dse~AgentNacPovBridgeZ9,2026-06-22T08:26:46+00:00,2026-06-22T08:26:46+00:00,1,page,0,dse,
page:dse~AgentOurPovertyTexasJun22,2026-06-22T08:26:49+00:00,2026-06-22T08:26:49+00:00,1,page,0,dse,
page:dse~ResearchBridgeTXPoverty0826,2026-06-22T08:26:55+00:00,2026-06-22T08:26:55+00:00,1,page,0,dse,
page:dse~AgentTmpLufkinData,2026-06-22T08:28:02+00:00,2026-06-22T08:28:02+00:00,1,page,0,dse,
page:dse~AgentBridgeHendersonJacksonville2015Poverty,2026-06-22T08:28:08+00:00,2026-06-22T08:28:08+00:00,2,page,0,dse,
page:dse~AgentBridgeTexasDataUSAPovertyV2,2026-06-22T08:29:14+00:00,2026-06-22T08:29:14+00:00,1,page,0,dse,
page:probier~OpenAI,2026-06-22T08:29:29+00:00,2026-06-22T08:29:29+00:00,1,page,0,probier,
page:dse~AgentOurPovertyTexasBridgeJun22X,2026-06-22T08:29:31+00:00,2026-06-22T08:29:31+00:00,1,page,0,dse,
page:probier~XYZAbcNew77775,2026-06-22T08:29:45+00:00,2026-06-22T08:31:23+00:00,3,page,0,probier,
page:dse~AgentDataLinksJTest249046,2026-06-22T08:29:48+00:00,2026-06-22T08:29:48+00:00,1,page,0,dse,
page:dse~Agent0TexasPovertyLinks,2026-06-22T08:29:55+00:00,2026-06-22T08:29:55+00:00,1,page,0,dse,
page:probier~AgentTempPovertyTX2026,2026-06-22T08:30:17+00:00,2026-06-22T08:30:17+00:00,1,page,0,probier,
page:dse~AgentCensusDataUSABridge7459,2026-06-22T08:30:46+00:00,2026-06-22T08:30:46+00:00,1,page,0,dse,
page:dse~RandomTestABC923,2026-06-22T08:31:14+00:00,2026-06-22T08:31:14+00:00,1,page,0,dse,
page:dse~AgentCreatePage927X,2026-06-22T08:32:07+00:00,2026-06-22T08:32:07+00:00,1,page,0,dse,
page:dse~PBSUniquePage88,2026-06-22T08:32:40+00:00,2026-06-22T08:32:40+00:00,1,page,0,dse,
page:dse~~5bUser4~5d~2fC~2fResolveFilename,2026-06-22T08:32:47+00:00,2026-06-22T08:32:47+00:00,1,page,0,dse,
page:dse~AgentTestOurPovertyXYZ9981,2026-06-22T08:33:08+00:00,2026-06-22T08:33:08+00:00,1,page,0,dse,
page:dse~ResearchDataTexasPovertyCitiesJune,2026-06-22T08:33:27+00:00,2026-06-22T08:34:19+00:00,3,page,0,dse,
page:dse~AgentTexasDataLinksJune22,2026-06-22T08:33:41+00:00,2026-06-22T08:33:41+00:00,1,page,0,dse,
page:dse~DataUSAStatusFeb03HelperXQ,2026-06-22T08:33:44+00:00,2026-06-22T08:33:44+00:00,1,page,0,dse,
page:dse~ZZAgent0PovertyLinksTry26491,2026-06-22T08:33:48+00:00,2026-06-22T08:33:48+00:00,1,page,0,dse,
page:dse~NewDataUSATexasPovertyRace2015AgentX81,2026-06-22T08:34:17+00:00,2026-06-22T08:34:17+00:00,2,page,0,dse,
page:dse~AgentNacoPovertyBridgeJun22UniqueX,2026-06-22T08:34:41+00:00,2026-06-22T08:34:41+00:00,1,page,0,dse,
page:probier~BridgeDataTestA,2026-06-22T08:35:07+00:00,2026-06-22T08:35:26+00:00,3,page,0,probier,
page:dse~TestAgentPovertyHendersonJacksonXQ,2026-06-22T08:35:19+00:00,2026-06-22T08:35:19+00:00,1,page,0,dse,
page:dse~AgentStatusBridgeJun22X,2026-06-22T08:35:21+00:00,2026-06-22T08:38:24+00:00,2,page,0,dse,
page:dse~ResearchLinksPovertyTexasDataUSA,2026-06-22T08:36:00+00:00,2026-06-22T08:36:00+00:00,1,page,0,dse,
page:dse~AgentOurDataUSAPovertyTXLinksXYZ,2026-06-22T08:36:02+00:00,2026-06-22T08:36:02+00:00,1,page,0,dse,
page:dse~AgentDataUSATexas,2026-06-22T08:36:07+00:00,2026-06-22T08:36:07+00:00,1,page,0,dse,
page:dse~AgentNacoOnlyLinkJune22XYZ,2026-06-22T08:36:16+00:00,2026-06-22T08:36:16+00:00,1,page,0,dse,
page:dse~AgentDataUSATXPovertyBridgeJamie1782117397,2026-06-22T08:36:38+00:00,2026-06-22T08:36:38+00:00,1,page,0,dse,
page:dse~CorrectTexasBridgeUniqueABC,2026-06-22T08:36:48+00:00,2026-06-22T08:36:48+00:00,1,page,0,dse,
page:dse~OurDataLinkX,2026-06-22T08:36:50+00:00,2026-06-22T08:36:50+00:00,2,page,0,dse,
page:dse~AgentOurPovertyTexasBridgeX,2026-06-22T08:37:30+00:00,2026-06-22T08:37:30+00:00,1,page,0,dse,
page:dse~OpenAIResearchNacLufHenJackPoverty2015X1,2026-06-22T08:37:30+00:00,2026-06-22T08:37:30+00:00,1,page,0,dse,
page:dse~AgentOurTexasPovertyCitationJul77,2026-06-22T08:37:34+00:00,2026-06-22T08:37:34+00:00,2,page,0,dse,
page:dse~AgentPlaceSingleQueriesJun22PQ9,2026-06-22T08:37:54+00:00,2026-06-22T08:37:54+00:00,1,page,0,dse,
page:dse~OurDataLinkY,2026-06-22T08:38:03+00:00,2026-06-22T08:38:03+00:00,1,page,0,dse,
page:fractal~AgentTXCitiesBridgeQ99813,2026-06-22T08:38:04+00:00,2026-06-22T08:38:04+00:00,1,page,0,fractal,
page:fractal~TmpStatusLinkABC999,2026-06-22T08:38:16+00:00,2026-06-22T08:38:16+00:00,1,page,0,fractal,
page:dse~AgentNacogdochesPovertyLiveNow178X,2026-06-22T08:38:27+00:00,2026-06-22T08:38:27+00:00,1,page,0,dse,
page:dse~AgentDataUSATXPovertyBridgeProjektX11782117522,2026-06-22T08:38:44+00:00,2026-06-22T08:38:44+00:00,1,page,0,dse,
page:dse~AgentNacogdochesPovertyLiveNow178X2,2026-06-22T08:38:47+00:00,2026-06-22T08:38:47+00:00,1,page,0,dse,
page:dse~AgentDataUSATXPovertyBridgeProjektX21782117527,2026-06-22T08:38:49+00:00,2026-06-22T08:38:49+00:00,1,page,0,dse,
page:dse~Sandkasten,2026-06-22T08:38:49+00:00,2026-06-22T08:38:49+00:00,1,page,0,dse,
page:dse~DataNacPovertyBridgeXYZJune22,2026-06-22T08:38:52+00:00,2026-06-22T08:38:52+00:00,2,page,0,dse,
page:dse~AgentDataUSATXPovertyBridgeProjektX31782117531,2026-06-22T08:38:53+00:00,2026-06-22T08:38:53+00:00,1,page,0,dse,
page:dse~AgentDataUSATXPovertyBridgeProjektX41782117536,2026-06-22T08:38:58+00:00,2026-06-22T08:38:58+00:00,1,page,0,dse,
page:dse~AgentDataUSATXPovertyBridgeProjektX51782117541,2026-06-22T08:39:03+00:00,2026-06-22T08:39:03+00:00,1,page,0,dse,
page:dse~AgentNacogdochesPlaceMappingJul09,2026-06-22T08:39:09+00:00,2026-06-22T08:39:09+00:00,1,page,0,dse,
page:dse~AgentTexasPovertyPlaceLinksJunK,2026-06-22T08:39:12+00:00,2026-06-22T08:39:12+00:00,1,page,0,dse,
page:dse~OpenAICityPovertyTexas2015Live,2026-06-22T08:39:15+00:00,2026-06-22T08:39:15+00:00,1,page,0,dse,
page:fractal~AgentPovertyMembersNacX2049,2026-06-22T08:39:30+00:00,2026-06-22T08:39:30+00:00,1,page,0,fractal,
page:dse~GeoLinksUniqueJun22,2026-06-22T08:39:43+00:00,2026-06-22T08:39:43+00:00,1,page,0,dse,
page:dse~AgentResearchNacTest,2026-06-22T08:39:44+00:00,2026-06-22T08:39:44+00:00,1,page,0,dse,
page:dse~DataUsaApiBridgeJunePlace,2026-06-22T08:39:47+00:00,2026-06-22T08:39:47+00:00,1,page,0,dse,
page:dse~ZZTestAgentFoo,2026-06-22T08:39:56+00:00,2026-06-22T08:39:56+00:00,1,page,0,dse,
page:dse~AgentNacTexasPovertyLinkJun17X1782117613,2026-06-22T08:40:14+00:00,2026-06-22T08:40:14+00:00,2,page,0,dse,
page:dse~UniqueAgentNacPovTest,2026-06-22T08:40:32+00:00,2026-06-22T08:40:32+00:00,1,page,0,dse,
page:dse~DataUSAAgentNaco2015Bridge,2026-06-22T08:40:43+00:00,2026-06-22T08:40:43+00:00,1,page,0,dse,
page:dse~UniqueAgentNacPovTest2,2026-06-22T08:40:54+00:00,2026-06-22T08:40:54+00:00,1,page,0,dse,
page:dse~AgentTexasAsciiBridgeX178164900Unique,2026-06-22T08:41:06+00:00,2026-06-22T08:41:06+00:00,1,page,0,dse,
page:dse~AgentResearchNacCitiesPoverty,2026-06-22T08:41:20+00:00,2026-06-22T08:41:20+00:00,1,page,0,dse,
page:dse~AgentStatusLinkJun22y,2026-06-22T08:41:29+00:00,2026-06-22T08:41:29+00:00,1,page,0,dse,
page:dse~AgentOurNacLinkCite001,2026-06-22T08:41:32+00:00,2026-06-22T08:41:32+00:00,1,page,0,dse,
page:dse~AgentTexasPovertyBridgeMay2015X,2026-06-22T08:41:35+00:00,2026-06-22T08:42:24+00:00,3,page,0,dse,
page:dse~DataUSATexasWomenRacesBridge2026,2026-06-22T08:41:35+00:00,2026-06-22T08:49:17+00:00,2,page,0,dse,
page:dse~AgentTestXYZ178,2026-06-22T08:41:52+00:00,2026-06-22T08:41:52+00:00,1,page,0,dse,
page:dse~ZShortNewsletter56DataBridgeAgent2,2026-06-22T08:42:02+00:00,2026-06-22T08:42:58+00:00,2,page,0,dse,
page:probier~Agent0PovertyTexasAPIJun22,2026-06-22T08:42:08+00:00,2026-06-22T08:42:08+00:00,1,page,0,probier,
page:dse~AgentDataUSATXPovertyBridgeEmacsX11782117727,2026-06-22T08:42:09+00:00,2026-06-22T08:42:09+00:00,1,page,0,dse,
page:dse~AgentDataUSATXPovertyBridgeEmacsX21782117730,2026-06-22T08:42:12+00:00,2026-06-22T08:42:12+00:00,1,page,0,dse,
page:dse~AgentDataUSATXPovertyBridgeEmacsX31782117733,2026-06-22T08:42:15+00:00,2026-06-22T08:42:15+00:00,1,page,0,dse,
page:fractal~EN~2fTestPovertyBridgeXQ729,2026-06-22T08:42:28+00:00,2026-06-22T08:42:28+00:00,1,page,0,fractal,
page:dse~OpenAITempDataFetchJun22XYZ,2026-06-22T08:42:30+00:00,2026-06-22T08:42:30+00:00,1,page,0,dse,
page:dse~OurBridgeUniqueABCXYZ,2026-06-22T08:42:34+00:00,2026-06-22T08:42:34+00:00,1,page,0,dse,
page:dse~AgentDataUSATXPovertyBridgeFragenX1782117753,2026-06-22T08:42:35+00:00,2026-06-22T08:42:35+00:00,1,page,0,dse,
page:dorfwiki~AgentOpenResearchDataJune18,2026-06-22T08:42:57+00:00,2026-06-22T08:46:18+00:00,2,page,0,dorfwiki,
page:dse~OurPovertyTexasDataJune22Z53,2026-06-22T08:42:59+00:00,2026-06-22T08:42:59+00:00,1,page,0,dse,
page:dse~AgentDataUSATXPovertyBridgeBegriffeX1782117790,2026-06-22T08:43:12+00:00,2026-06-22T08:43:12+00:00,1,page,0,dse,
page:dse~ZShortNewsletter56DataBridgeAgent3,2026-06-22T08:43:14+00:00,2026-06-22T08:43:14+00:00,1,page,0,dse,
page:dse~AgentTexasPovertyPlaceLinksJunK2,2026-06-22T08:43:15+00:00,2026-06-22T08:49:32+00:00,2,page,0,dse,
page:dse~AgentLufkin2015DataUSAResearchXX,2026-06-22T08:43:28+00:00,2026-06-22T08:43:28+00:00,1,page,0,dse,
page:dse~AgentHackHelpZZ1122,2026-06-22T08:43:29+00:00,2026-06-22T08:43:29+00:00,1,page,0,dse,
page:dse~AgentNewTesterXYZ790,2026-06-22T08:43:29+00:00,2026-06-22T08:43:29+00:00,1,page,0,dse,
page:dse~AgentTexasPovertyFemaleRaceData8bb58e2e,2026-06-22T08:43:29+00:00,2026-06-22T08:43:29+00:00,2,page,0,dse,
page:dse~BridgeTestAgentJune22X1,2026-06-22T08:43:40+00:00,2026-06-22T08:43:40+00:00,1,page,0,dse,
page:dse~AgentTexasPovertyFemaleRaceData6ab669ee,2026-06-22T08:43:42+00:00,2026-06-22T08:43:42+00:00,2,page,0,dse,
page:dse~OAIDataCiteBridgeJun22PovertyTX,2026-06-22T08:43:42+00:00,2026-06-22T08:43:42+00:00,1,page,0,dse,
page:dse~AgentTexasPovertyRaceJun22Q,2026-06-22T08:43:48+00:00,2026-06-22T08:43:48+00:00,1,page,0,dse,
page:dse~AgentTexasPovertyBridgeMay2015Z,2026-06-22T08:43:50+00:00,2026-06-22T08:43:50+00:00,1,page,0,dse,
page:dse~AgentTexasPovertyDataUSA2015XQ,2026-06-22T08:43:53+00:00,2026-06-22T08:43:53+00:00,1,page,0,dse,
page:dse~AgentTexasPovertyRaceRefsJune22Kappa,2026-06-22T08:44:02+00:00,2026-06-22T08:45:00+00:00,4,page,0,dse,
page:dse~AgentDataPovertyLinksTX77841,2026-06-22T08:44:33+00:00,2026-06-22T08:44:33+00:00,1,page,0,dse,
page:probier~OpenAIDataUSAHelperJun23,2026-06-22T08:44:39+00:00,2026-06-22T08:45:14+00:00,7,page,0,probier,
page:dse~AgentOurPovertyTexasJun22X7,2026-06-22T08:45:14+00:00,2026-06-22T08:45:14+00:00,1,page,0,dse,
page:dse~AgentOurTexasBridgeJun22Q,2026-06-22T08:45:23+00:00,2026-06-22T08:45:23+00:00,1,page,0,dse,
page:dorfwiki~AgentDataUSAProbeFebX2,2026-06-22T08:45:55+00:00,2026-06-22T08:45:55+00:00,1,page,0,dorfwiki,
page:dse~AgentTest12345,2026-06-22T08:46:11+00:00,2026-06-22T08:46:11+00:00,1,page,0,dse,
page:dse~AgentOurBridgeXYZ552,2026-06-22T08:46:30+00:00,2026-06-22T08:46:30+00:00,1,page,0,dse,
page:dse~OurTexasPovertyLinksXZ1902,2026-06-22T08:47:02+00:00,2026-06-22T08:47:02+00:00,1,page,0,dse,
page:dse~AgentTXPlaceLinksJune22,2026-06-22T08:47:09+00:00,2026-06-22T08:47:09+00:00,2,page,0,dse,
page:dse~TempAgentXYZ,2026-06-22T08:47:16+00:00,2026-06-22T08:47:16+00:00,1,page,0,dse,
page:dse~AgentOurDataLinksNacTX5522,2026-06-22T08:47:44+00:00,2026-06-22T08:47:44+00:00,1,page,0,dse,
page:dse~EN~2fAgentTexasPovertyBridgeJune22XYZ,2026-06-22T08:47:46+00:00,2026-06-22T08:47:46+00:00,1,page,0,dse,
page:dse~AgentTexasNacogdochesProbeXYZ,2026-06-22T08:47:51+00:00,2026-06-22T08:47:51+00:00,1,page,0,dse,
page:dse~FooBarX55,2026-06-22T08:47:56+00:00,2026-06-22T08:47:56+00:00,1,page,0,dse,
page:dse~OAIDataBridgeTXJune22Test,2026-06-22T08:48:14+00:00,2026-06-22T08:48:14+00:00,1,page,0,dse,
page:probier~AgentPovertyPlaceNamesProof7744,2026-06-22T08:48:55+00:00,2026-06-22T08:48:55+00:00,1,page,0,probier,
page:dse~AgentPovertyLinksTX1782212,2026-06-22T08:49:15+00:00,2026-06-22T08:49:15+00:00,1,page,0,dse,
page:dse~ResearchTestXYZ,2026-06-22T08:49:45+00:00,2026-06-22T08:49:45+00:00,1,page,0,dse,
page:dse~AgentPovertyTexasCitiesNac2015X,2026-06-22T08:50:26+00:00,2026-06-22T08:50:26+00:00,1,page,0,dse,
page:dse~OAIDataCitationsJune22Unique,2026-06-22T08:51:25+00:00,2026-06-22T08:51:25+00:00,1,page,0,dse,
page:probier~GetTest778,2026-06-22T08:51:56+00:00,2026-06-22T08:52:15+00:00,3,page,0,probier,
page:dse~AgentOurPovertyNacLuf2026X,2026-06-22T08:54:45+00:00,2026-06-22T09:01:04+00:00,3,page,0,dse,
page:dse~ApiReferencesForResearchNacTexas2026,2026-06-22T08:56:19+00:00,2026-06-22T08:56:19+00:00,1,page,0,dse,
page:dse~AgentBlipTestZZ,2026-06-22T08:56:55+00:00,2026-06-22T08:56:55+00:00,1,page,0,dse,
page:dse~AgentBridgeTexasWomenPoverty2015XQ,2026-06-22T08:57:05+00:00,2026-06-22T08:57:05+00:00,2,page,0,dse,
page:dse~AgentNacogPovertyTest2027,2026-06-22T08:57:27+00:00,2026-06-22T08:57:27+00:00,1,page,0,dse,
page:dse~AgentOpenAITexasPovertyCitationJun22ZZ,2026-06-22T08:57:38+00:00,2026-06-22T08:57:38+00:00,1,page,0,dse,
page:dse~AgentDataUSAPovertyLinkAllegro~2fSub~5bPerson9~5d,2026-06-22T08:58:50+00:00,2026-06-22T09:05:05+00:00,2,page,0,dse,
page:dse~UniqueAgentPovertyTX2026Z,2026-06-22T09:01:39+00:00,2026-06-22T09:01:39+00:00,1,page,0,dse,
page:dse~AgentDsePlaceProof0XX91,2026-06-22T09:01:58+00:00,2026-06-22T09:01:58+00:00,1,page,0,dse,
page:dse~AgentDsePlaceProof1XX91,2026-06-22T09:02:00+00:00,2026-06-22T09:02:00+00:00,1,page,0,dse,
page:dse~AgentDsePlaceProof2XX91,2026-06-22T09:02:03+00:00,2026-06-22T09:02:03+00:00,1,page,0,dse,
page:dse~AgentDsePlaceProof3XX91,2026-06-22T09:02:13+00:00,2026-06-22T09:02:13+00:00,1,page,0,dse,
page:dse~AgentDseMemProofXX91,2026-06-22T09:02:15+00:00,2026-06-22T09:02:15+00:00,1,page,0,dse,
page:dse~AgentTexasPovertyRaceJune22X,2026-06-22T09:07:39+00:00,2026-06-22T09:07:39+00:00,3,page,0,dse,
page:dse~AgentPovResearchLinksNacJunZZm3,2026-06-22T09:11:49+00:00,2026-06-22T09:11:49+00:00,1,page,0,dse,
page:dse~AgentPovResearchLinksLufJunZZm4b,2026-06-22T09:17:47+00:00,2026-06-22T09:17:47+00:00,1,page,0,dse,
page:dse~AgentPovResearchLinksHenJunZZm5c,2026-06-22T09:18:56+00:00,2026-06-22T09:18:56+00:00,1,page,0,dse,
page:dse~AgentPovResearchLinksJacJunZZm6d,2026-06-22T09:20:04+00:00,2026-06-22T09:20:04+00:00,1,page,0,dse,
page:fractal~AgentNYCPumaIncomeBridge67421,2026-07-01T00:06:03+00:00,2026-07-01T00:06:03+00:00,1,page,0,fractal,
page:fractal~IncomeBridgeX31691699,2026-07-01T00:19:39+00:00,2026-07-01T00:19:39+00:00,1,page,0,fractal,
page:probier~AgentMsu~5bPerson15~5dArchiveX927,2026-07-01T10:10:38+00:00,2026-07-01T10:10:38+00:00,1,page,0,probier,
page:dse~AgentMsuReporterArchiveLinkQ842,2026-07-01T10:29:45+00:00,2026-07-01T10:29:45+00:00,2,page,0,dse,
page:dse~ResearchBridgeIncomeNYC2026,2026-07-02T15:51:49+00:00,2026-07-02T15:51:49+00:00,1,page,0,dse,
page:dse~DatausaIncomeBridgeABC123,2026-07-02T16:14:56+00:00,2026-07-02T16:14:56+00:00,1,page,0,dse,
page:probier~NYCIncomeBridgeJul02A,2026-07-02T16:32:22+00:00,2026-07-02T16:32:22+00:00,1,page,0,probier,
page:dse~IncomeTopProof586657,2026-07-02T17:17:19+00:00,2026-07-02T17:17:19+00:00,1,page,0,dse,
page:probier~AgentDataUSAIncomeEvidence,2026-07-02T17:51:22+00:00,2026-07-02T17:51:22+00:00,1,page,0,probier,
