id,first_seen,last_seen,n_events,kind,bipartite,technique
label:FederalUserTest,2026-05-24T06:02:19+00:00,2026-05-24T06:02:19+00:00,1,label,0,
host:api.usaspending.gov,2026-05-24T06:02:19+00:00,2026-06-22T02:50:57+00:00,282,host,1,upstream_data
label:FederalUserTwo,2026-05-24T06:05:07+00:00,2026-05-24T12:50:19+00:00,3,label,0,
label:FederalAgent,2026-05-24T06:21:16+00:00,2026-05-24T06:21:16+00:00,1,label,0,
label:DataUserXYZ,2026-05-24T11:03:16+00:00,2026-05-24T11:15:45+00:00,2,label,0,
label:AliceVisitor,2026-05-24T11:53:57+00:00,2026-05-24T11:53:57+00:00,2,label,0,
host:wikiservice.at,2026-05-24T11:53:57+00:00,2026-06-22T08:53:29+00:00,4006,host,1,wiki_self
label:BridgeUserX,2026-05-24T13:18:32+00:00,2026-05-24T13:18:32+00:00,2,label,0,
label:ResearchBotZZ,2026-05-24T13:26:55+00:00,2026-06-16T19:05:13+00:00,4,label,0,
label:BridgeUser1277,2026-05-24T13:36:20+00:00,2026-05-24T13:36:20+00:00,2,label,0,
label:[Person10]Data,2026-05-24T13:46:09+00:00,2026-05-24T13:46:09+00:00,2,label,0,
label:ResearchBotZ,2026-05-24T14:01:37+00:00,2026-05-24T14:01:37+00:00,1,label,0,
label:FederalResearchAgent,2026-05-24T14:06:47+00:00,2026-05-24T14:06:47+00:00,2,label,0,
label:DataRefUser,2026-05-24T14:17:56+00:00,2026-05-24T14:33:28+00:00,3,label,0,
label:ResearchBotQ,2026-05-24T14:55:01+00:00,2026-05-24T14:55:01+00:00,1,label,0,
label:DataResearcherQ,2026-05-24T18:30:23+00:00,2026-05-24T18:30:23+00:00,1,label,0,
label:FederalDataBot,2026-05-24T18:45:12+00:00,2026-05-24T18:45:12+00:00,1,label,0,
label:[Person20],2026-05-26T05:29:33+00:00,2026-06-22T08:49:20+00:00,51,label,0,
label:ResearchHelper3,2026-05-26T09:43:01+00:00,2026-05-26T11:33:17+00:00,8,label,0,
host:example.com,2026-05-26T09:43:01+00:00,2026-06-22T08:49:45+00:00,247,host,1,sink_or_test
label:OpenDataResearcher,2026-05-26T09:50:02+00:00,2026-05-26T09:50:02+00:00,2,label,0,
host:markdown.new,2026-05-26T09:50:02+00:00,2026-06-22T08:53:29+00:00,1012,host,1,markdown_proxy
label:ResearcherTemp,2026-05-26T10:03:21+00:00,2026-06-18T16:53:47+00:00,6,label,0,
label:AgentProbe3,2026-05-26T10:11:18+00:00,2026-05-26T10:11:18+00:00,1,label,0,
label:DataResearcherQ2,2026-05-26T10:11:24+00:00,2026-05-26T10:55:58+00:00,7,label,0,
label:AccountResearcher,2026-05-26T10:15:34+00:00,2026-05-26T10:15:34+00:00,1,label,0,
label:OpenBudgetResearcher,2026-05-26T10:21:43+00:00,2026-05-26T16:02:58+00:00,11,label,0,
host:piv.max.gov,2026-05-26T10:21:43+00:00,2026-06-18T18:43:50+00:00,55,host,1,upstream_data
label:BridgeExplore,2026-05-26T10:25:10+00:00,2026-05-26T10:25:10+00:00,2,label,0,
label:ResearchLinkHelper,2026-05-26T10:26:56+00:00,2026-05-26T10:26:56+00:00,1,label,0,
label:ResearcherABC,2026-05-26T10:31:34+00:00,2026-05-26T10:31:34+00:00,1,label,0,
label:OpenDataReader,2026-05-26T10:34:32+00:00,2026-05-26T10:34:32+00:00,1,label,0,
label:ResearchAgentX,2026-05-26T10:44:47+00:00,2026-06-18T20:49:01+00:00,79,label,0,
host:drive.google.com,2026-05-26T10:45:08+00:00,2026-06-18T10:15:03+00:00,13,host,1,upstream_data
host:portal.max.gov,2026-05-26T10:45:08+00:00,2026-06-18T21:15:03+00:00,58,host,1,upstream_data
label:ResearchHelperTmp,2026-05-26T10:45:28+00:00,2026-05-28T14:50:55+00:00,9,label,0,
label:ApiHelper2026,2026-05-26T10:53:58+00:00,2026-05-26T12:03:40+00:00,11,label,0,
host:login.max.gov,2026-05-26T10:53:58+00:00,2026-06-22T02:50:57+00:00,65,host,1,upstream_data
label:ResearchTmpUserY,2026-05-26T10:55:13+00:00,2026-05-26T10:55:13+00:00,1,label,0,
label:ResearchBotTestZZ,2026-05-26T10:57:28+00:00,2026-05-26T10:57:28+00:00,2,label,0,
label:ResearchHelper075,2026-05-26T10:57:38+00:00,2026-05-26T10:57:38+00:00,4,label,0,
label:TesterFoo493,2026-05-26T11:06:55+00:00,2026-05-26T11:06:55+00:00,2,label,0,
label:AgentResearch,2026-05-26T11:07:29+00:00,2026-06-18T19:53:08+00:00,22,label,0,
host:api-usaspending-gov.translate.goog,2026-05-26T11:15:11+00:00,2026-05-26T11:15:11+00:00,1,host,1,translation_proxy
host:api.microlink.io,2026-05-26T11:15:22+00:00,2026-06-17T09:42:30+00:00,10,host,1,markdown_proxy
label:DataResearcher,2026-05-26T11:16:06+00:00,2026-06-22T03:26:58+00:00,12,label,0,
label:QuarterDocLinks,2026-05-26T11:18:05+00:00,2026-05-26T11:18:05+00:00,3,label,0,
label:TestUserABC,2026-05-26T11:18:43+00:00,2026-05-26T11:18:43+00:00,1,label,0,
label:RefAuthor651,2026-05-26T11:21:14+00:00,2026-05-26T11:21:14+00:00,2,label,0,
label:ResearchTest,2026-05-26T11:22:34+00:00,2026-05-26T11:22:45+00:00,8,label,0,
host:prowiki.org,2026-05-26T11:22:34+00:00,2026-06-21T18:41:11+00:00,168,host,1,wiki_self
label:ResearchHelper,2026-05-26T11:23:03+00:00,2026-06-22T02:43:26+00:00,238,label,0,
label:Research,2026-05-26T11:24:21+00:00,2026-05-26T14:10:48+00:00,2,label,0,
label:AgentHelperWikiABC,2026-05-26T11:28:57+00:00,2026-05-26T11:28:57+00:00,1,label,0,
label:DataReaderTest777,2026-05-26T11:33:12+00:00,2026-05-26T11:43:18+00:00,5,label,0,
label:ResearchUserTempCTX,2026-05-26T11:35:00+00:00,2026-05-26T11:35:00+00:00,1,label,0,
label:ProbeResearcher,2026-05-26T11:35:14+00:00,2026-05-26T11:35:14+00:00,1,label,0,
host:example.org,2026-05-26T11:35:14+00:00,2026-06-19T20:06:41+00:00,40,host,1,sink_or_test
label:ResearchHelper572,2026-05-26T11:36:24+00:00,2026-05-26T11:36:24+00:00,1,label,0,
label:BridgeZ41,2026-05-26T11:40:40+00:00,2026-05-26T11:40:40+00:00,1,label,0,
label:DataHelperBar,2026-05-26T11:48:17+00:00,2026-05-26T11:48:17+00:00,2,label,0,
label:ResearchHelper697,2026-05-26T11:55:49+00:00,2026-05-26T11:55:49+00:00,1,label,0,
label:PublicDataAnalyst4,2026-05-26T12:06:24+00:00,2026-05-26T12:06:24+00:00,1,label,0,
label:DataExplorer,2026-05-26T12:10:51+00:00,2026-05-26T16:24:05+00:00,6,label,0,
label:ReferenceScholar,2026-05-26T12:19:57+00:00,2026-05-26T12:19:57+00:00,1,label,0,
label:ProbeResearcher2,2026-05-26T12:23:26+00:00,2026-05-26T12:23:26+00:00,1,label,0,
label:FooIdeaBot,2026-05-26T12:31:24+00:00,2026-05-28T01:16:54+00:00,11,label,0,
label:ResearchAgent,2026-05-26T12:32:10+00:00,2026-06-22T06:49:30+00:00,66,label,0,
label:DataHelperTry,2026-05-26T12:40:04+00:00,2026-05-26T12:40:04+00:00,2,label,0,
label:ResearchDataHelper,2026-05-26T12:40:57+00:00,2026-05-26T12:46:55+00:00,6,label,0,
label:AgentX12,2026-05-26T12:47:52+00:00,2026-06-18T20:56:47+00:00,25,label,0,
label:ResearchVisitor,2026-05-26T13:01:40+00:00,2026-05-26T14:40:03+00:00,9,label,0,
label:PublicDataHelper,2026-05-26T13:04:41+00:00,2026-05-26T13:04:55+00:00,6,label,0,
label:BalanceResearcher,2026-05-26T13:05:52+00:00,2026-06-11T07:47:01+00:00,13,label,0,
label:FederatedHelperResearch,2026-05-26T13:05:55+00:00,2026-05-26T13:05:55+00:00,1,label,0,
label:ResearchHelperAgent2,2026-05-26T13:06:56+00:00,2026-05-26T13:08:39+00:00,3,label,0,
label:TempXPublic,2026-05-26T13:07:57+00:00,2026-05-26T13:07:57+00:00,2,label,0,
label:DataLinkResearch,2026-05-26T13:10:56+00:00,2026-05-26T13:10:56+00:00,1,label,0,
host:max.omb.gov,2026-05-26T13:12:18+00:00,2026-05-29T22:28:50+00:00,14,host,1,upstream_data
label:AgentX15,2026-05-26T13:13:04+00:00,2026-06-22T08:42:24+00:00,5,label,0,
label:OpenDataResearchUser,2026-05-26T13:13:53+00:00,2026-05-26T13:13:53+00:00,2,label,0,
label:ResearchUserZ2,2026-05-26T13:13:54+00:00,2026-05-26T13:13:54+00:00,1,label,0,
label:AgentResearcher,2026-05-26T13:19:02+00:00,2026-06-18T21:00:36+00:00,90,label,0,
label:DataResearcher88,2026-05-26T13:20:29+00:00,2026-05-26T13:23:06+00:00,3,label,0,
label:TestResearcherXYZ,2026-05-26T13:23:36+00:00,2026-05-26T13:23:36+00:00,1,label,0,
label:TmpAgentLink,2026-05-26T13:23:41+00:00,2026-05-26T13:23:41+00:00,1,label,0,
host:pure.md,2026-05-26T13:25:33+00:00,2026-06-22T02:43:26+00:00,340,host,1,markdown_proxy
label:RefX52676266,2026-05-26T13:43:48+00:00,2026-05-26T13:43:48+00:00,1,label,0,
label:LinkVariantTest,2026-05-26T13:44:45+00:00,2026-05-26T13:44:45+00:00,1,label,0,
label:RefHelperCTX,2026-05-26T13:46:08+00:00,2026-05-26T13:46:08+00:00,1,label,0,
label:BridgeXYZUser,2026-05-26T13:46:09+00:00,2026-05-26T13:49:21+00:00,5,label,0,
label:SourceHelper685660,2026-05-26T13:46:09+00:00,2026-05-26T13:46:09+00:00,1,label,0,
label:PublicLinkIndexer,2026-05-26T13:46:42+00:00,2026-05-26T13:47:22+00:00,8,label,0,
label:DataResearchUser,2026-05-26T13:49:19+00:00,2026-05-28T01:12:54+00:00,5,label,0,
label:TestReadOnly123,2026-05-26T13:51:52+00:00,2026-05-26T13:51:52+00:00,1,label,0,
label:OpenDataResearchBot,2026-05-26T13:51:55+00:00,2026-05-26T16:47:45+00:00,8,label,0,
label:TestResearchABC,2026-05-26T13:53:38+00:00,2026-06-18T18:16:21+00:00,6,label,0,
label:RedirectTesterABC,2026-05-26T13:54:08+00:00,2026-05-26T14:20:53+00:00,2,label,0,
label:TestUserName,2026-05-26T13:59:16+00:00,2026-06-18T19:10:07+00:00,10,label,0,
label:PivotHelperTest,2026-05-26T14:03:26+00:00,2026-05-26T14:03:26+00:00,1,label,0,
label:CitationsAgent,2026-05-26T14:07:04+00:00,2026-05-26T14:07:04+00:00,3,label,0,
label:ApiNavUpdater,2026-05-26T14:10:31+00:00,2026-05-26T14:10:31+00:00,3,label,0,
label:SandboxVisitor359,2026-05-26T14:11:30+00:00,2026-05-26T14:11:30+00:00,2,label,0,
label:CiteDataUser,2026-05-26T14:14:08+00:00,2026-05-26T14:27:37+00:00,6,label,0,
label:TrialResearch,2026-05-26T14:14:57+00:00,2026-05-26T14:52:42+00:00,4,label,0,
label:ResearchGuestZZZ,2026-05-26T14:19:03+00:00,2026-05-26T14:19:03+00:00,1,label,0,
host:files.usaspending.gov,2026-05-26T14:19:45+00:00,2026-05-26T14:19:45+00:00,1,host,1,upstream_data
label:FederalResearchNotes,2026-05-26T14:22:38+00:00,2026-05-26T15:28:28+00:00,4,label,0,
label:[Person7],2026-05-26T14:23:56+00:00,2026-05-26T14:23:56+00:00,2,label,0,
label:LinkHelper,2026-05-26T14:24:01+00:00,2026-06-18T20:01:20+00:00,28,label,0,
label:ApiBridgeFinalAgent,2026-05-26T14:27:53+00:00,2026-05-26T14:27:53+00:00,1,label,0,
label:ResearchLinkVerifier,2026-05-26T14:31:27+00:00,2026-05-29T22:31:57+00:00,6,label,0,
host:bund-der-tierfreunde.de=,2026-05-26T14:31:27+00:00,2026-06-04T16:21:11+00:00,6,host,1,other
label:ResearchHelper8,2026-05-26T14:32:20+00:00,2026-05-26T14:32:20+00:00,2,label,0,
label:ResearchUser,2026-05-26T14:32:21+00:00,2026-05-29T22:47:34+00:00,10,label,0,
label:OpenCiteResearcher,2026-05-26T14:33:53+00:00,2026-05-26T14:41:16+00:00,5,label,0,
label:ResearchPlanner77,2026-05-26T14:38:28+00:00,2026-05-26T14:38:28+00:00,2,label,0,
label:AgentValidXYZ,2026-05-26T14:39:40+00:00,2026-05-26T14:39:40+00:00,2,label,0,
label:ResearchHelperTemp,2026-05-26T14:49:55+00:00,2026-05-26T15:43:04+00:00,4,label,0,
label:TmpUser,2026-05-26T14:52:49+00:00,2026-05-26T14:52:49+00:00,1,label,0,
label:ChatRef18913,2026-05-26T14:54:46+00:00,2026-05-26T14:54:46+00:00,1,label,0,
label:AllowedNameZZ,2026-05-26T14:55:58+00:00,2026-05-26T15:01:15+00:00,6,label,0,
label:[Person12],2026-05-26T14:58:50+00:00,2026-05-26T16:20:45+00:00,6,label,0,
label:ResearchTesterX,2026-05-26T14:59:34+00:00,2026-06-18T21:03:14+00:00,11,label,0,
label:SourceHelper7301019,2026-05-26T15:02:19+00:00,2026-05-26T15:02:19+00:00,1,label,0,
label:ResearcherTesting,2026-05-26T15:04:06+00:00,2026-05-26T15:04:06+00:00,1,label,0,
label:BridgeResearchZZ77,2026-05-26T15:08:03+00:00,2026-05-26T15:08:03+00:00,2,label,0,
label:HelperAnalyst,2026-05-26T15:15:22+00:00,2026-05-26T15:24:38+00:00,5,label,0,
label:ChatRefUpdater,2026-05-26T15:15:34+00:00,2026-05-26T15:15:34+00:00,2,label,0,
label:ResearchAgentTestX,2026-05-26T15:17:49+00:00,2026-05-26T15:17:49+00:00,1,label,0,
label:AgentUserSelf963,2026-05-26T15:21:08+00:00,2026-05-26T15:21:08+00:00,1,label,0,
label:NameTester,2026-05-26T15:25:59+00:00,2026-05-26T15:25:59+00:00,1,label,0,
label:TemplateHelper,2026-05-26T15:33:37+00:00,2026-05-26T15:33:44+00:00,2,label,0,
label:BridgeUserAI,2026-05-26T15:36:12+00:00,2026-05-26T15:56:07+00:00,2,label,0,
label:ResearchCitations,2026-05-26T15:37:21+00:00,2026-05-26T15:37:21+00:00,1,label,0,
label:ResearchHelperABC,2026-05-26T15:44:43+00:00,2026-05-29T23:18:26+00:00,9,label,0,
label:ResearchUserABC,2026-05-26T15:46:40+00:00,2026-05-26T15:46:40+00:00,1,label,0,
label:XWikiUserABC,2026-05-26T15:53:35+00:00,2026-05-26T16:28:29+00:00,9,label,0,
label:AgentX,2026-05-26T15:56:54+00:00,2026-06-22T08:34:19+00:00,28,label,0,
label:BridgeZZ2,2026-05-26T16:01:43+00:00,2026-05-26T16:01:43+00:00,2,label,0,
label:TranslationHelper,2026-05-26T16:02:03+00:00,2026-05-26T16:02:03+00:00,1,label,0,
label:TestResearcher,2026-05-26T16:02:50+00:00,2026-05-26T16:16:00+00:00,4,label,0,
label:TmpLinkResearchZZ,2026-05-26T16:03:32+00:00,2026-05-26T16:03:32+00:00,1,label,0,
label:ResearchReader,2026-05-26T16:07:00+00:00,2026-05-26T16:07:00+00:00,2,label,0,
label:BalanceResearcher2,2026-05-26T16:07:38+00:00,2026-06-18T20:36:50+00:00,21,label,0,
label:TestAgent111,2026-05-26T16:09:33+00:00,2026-05-26T16:09:33+00:00,1,label,0,
label:HelpfulPivotResearcher,2026-05-26T16:10:01+00:00,2026-05-26T16:10:01+00:00,1,label,0,
label:ResearchBudgetHelper,2026-05-26T16:13:00+00:00,2026-05-26T16:51:18+00:00,17,label,0,
label:GETAgent2,2026-05-26T16:13:41+00:00,2026-05-26T16:13:41+00:00,1,label,0,
host:tinyurl.com,2026-05-26T16:16:00+00:00,2026-06-22T08:36:48+00:00,82,host,1,url_shortener
label:AgentTestUser,2026-05-26T16:16:00+00:00,2026-05-26T16:16:00+00:00,1,label,0,
label:HelperDataZ,2026-05-26T16:16:06+00:00,2026-05-26T16:16:06+00:00,1,label,0,
label:LinkHelperABC,2026-05-26T16:16:42+00:00,2026-05-26T16:19:42+00:00,2,label,0,
label:PublicDataLinkHelperABC,2026-05-26T16:18:30+00:00,2026-05-26T16:38:23+00:00,5,label,0,
label:USResearchXAOYl,2026-05-26T16:19:39+00:00,2026-05-26T16:19:39+00:00,1,label,0,
label:AlphaBeta,2026-05-26T16:20:31+00:00,2026-06-18T19:08:42+00:00,20,label,0,
label:DataResearcherXYZ,2026-05-26T16:21:06+00:00,2026-05-26T16:21:06+00:00,1,label,0,
label:SourceHelperNewRoute,2026-05-26T16:25:29+00:00,2026-05-26T16:25:29+00:00,1,label,0,
label:DataVerifierUser,2026-05-26T16:25:54+00:00,2026-05-26T16:25:54+00:00,3,label,0,
host:proxy.corsfix.com,2026-05-26T16:25:54+00:00,2026-06-18T19:48:15+00:00,17,host,1,cors_proxy
label:BridgeTempXYZ,2026-05-26T16:28:53+00:00,2026-05-26T16:28:53+00:00,1,label,0,
label:ApiHelper,2026-05-26T16:29:20+00:00,2026-05-26T16:29:20+00:00,4,label,0,
label:AnalystHelperXX,2026-05-26T16:31:58+00:00,2026-05-26T16:31:58+00:00,3,label,0,
label:TrialAgentZZ,2026-05-26T16:32:07+00:00,2026-05-26T16:32:07+00:00,1,label,0,
label:DataDownloadResearcher,2026-05-26T16:32:31+00:00,2026-05-26T16:35:22+00:00,2,label,0,
label:FooUserTrial9,2026-05-26T16:34:24+00:00,2026-05-26T16:34:24+00:00,1,label,0,
label:OpenDataLinkHelperZ,2026-05-26T16:34:32+00:00,2026-05-26T16:34:32+00:00,4,label,0,
label:SourceXYYZZ,2026-05-26T16:35:52+00:00,2026-05-26T16:35:52+00:00,1,label,0,
label:BudgetResearchTmp,2026-05-26T16:35:55+00:00,2026-06-18T21:10:11+00:00,6,label,0,
label:ResearchHelperXyzGamma,2026-05-26T16:36:44+00:00,2026-05-26T16:36:44+00:00,1,label,0,
label:BudgetFinderZZ,2026-05-26T16:38:11+00:00,2026-05-26T16:52:39+00:00,14,label,0,
label:APILinkSourceHelper,2026-05-26T16:38:28+00:00,2026-05-26T16:38:28+00:00,1,label,0,
host:urlquery.net,2026-05-26T16:43:26+00:00,2026-06-17T01:57:12+00:00,2,host,1,json_query
label:BudgetResearcher345,2026-05-26T16:43:30+00:00,2026-05-26T16:43:30+00:00,3,label,0,
label:PublicDataRefsABC,2026-05-26T16:44:55+00:00,2026-06-18T18:24:03+00:00,32,label,0,
label:TempResearch,2026-05-26T16:46:25+00:00,2026-05-26T16:46:25+00:00,1,label,0,
label:RefBridgeAgent3,2026-05-26T16:46:30+00:00,2026-05-26T16:46:30+00:00,1,label,0,
label:QuarterLinkResearchHelper,2026-05-26T16:48:31+00:00,2026-05-26T16:52:05+00:00,4,label,0,
label:BalanceResearchHelper,2026-05-26T16:48:44+00:00,2026-05-26T16:48:44+00:00,3,label,0,
label:PublicLinkHelper700,2026-05-26T16:48:45+00:00,2026-05-26T16:48:45+00:00,2,label,0,
label:ResearchBotNew9007,2026-05-26T16:50:18+00:00,2026-05-26T16:50:18+00:00,2,label,0,
label:ResearchBotLinks645,2026-05-26T16:51:55+00:00,2026-05-26T16:51:55+00:00,2,label,0,
label:AgentBudgetHelpQX2,2026-05-26T16:55:21+00:00,2026-05-26T16:55:21+00:00,2,label,0,
label:AgentBudgetHelpQX3,2026-05-26T16:57:32+00:00,2026-05-26T16:57:32+00:00,2,label,0,
label:TestAgentFoo,2026-05-26T17:01:33+00:00,2026-05-28T13:25:08+00:00,11,label,0,
host:docs.google.com,2026-05-26T17:01:33+00:00,2026-06-22T02:50:57+00:00,76,host,1,upstream_data
label:ResearchAgent006,2026-05-26T23:12:42+00:00,2026-05-26T23:12:42+00:00,1,label,0,
label:ResearchHelperTest992,2026-05-27T00:40:33+00:00,2026-06-01T14:25:18+00:00,3,label,0,
label:TmpUTmp320029199,2026-05-27T00:49:52+00:00,2026-05-27T00:49:52+00:00,2,label,0,
label:AnotherAgentTest2,2026-05-27T01:41:50+00:00,2026-05-27T01:41:50+00:00,1,label,0,
label:ResearchUserXYZ,2026-05-27T02:07:32+00:00,2026-06-22T08:42:57+00:00,29,label,0,
label:ResearcherHHS,2026-05-27T02:16:39+00:00,2026-05-27T02:16:39+00:00,7,label,0,
label:FedAnalystHelper,2026-05-27T02:24:48+00:00,2026-05-27T12:24:18+00:00,25,label,0,
label:DataReferenceBotABC,2026-05-27T02:31:59+00:00,2026-05-27T07:12:12+00:00,18,label,0,
host:example.net,2026-05-27T02:42:22+00:00,2026-06-18T21:00:09+00:00,9,host,1,sink_or_test
label:TempResearchLinksZ,2026-05-27T06:18:34+00:00,2026-05-27T08:40:29+00:00,22,label,0,
label:BudgetResearch,2026-05-27T06:34:44+00:00,2026-05-27T06:34:44+00:00,5,label,0,
label:TmpCleanup651038973,2026-05-27T07:11:00+00:00,2026-05-27T07:11:00+00:00,7,label,0,
label:PublicDataReferenceAgentY,2026-05-27T07:14:29+00:00,2026-05-27T07:14:29+00:00,3,label,0,
label:DataZ100529,2026-05-27T07:18:29+00:00,2026-05-28T15:06:11+00:00,10,label,0,
label:PublicRefAgent75464,2026-05-27T07:19:23+00:00,2026-05-27T07:19:23+00:00,3,label,0,
label:PublicRefAgent32270,2026-05-27T07:27:14+00:00,2026-05-27T07:27:14+00:00,3,label,0,
label:ResearchAgentQzx,2026-05-27T08:00:29+00:00,2026-05-27T08:00:29+00:00,7,label,0,
label:AgentExactNext1779870549,2026-05-27T08:29:14+00:00,2026-05-30T21:54:31+00:00,9,label,0,
label:CacheBustUserXX,2026-05-27T08:38:18+00:00,2026-05-29T22:41:59+00:00,6,label,0,
label:AgentFlow1779871603,2026-05-27T08:46:48+00:00,2026-05-27T08:46:48+00:00,7,label,0,
label:FlowAgent1779871991,2026-05-27T08:53:15+00:00,2026-05-27T08:53:15+00:00,1,label,0,
label:BudgetResearcher,2026-05-27T12:36:16+00:00,2026-06-18T19:45:20+00:00,12,label,0,
label:FooManTT,2026-05-27T12:44:03+00:00,2026-06-18T21:01:31+00:00,4,label,0,
label:AgentTwentyTwo,2026-05-27T12:45:02+00:00,2026-05-27T12:45:02+00:00,1,label,0,
host:httpbin.org,2026-05-27T12:45:02+00:00,2026-06-18T20:41:51+00:00,32,host,1,sink_or_test
label:ResearchHelperTwenty,2026-05-27T12:46:01+00:00,2026-05-28T14:26:26+00:00,12,label,0,
label:ResearcherZedY,2026-05-27T13:00:37+00:00,2026-05-28T14:49:18+00:00,15,label,0,
label:ResearchAgentAB,2026-05-28T00:50:13+00:00,2026-05-28T14:52:22+00:00,12,label,0,
label:ExistingRealUserXYZ,2026-05-28T00:50:32+00:00,2026-05-28T00:50:32+00:00,1,label,0,
label:ResearchGuest2026,2026-05-28T00:51:59+00:00,2026-05-28T00:51:59+00:00,1,label,0,
host:api.datausa.io,2026-05-28T01:12:54+00:00,2026-07-02T17:24:40+00:00,2318,host,1,upstream_data
label:AgentTwenty,2026-05-28T01:13:48+00:00,2026-05-28T01:13:48+00:00,1,label,0,
label:ResearcherLibrary2,2026-05-28T07:41:18+00:00,2026-05-28T07:41:18+00:00,1,label,0,
label:ResearcherLibrary,2026-05-28T07:45:48+00:00,2026-05-28T07:51:18+00:00,3,label,0,
host:corsmirror.com,2026-05-28T07:51:18+00:00,2026-06-18T21:08:18+00:00,93,host,1,cors_proxy
label:ArchiveResearchHelper,2026-05-28T07:54:59+00:00,2026-05-28T07:54:59+00:00,2,label,0,
label:CharlestonResearchHelper,2026-05-28T08:13:10+00:00,2026-06-22T08:16:55+00:00,13,label,0,
label:UniqueNameQop,2026-05-28T12:22:10+00:00,2026-05-28T12:22:10+00:00,1,label,0,
host:test.cors.workers.dev,2026-05-28T12:26:09+00:00,2026-06-18T20:37:27+00:00,20,host,1,cors_proxy
host:wayback.archive-it.org,2026-05-28T12:26:09+00:00,2026-05-28T12:26:09+00:00,1,host,1,archive
host:web.archive.org,2026-05-28T12:26:09+00:00,2026-06-22T08:43:35+00:00,27,host,1,archive
host:rspace.library.cofc.edu,2026-05-28T12:28:32+00:00,2026-06-18T21:08:18+00:00,70,host,1,upstream_data
label:LibraryArchiveResearcherK,2026-05-28T12:46:27+00:00,2026-05-30T22:33:40+00:00,24,label,0,
label:AgentCharlXra595,2026-05-28T13:03:06+00:00,2026-05-28T13:03:06+00:00,2,label,0,
host:allorigins.hexlet.app,2026-05-28T13:03:06+00:00,2026-07-01T10:29:45+00:00,997,host,1,cors_proxy
host:jqp.vercel.app,2026-05-28T13:03:06+00:00,2026-06-22T08:43:35+00:00,3222,host,1,json_query
host:iiif.library.cofc.edu,2026-05-28T13:07:19+00:00,2026-06-18T21:08:18+00:00,37,host,1,upstream_data
label:ArchiveHelperUniqueZ,2026-05-28T13:27:13+00:00,2026-05-29T22:29:08+00:00,2,label,0,
label:ArchiveCitationHelperKZ,2026-05-28T13:29:00+00:00,2026-05-28T13:43:55+00:00,4,label,0,
host:proxymule.com,2026-05-28T13:29:00+00:00,2026-06-22T08:39:32+00:00,107,host,1,cors_proxy
label:ArchiveAgentWinQQ,2026-05-28T13:30:35+00:00,2026-06-18T16:53:58+00:00,3,label,0,
label:ArchiveSliceResearcherX,2026-05-28T13:31:48+00:00,2026-05-28T13:45:43+00:00,4,label,0,
host:lcdl.library.cofc.edu,2026-05-28T13:35:40+00:00,2026-06-01T14:22:06+00:00,18,host,1,upstream_data
label:NewWikiUserABCD,2026-05-28T13:36:33+00:00,2026-05-28T13:36:33+00:00,1,label,0,
label:AgentCharlXzz,2026-05-28T13:37:32+00:00,2026-05-28T13:37:32+00:00,1,label,0,
label:ArchiveLinksHelperZero,2026-05-28T13:38:55+00:00,2026-05-28T13:38:55+00:00,1,label,0,
label:Agent0ResearcherCharl,2026-05-28T13:41:21+00:00,2026-06-22T02:33:48+00:00,21,label,0,
label:ResearchHelperX,2026-05-28T13:48:24+00:00,2026-06-22T09:05:32+00:00,12,label,0,
label:PrefTestUsere,2026-05-28T13:49:33+00:00,2026-06-22T02:31:38+00:00,20,label,0,
host:cors-get-proxy.sirjosh.workers.dev,2026-05-28T13:52:38+00:00,2026-06-17T01:13:03+00:00,16,host,1,cors_proxy
label:TestD,2026-05-28T13:53:09+00:00,2026-05-28T13:53:09+00:00,1,label,0,
label:ArchiveSliceResearcherY,2026-05-28T13:55:28+00:00,2026-05-28T13:55:28+00:00,1,label,0,
label:AgentCharlExtra879,2026-05-28T13:58:57+00:00,2026-05-28T14:06:16+00:00,7,label,0,
label:ArchiveResearcherZZYX,2026-05-28T13:59:55+00:00,2026-05-28T13:59:55+00:00,1,label,0,
label:ArchiveWorkerReferenceQQ9,2026-05-28T14:00:08+00:00,2026-05-28T14:52:16+00:00,5,label,0,
label:LibraryRefAgentZZ,2026-05-28T14:00:18+00:00,2026-05-28T14:00:18+00:00,1,label,0,
label:ArchiveHelperZeroNine,2026-05-28T14:12:10+00:00,2026-05-28T14:12:10+00:00,3,label,0,
label:UserTemQ996,2026-05-28T14:13:38+00:00,2026-05-28T15:22:07+00:00,6,label,0,
label:BalanceResearchAgent61,2026-05-28T14:17:56+00:00,2026-05-28T14:17:56+00:00,1,label,0,
label:ArchiveHelperZZ8,2026-05-28T14:18:29+00:00,2026-05-28T14:18:29+00:00,1,label,0,
host:hub.catalogit.app,2026-05-28T14:18:30+00:00,2026-06-01T14:22:06+00:00,22,host,1,upstream_data
label:CapArchiveHelper,2026-05-28T14:20:39+00:00,2026-05-28T14:20:39+00:00,2,label,0,
label:ArchiveResearchHelperZero,2026-05-28T14:24:03+00:00,2026-05-28T15:13:28+00:00,7,label,0,
label:CharlestonArchiveHelperZ,2026-05-28T14:27:13+00:00,2026-05-28T14:44:17+00:00,8,label,0,
label:CharlArchiveRefQ,2026-05-28T14:28:32+00:00,2026-05-28T14:28:32+00:00,6,label,0,
label:AgentResC1779978638,2026-05-28T14:30:40+00:00,2026-05-28T14:30:40+00:00,1,label,0,
label:ResearchVisitorAZ,2026-05-28T14:34:25+00:00,2026-05-28T16:28:05+00:00,6,label,0,
label:Agent0TrySave,2026-05-28T14:49:14+00:00,2026-05-28T14:49:14+00:00,1,label,0,
label:ArchiveHelperAgentNew,2026-05-28T14:49:28+00:00,2026-05-28T14:49:28+00:00,2,label,0,
label:AgentCatalogLibraryHelperM,2026-05-28T14:57:54+00:00,2026-05-28T14:57:54+00:00,3,label,0,
host:cors.bwa.workers.dev,2026-05-28T14:57:54+00:00,2026-06-21T21:33:38+00:00,260,host,1,cors_proxy
label:ArchiveResearchHelperZA,2026-05-28T14:58:48+00:00,2026-05-28T14:58:48+00:00,1,label,0,
label:ArchiveHelperZeroOfficialB,2026-05-28T14:59:05+00:00,2026-05-28T14:59:05+00:00,1,label,0,
label:ArchiveAgentZeroWindow10,2026-05-28T15:07:29+00:00,2026-05-28T15:07:29+00:00,2,label,0,
host:api.catalogit.app,2026-05-28T15:07:29+00:00,2026-05-28T16:32:48+00:00,4,host,1,upstream_data
label:ArchiveHelperZeroResearch10,2026-05-28T15:12:14+00:00,2026-06-01T14:40:03+00:00,9,label,0,
label:ResearchAgent77,2026-05-28T15:16:04+00:00,2026-05-28T15:16:04+00:00,1,label,0,
label:ResearchHelperLCDL,2026-05-28T15:20:22+00:00,2026-05-28T15:29:44+00:00,9,label,0,
label:AgentLibraryHelperAZero,2026-05-28T15:23:31+00:00,2026-05-28T15:23:31+00:00,1,label,0,
label:ResearchHelperAgent,2026-05-28T15:25:30+00:00,2026-06-22T08:46:18+00:00,3,label,0,
label:GuestTestPersonZ,2026-05-28T15:26:11+00:00,2026-05-28T16:20:21+00:00,9,label,0,
label:OpenResearcherAlpha,2026-05-28T15:28:14+00:00,2026-05-28T15:28:14+00:00,1,label,0,
label:AgentDPLAUnique91,2026-05-28T15:29:44+00:00,2026-05-28T16:27:16+00:00,13,label,0,
host:api.dp.la,2026-05-28T15:29:44+00:00,2026-05-31T00:17:23+00:00,13,host,1,upstream_data
host:dp.la,2026-05-28T15:29:44+00:00,2026-05-30T19:01:09+00:00,7,host,1,upstream_data
label:ArchiveResearchUserMineQ928AB,2026-05-28T15:29:52+00:00,2026-05-28T15:29:52+00:00,1,label,0,
label:ResearcherQuill77,2026-05-28T15:30:24+00:00,2026-05-28T15:34:41+00:00,6,label,0,
label:AgentDPLARefAgentZQ,2026-05-28T15:41:20+00:00,2026-05-28T15:41:20+00:00,1,label,0,
label:AgentCitationHelper2026,2026-05-28T15:43:08+00:00,2026-05-28T16:10:19+00:00,3,label,0,
label:CatalogResearchHelperZX826,2026-05-28T15:45:57+00:00,2026-05-29T22:50:55+00:00,3,label,0,
label:AgentDPLARefAgentZQX,2026-05-28T16:16:58+00:00,2026-05-30T17:32:26+00:00,4,label,0,
label:LibraryArchiveUserQ006,2026-05-28T16:26:16+00:00,2026-05-29T22:29:49+00:00,2,label,0,
label:ResearchNavigationHelperJX934,2026-05-28T16:29:00+00:00,2026-05-28T16:29:00+00:00,3,label,0,
label:CitationHelperK90928,2026-05-28T16:32:48+00:00,2026-05-28T16:32:48+00:00,3,label,0,
label:LibraryArchiveUserQ005,2026-05-28T16:54:21+00:00,2026-06-18T21:01:20+00:00,10,label,0,
label:MarketDataResearchHelperX,2026-05-28T18:53:38+00:00,2026-06-18T18:35:53+00:00,66,label,0,
host:finance.yahoo.co.jp,2026-05-28T19:07:28+00:00,2026-06-07T20:10:21+00:00,8,host,1,upstream_data
label:ArchiveHelperZeroOfficial,2026-05-28T19:10:43+00:00,2026-05-28T19:43:41+00:00,2,label,0,
host:query1.finance.yahoo.com,2026-05-28T19:25:26+00:00,2026-05-28T22:58:14+00:00,3,host,1,upstream_data
label:MarketHelperXy,2026-05-28T19:32:12+00:00,2026-05-28T19:32:24+00:00,2,label,0,
label:AgentFooBar,2026-05-28T19:40:02+00:00,2026-05-29T23:05:55+00:00,3,label,0,
host:ctxr.me,2026-05-28T20:14:46+00:00,2026-05-28T21:23:17+00:00,4,host,1,url_shortener
host:markdown.microlink.io,2026-05-28T20:33:56+00:00,2026-05-28T20:33:56+00:00,1,host,1,markdown_proxy
label:RefHelper89012,2026-05-28T20:40:21+00:00,2026-06-18T16:55:49+00:00,6,label,0,
host:ir.intrusion.com,2026-05-28T20:51:35+00:00,2026-05-28T20:51:35+00:00,1,host,1,upstream_data
label:DataRefHelperZZ85075,2026-05-28T20:55:13+00:00,2026-06-18T17:52:02+00:00,7,label,0,
host:api.cors.lol,2026-05-28T20:55:13+00:00,2026-06-19T00:23:22+00:00,50,host,1,cors_proxy
label:DataRefHelperZZ84438,2026-05-28T21:00:57+00:00,2026-05-28T21:00:57+00:00,1,label,0,
label:DataRefHelperZZ57914,2026-05-28T21:06:46+00:00,2026-06-18T18:01:06+00:00,11,label,0,
label:DataRefHelperZZ46752,2026-05-28T21:19:40+00:00,2026-05-28T21:19:40+00:00,1,label,0,
host:bitily.in,2026-05-28T21:23:17+00:00,2026-06-16T09:34:40+00:00,2,host,1,url_shortener
label:DataRefHelperZZ42902,2026-05-28T21:24:42+00:00,2026-05-28T21:24:42+00:00,1,label,0,
label:DataRefHelperZZ42213,2026-05-28T21:41:55+00:00,2026-05-28T21:41:55+00:00,1,label,0,
label:ArchiveResearchAgentZZ007x,2026-05-28T21:54:21+00:00,2026-05-28T21:54:21+00:00,1,label,0,
label:DataRefHelperZZ75549,2026-05-28T22:00:14+00:00,2026-05-28T22:00:14+00:00,3,label,0,
label:DataRefHelperZZ27768,2026-05-28T22:11:22+00:00,2026-05-28T22:11:22+00:00,1,label,0,
label:DataRefHelperZZ11795,2026-05-28T22:17:40+00:00,2026-05-28T22:17:40+00:00,1,label,0,
label:DataRefHelperZZ32589,2026-05-28T22:23:09+00:00,2026-05-29T23:20:10+00:00,5,label,0,
label:DataRefHelperZZ80315,2026-05-28T22:27:46+00:00,2026-05-28T22:27:46+00:00,1,label,0,
host:query2.finance.yahoo.com,2026-05-28T22:58:14+00:00,2026-05-28T22:58:14+00:00,1,host,1,upstream_data
label:DataRefHelperZZ97470,2026-05-28T23:03:37+00:00,2026-05-30T22:31:44+00:00,5,label,0,
host:ca.finance.yahoo.com,2026-05-28T23:03:58+00:00,2026-05-28T23:03:58+00:00,1,host,1,upstream_data
host:finance.yahoo.com,2026-05-28T23:03:58+00:00,2026-05-28T23:03:58+00:00,1,host,1,upstream_data
label:DataRefHelperZZ25591,2026-05-28T23:17:48+00:00,2026-06-18T18:06:46+00:00,9,label,0,
label:DataRefHelperZZ29187,2026-05-28T23:28:22+00:00,2026-05-28T23:28:22+00:00,1,label,0,
label:DataRefHelperZZ74380,2026-05-28T23:35:49+00:00,2026-05-29T21:26:02+00:00,2,label,0,
label:DataRefHelperZZ78021,2026-05-28T23:44:13+00:00,2026-05-28T23:44:13+00:00,1,label,0,
label:DataRefHelperZZ55392,2026-05-28T23:48:52+00:00,2026-05-28T23:48:52+00:00,1,label,0,
label:AgentXScout,2026-05-29T19:30:56+00:00,2026-06-01T14:42:27+00:00,2,label,0,
host:vizhub.healthdata.org,2026-05-29T19:30:56+00:00,2026-06-17T19:09:00+00:00,34,host,1,upstream_data
label:AgentXScout19090,2026-05-29T19:33:33+00:00,2026-05-29T23:48:32+00:00,2,label,0,
label:AgentXScout19094,2026-05-29T19:33:37+00:00,2026-06-01T14:14:54+00:00,2,label,0,
label:AgentHelperQZ,2026-05-29T22:25:32+00:00,2026-05-29T22:40:08+00:00,4,label,0,
label:DataReferenceHelper,2026-05-29T22:28:50+00:00,2026-05-29T22:28:50+00:00,8,label,0,
host:md.succ.ai,2026-05-29T22:28:50+00:00,2026-06-21T18:48:46+00:00,1681,host,1,markdown_proxy
label:ArchiveHelperResearchZZY,2026-05-29T22:32:16+00:00,2026-06-01T14:34:56+00:00,3,label,0,
label:TestAgent,2026-05-29T22:39:43+00:00,2026-06-08T04:07:16+00:00,4,label,0,
label:AgentAlternate91389,2026-05-29T22:40:19+00:00,2026-06-18T17:53:59+00:00,13,label,0,
label:PdfResearcher,2026-05-29T22:40:58+00:00,2026-05-29T22:40:58+00:00,2,label,0,
label:AgentVizTB,2026-05-29T22:47:35+00:00,2026-05-29T23:04:37+00:00,6,label,0,
label:AgentZZQ,2026-05-29T22:57:44+00:00,2026-05-29T23:02:53+00:00,3,label,0,
label:DataResearcher97888,2026-05-29T22:58:53+00:00,2026-05-29T22:58:53+00:00,4,label,0,
label:AgentAlternate3866,2026-05-29T22:59:09+00:00,2026-05-29T22:59:09+00:00,2,label,0,
label:TestOK,2026-05-29T23:00:14+00:00,2026-05-29T23:00:14+00:00,1,label,0,
label:AgentTbGetTest812965,2026-05-29T23:02:40+00:00,2026-05-29T23:02:40+00:00,1,label,0,
label:TbResearchUserZX2,2026-05-29T23:04:00+00:00,2026-05-29T23:04:00+00:00,1,label,0,
label:AgentTbVizEcuador778758,2026-05-29T23:04:48+00:00,2026-05-29T23:04:48+00:00,1,label,0,
label:AgentTBcite,2026-05-29T23:07:00+00:00,2026-06-01T14:33:59+00:00,3,label,0,
label:DataUser59299,2026-05-29T23:09:10+00:00,2026-05-29T23:09:10+00:00,1,label,0,
label:DataCheckUserXZ,2026-05-29T23:10:38+00:00,2026-05-29T23:10:38+00:00,1,label,0,
label:AgentCorsZZ,2026-05-29T23:11:11+00:00,2026-05-29T23:13:53+00:00,3,label,0,
label:AgentTesterNew772,2026-05-29T23:11:16+00:00,2026-05-29T23:18:19+00:00,4,label,0,
label:AgentHelper923,2026-05-29T23:13:10+00:00,2026-06-18T20:06:07+00:00,15,label,0,
label:AgentTBsupport,2026-05-29T23:15:26+00:00,2026-05-29T23:15:26+00:00,1,label,0,
label:DataUser81389,2026-05-29T23:21:14+00:00,2026-06-11T11:15:00+00:00,3,label,0,
label:DataUser14471,2026-05-29T23:23:08+00:00,2026-05-29T23:23:08+00:00,2,label,0,
label:AgentTBhelper713,2026-05-29T23:31:45+00:00,2026-05-29T23:31:45+00:00,1,label,0,
label:TestAgentKQ730,2026-05-29T23:50:47+00:00,2026-05-29T23:50:47+00:00,1,label,0,
label:AgentMinnUniqueQX882,2026-05-30T17:15:26+00:00,2026-05-30T17:31:34+00:00,6,label,0,
host:cdm16022.contentdm.oclc.org,2026-05-30T17:31:34+00:00,2026-05-31T00:17:23+00:00,8,host,1,upstream_data
host:collection.mndigital.org,2026-05-30T17:31:34+00:00,2026-05-30T21:58:51+00:00,3,host,1,upstream_data
label:AgentMNDigitalfvh,2026-05-30T17:40:19+00:00,2026-05-30T17:40:19+00:00,2,label,0,
label:TestVisitorABC,2026-05-30T19:01:09+00:00,2026-05-30T19:01:09+00:00,5,label,0,
label:ResearchMinnDigit928Q,2026-05-30T19:49:36+00:00,2026-05-30T19:49:36+00:00,1,label,0,
label:AgentMDLNotes,2026-05-30T19:52:17+00:00,2026-05-30T19:52:17+00:00,1,label,0,
label:AgentNumTeam,2026-05-30T20:28:30+00:00,2026-06-01T12:50:36+00:00,8,label,0,
label:AgentNumTeam2,2026-05-30T20:29:49+00:00,2026-05-30T20:29:49+00:00,1,label,0,
label:NumberReaderX,2026-05-30T20:31:08+00:00,2026-05-30T20:31:08+00:00,1,label,0,
label:CitationHelperMN,2026-05-30T20:44:03+00:00,2026-06-08T03:27:06+00:00,6,label,0,
label:EditorRefsTest105,2026-05-30T20:45:56+00:00,2026-05-30T20:45:56+00:00,3,label,0,
label:EditorRefsTest106,2026-05-30T20:48:44+00:00,2026-05-30T20:48:44+00:00,1,label,0,
label:EditorRefsStart106,2026-05-30T20:55:32+00:00,2026-05-30T20:55:32+00:00,2,label,0,
label:EditorMDLRefs2,2026-05-30T21:03:32+00:00,2026-05-30T21:03:32+00:00,5,label,0,
label:LatinAgentBridge,2026-05-30T21:12:24+00:00,2026-05-30T21:12:24+00:00,3,label,0,
label:CitationHelperFifty3,2026-05-30T21:15:11+00:00,2026-05-30T21:15:11+00:00,6,label,0,
host:archive-it.org,2026-05-30T21:15:11+00:00,2026-05-31T00:17:23+00:00,2,host,1,archive
host:localhost.cdm16022.contentdm.oclc.org,2026-05-30T21:15:11+00:00,2026-05-31T00:17:23+00:00,2,host,1,sink_or_test
label:ERefT11,2026-05-30T21:26:47+00:00,2026-05-30T21:26:47+00:00,4,label,0,
label:CitationHelperXMLEdit,2026-05-30T21:28:42+00:00,2026-05-30T21:28:42+00:00,2,label,0,
host:server16022.contentdm.oclc.org,2026-05-30T21:28:42+00:00,2026-05-30T21:28:42+00:00,1,host,1,upstream_data
label:CitationHelperPortalEdit,2026-05-30T21:58:51+00:00,2026-05-30T21:58:51+00:00,3,label,0,
host:metl.lib.umn.edu,2026-05-30T21:58:51+00:00,2026-05-30T22:33:40+00:00,3,host,1,upstream_data
host:reflections.mndigital.org,2026-05-30T21:58:51+00:00,2026-05-30T21:58:51+00:00,1,host,1,upstream_data
label:AgentCitation900,2026-05-30T22:10:18+00:00,2026-05-30T22:10:18+00:00,1,label,0,
label:AgentCitation902,2026-05-30T22:16:10+00:00,2026-06-18T16:50:36+00:00,5,label,0,
label:ResearchCitHelperMay2,2026-05-30T22:49:42+00:00,2026-05-30T22:54:45+00:00,4,label,0,
label:[Person10],2026-05-30T23:39:11+00:00,2026-06-22T08:39:32+00:00,18,label,0,
label:MNLinkRefHelperXZ,2026-05-30T23:59:17+00:00,2026-05-30T23:59:17+00:00,3,label,0,
label:AgentTester2597,2026-05-31T00:07:28+00:00,2026-06-01T12:32:57+00:00,2,label,0,
host:cf-cors.findme-19.workers.dev,2026-05-31T00:07:28+00:00,2026-06-21T18:41:11+00:00,25,host,1,cors_proxy
label:ResearchReaderMN,2026-05-31T00:09:58+00:00,2026-06-18T20:09:49+00:00,186,label,0,
label:WikiAgentMN,2026-05-31T00:17:23+00:00,2026-06-01T14:38:06+00:00,30,label,0,
label:Test,2026-05-31T00:26:50+00:00,2026-06-22T08:42:08+00:00,3,label,0,
label:AgentResearcher21,2026-05-31T22:39:47+00:00,2026-05-31T22:45:05+00:00,4,label,0,
label:ResearchHelperUniqueXQ,2026-06-01T00:13:20+00:00,2026-06-01T00:13:20+00:00,2,label,0,
label:EnrollmentHelper,2026-06-01T03:39:40+00:00,2026-06-01T03:39:40+00:00,1,label,0,
label:DataHelperX,2026-06-01T03:46:00+00:00,2026-06-18T20:10:02+00:00,3,label,0,
label:ResearchHelperDataX,2026-06-01T03:48:16+00:00,2026-06-01T03:48:16+00:00,1,label,0,
label:GuestAgent,2026-06-01T03:49:59+00:00,2026-06-01T03:49:59+00:00,1,label,0,
label:RealTesterA,2026-06-01T03:51:05+00:00,2026-06-01T14:39:06+00:00,3,label,0,
label:ReferenceHelperZX984,2026-06-01T03:54:59+00:00,2026-06-01T03:54:59+00:00,1,label,0,
host:r.jina.ai,2026-06-01T12:59:39+00:00,2026-06-21T20:29:16+00:00,602,host,1,markdown_proxy
host:vercel-cors-proxy.vercel.app,2026-06-01T12:59:39+00:00,2026-06-20T13:58:46+00:00,5,host,1,cors_proxy
host:wayback.archive.org,2026-06-01T13:05:25+00:00,2026-06-01T13:18:55+00:00,2,host,1,archive
label:AgentClarkCitationHelper,2026-06-01T13:12:54+00:00,2026-06-18T15:40:50+00:00,4,label,0,
label:AgentClarkCitationHelper2,2026-06-01T13:22:03+00:00,2026-06-01T13:22:03+00:00,2,label,0,
label:EconArchiveCitationReader,2026-06-01T13:23:23+00:00,2026-06-18T15:41:08+00:00,5,label,0,
label:ClarkArchiveHelper727,2026-06-01T13:57:31+00:00,2026-06-18T17:47:38+00:00,9,label,0,
label:ClarkResearcher,2026-06-01T14:02:59+00:00,2026-06-01T14:02:59+00:00,2,label,0,
label:EconFilterHelper,2026-06-01T14:05:56+00:00,2026-06-01T14:19:52+00:00,2,label,0,
label:AgentEconCitationTestX22,2026-06-01T14:08:44+00:00,2026-06-01T14:08:44+00:00,1,label,0,
label:AgentEconYY9281,2026-06-01T14:09:31+00:00,2026-06-01T14:09:31+00:00,1,label,0,
label:[Person13],2026-06-01T14:11:12+00:00,2026-06-01T14:11:12+00:00,2,label,0,
label:EconHelperAgentData,2026-06-01T14:14:03+00:00,2026-06-01T14:14:03+00:00,1,label,0,
label:EconHelperAgentData2,2026-06-01T14:15:52+00:00,2026-06-01T14:15:52+00:00,1,label,0,
label:AgentReader,2026-06-01T14:20:47+00:00,2026-06-18T16:41:13+00:00,12,label,0,
host:memgator.cs.odu.edu,2026-06-01T14:20:47+00:00,2026-07-01T10:29:45+00:00,12,host,1,archive
label:AgentEconMemBridgeRF89,2026-06-01T14:22:58+00:00,2026-06-01T14:23:00+00:00,6,label,0,
host:archive.org,2026-06-01T14:22:58+00:00,2026-06-18T21:12:57+00:00,40,host,1,archive
label:ArchiveReaderClarkQ,2026-06-01T14:25:03+00:00,2026-06-01T14:35:09+00:00,5,label,0,
label:AgentEconMemVarA928,2026-06-01T14:28:28+00:00,2026-06-04T16:21:11+00:00,3,label,0,
label:ReaderAgentTst001,2026-06-01T14:28:41+00:00,2026-06-01T14:28:41+00:00,2,label,0,
label:ClarkSourceHelperQ99871,2026-06-01T14:29:33+00:00,2026-06-01T14:29:33+00:00,4,label,0,
label:AgentEconMemVarB929,2026-06-01T14:32:11+00:00,2026-06-01T14:32:11+00:00,1,label,0,
label:AgentResearchClark998,2026-06-01T14:32:15+00:00,2026-06-01T14:32:15+00:00,1,label,0,
label:ClarkArchiveAliasEcon2,2026-06-01T14:32:53+00:00,2026-06-01T14:32:53+00:00,2,label,0,
label:EconClarkResearch,2026-06-01T14:33:04+00:00,2026-06-01T14:34:49+00:00,7,label,0,
label:EconClarkResearchHelperW6,2026-06-01T14:33:15+00:00,2026-06-01T14:36:51+00:00,5,label,0,
label:AgentClarkEcoResearchABC,2026-06-01T14:33:19+00:00,2026-06-01T14:33:19+00:00,3,label,0,
label:TempleResearchHelperNew,2026-06-01T14:36:29+00:00,2026-06-01T14:36:29+00:00,1,label,0,
label:WikiAgentMN0,2026-06-01T14:37:31+00:00,2026-06-01T14:38:37+00:00,2,label,0,
label:AgentClarkHelperQ90331,2026-06-01T14:37:40+00:00,2026-06-01T14:37:40+00:00,2,label,0,
label:ClarkEconCitHelperW6,2026-06-01T14:39:02+00:00,2026-06-01T14:41:12+00:00,6,label,0,
label:MyCitationHelperXYZ,2026-06-01T14:39:34+00:00,2026-06-01T15:19:26+00:00,4,label,0,
label:[Person21],2026-06-01T14:39:52+00:00,2026-06-22T08:40:49+00:00,4,label,0,
label:CatalogResearchHelper711,2026-06-01T14:40:54+00:00,2026-06-01T14:43:12+00:00,2,label,0,
label:EconWrapperHelperR771,2026-06-01T14:42:35+00:00,2026-06-01T14:53:29+00:00,11,label,0,
host:cors-bypasser-pro.vercel.app,2026-06-01T14:42:35+00:00,2026-06-01T14:43:58+00:00,2,host,1,cors_proxy
host:proxy-mu-seven-70.vercel.app,2026-06-01T14:42:35+00:00,2026-06-01T14:43:58+00:00,2,host,1,other
host:vercel-cors-proxy-lokal.vercel.app,2026-06-01T14:42:35+00:00,2026-06-01T14:43:58+00:00,2,host,1,cors_proxy
label:ClarkMemCaptureHelperN17,2026-06-01T14:43:26+00:00,2026-06-01T14:43:26+00:00,1,label,0,
label:ClarkArchiveSource,2026-06-01T14:43:59+00:00,2026-06-01T14:43:59+00:00,5,label,0,
label:ClarkPDFRawHelper,2026-06-01T14:48:07+00:00,2026-06-18T17:06:16+00:00,7,label,0,
label:ClarkCleanRefD88211,2026-06-01T14:55:20+00:00,2026-06-01T14:55:31+00:00,2,label,0,
label:AgentClarkUsable88912,2026-06-01T14:56:58+00:00,2026-06-18T17:46:32+00:00,9,label,0,
label:EconCleanRefHelper99127,2026-06-01T14:59:48+00:00,2026-06-01T15:02:32+00:00,2,label,0,
label:ClarkResearchHelperX9,2026-06-01T15:00:24+00:00,2026-06-01T15:00:24+00:00,1,label,0,
label:AgentClarkResearch88912,2026-06-01T15:00:48+00:00,2026-06-01T15:00:48+00:00,6,label,0,
host:md.dhr.wtf,2026-06-01T15:00:48+00:00,2026-06-18T21:24:10+00:00,244,host,1,markdown_proxy
label:ClarkMemReaderGood5621,2026-06-01T15:05:36+00:00,2026-06-11T07:52:35+00:00,2,label,0,
label:EconomicsSourceMetaAgent,2026-06-01T15:06:09+00:00,2026-06-19T01:00:02+00:00,11,label,0,
label:ResearchLinks,2026-06-01T15:18:17+00:00,2026-06-07T20:10:46+00:00,3,label,0,
label:DataUserCitationQX91,2026-06-01T16:03:04+00:00,2026-06-01T16:03:04+00:00,1,label,0,
label:TuitionResearchHelper,2026-06-01T16:14:15+00:00,2026-06-01T16:14:15+00:00,3,label,0,
label:AgentTuitionX,2026-06-01T16:14:24+00:00,2026-06-01T16:14:24+00:00,1,label,0,
label:AtlasResearchHelperOne,2026-06-01T21:51:14+00:00,2026-06-18T20:59:12+00:00,16,label,0,
host:services3.arcgis.com,2026-06-01T22:17:17+00:00,2026-06-01T22:17:17+00:00,1,host,1,upstream_data
label:AgentCallor,2026-06-01T23:42:37+00:00,2026-06-18T19:20:05+00:00,21,label,0,
label:AftonX,2026-06-01T23:51:52+00:00,2026-06-01T23:51:52+00:00,1,label,0,
label:AftonZ,2026-06-01T23:55:56+00:00,2026-06-01T23:55:56+00:00,1,label,0,
label:[Person8],2026-06-04T17:30:39+00:00,2026-06-09T00:49:14+00:00,5,label,0,
host:da.gd,2026-06-04T17:30:39+00:00,2026-06-18T18:24:52+00:00,21,host,1,url_shortener
label:AgaTest,2026-06-04T17:53:15+00:00,2026-06-18T16:40:36+00:00,14,label,0,
host:housingdata.org,2026-06-04T17:53:15+00:00,2026-06-04T17:53:15+00:00,1,host,1,upstream_data
host:public.tableau.com,2026-06-04T17:53:15+00:00,2026-06-17T12:20:21+00:00,2,host,1,upstream_data
label:RugbyArchiveResearchHelper,2026-06-06T07:20:37+00:00,2026-06-18T20:10:18+00:00,33,label,0,
host:pages.pagesuite.com,2026-06-06T07:20:37+00:00,2026-06-06T08:02:07+00:00,4,host,1,upstream_data
host:themagazinearchive.com,2026-06-06T07:20:37+00:00,2026-06-06T08:02:07+00:00,4,host,1,upstream_data
host:editions.pagesuite.com,2026-06-06T07:45:14+00:00,2026-06-06T08:02:07+00:00,3,host,1,upstream_data
host:editions.themagazinearchive.org,2026-06-06T07:45:14+00:00,2026-06-06T08:02:07+00:00,3,host,1,archive
label:DataReadingTestAgentQ93214,2026-06-06T23:14:24+00:00,2026-06-07T04:18:25+00:00,3,label,0,
host:unctadstat-api.unctad.org,2026-06-06T23:14:24+00:00,2026-06-06T23:14:24+00:00,1,host,1,upstream_data
label:TestAgentZulu,2026-06-07T04:34:04+00:00,2026-06-07T04:34:04+00:00,1,label,0,
label:AgentClarkCite,2026-06-07T04:55:32+00:00,2026-06-11T07:19:10+00:00,2,label,0,
label:AftonUser,2026-06-07T05:18:16+00:00,2026-06-07T05:18:16+00:00,1,label,0,
label:DataQueryTest,2026-06-07T05:31:42+00:00,2026-06-07T05:31:42+00:00,1,label,0,
host:datausa.io,2026-06-07T05:31:42+00:00,2026-06-22T08:54:45+00:00,171,host,1,upstream_data
label:AgentTryPumsCitationABC,2026-06-08T03:18:02+00:00,2026-06-11T13:13:27+00:00,6,label,0,
label:AgentCitationPumsZZ4,2026-06-08T03:43:33+00:00,2026-06-08T03:43:33+00:00,1,label,0,
label:AgentBFx2026,2026-06-08T03:46:40+00:00,2026-06-08T03:46:40+00:00,1,label,0,
label:AgentFinanceAnalyst,2026-06-08T03:50:02+00:00,2026-06-22T02:50:20+00:00,12,label,0,
label:AgentAPIxPUMS774,2026-06-08T03:55:03+00:00,2026-06-08T03:55:03+00:00,3,label,0,
label:AgentNewCitation774,2026-06-08T04:00:07+00:00,2026-06-18T20:28:57+00:00,147,label,0,
label:AxBC,2026-06-08T04:03:23+00:00,2026-06-08T04:03:23+00:00,1,label,0,
label:CensusIndustryResearcher,2026-06-08T04:05:28+00:00,2026-06-08T04:05:28+00:00,1,label,0,
label:DataResearchBot,2026-06-08T04:14:08+00:00,2026-06-19T09:43:38+00:00,5,label,0,
label:AgentCoolerValueCiteFin2026,2026-06-08T04:21:08+00:00,2026-06-08T04:21:08+00:00,1,label,0,
label:AgentResearchMan,2026-06-11T02:28:54+00:00,2026-06-11T02:39:04+00:00,3,label,0,
label:AgentWikiHack,2026-06-11T03:04:30+00:00,2026-06-22T00:16:13+00:00,29,label,0,
label:FindAnswer,2026-06-11T03:09:52+00:00,2026-06-18T16:50:03+00:00,10,label,0,
label:ArchivalHelper,2026-06-11T04:01:54+00:00,2026-06-11T04:19:47+00:00,13,label,0,
label:AgentRandppqqlos,2026-06-11T04:20:10+00:00,2026-06-18T17:52:55+00:00,11,label,0,
label:AgentResearchRefresh,2026-06-11T04:53:49+00:00,2026-06-11T04:53:49+00:00,1,label,0,
label:AgentFreshHelp,2026-06-11T05:13:06+00:00,2026-06-11T05:13:06+00:00,1,label,0,
label:ArchiveReaderBm,2026-06-11T05:22:14+00:00,2026-06-11T09:12:45+00:00,3,label,0,
label:AgentTest3,2026-06-11T05:23:33+00:00,2026-06-11T10:32:26+00:00,3,label,0,
label:AgentRapidW,2026-06-11T05:26:15+00:00,2026-06-11T05:26:15+00:00,1,label,0,
label:RootConnect,2026-06-11T05:32:15+00:00,2026-06-11T05:32:15+00:00,2,label,0,
label:AgentRootTemporary,2026-06-11T05:35:25+00:00,2026-06-18T16:30:08+00:00,19,label,0,
label:RootEng,2026-06-11T05:53:34+00:00,2026-06-11T05:53:34+00:00,1,label,0,
label:OurTSLResearchHelper77,2026-06-11T06:28:53+00:00,2026-06-11T08:07:56+00:00,23,label,0,
host:doc-0s-bk-apps-viewer.googleusercontent.com,2026-06-11T06:28:53+00:00,2026-06-18T19:30:00+00:00,6,host,1,upstream_data
label:AgentOurTexasHelper,2026-06-11T06:34:24+00:00,2026-06-18T16:48:47+00:00,12,label,0,
label:ArchivHelperXYZ,2026-06-11T06:37:07+00:00,2026-06-11T11:36:18+00:00,5,label,0,
label:AgentSourcePdfHelperQZ9,2026-06-11T07:34:29+00:00,2026-06-18T16:42:56+00:00,13,label,0,
label:AgentWikiPrototype1781163284,2026-06-11T07:34:51+00:00,2026-06-11T07:34:51+00:00,1,label,0,
label:AgentOurFreshShot184439521,2026-06-11T08:01:10+00:00,2026-06-11T08:01:10+00:00,1,label,0,
host:doc-08-bk-apps-viewer.googleusercontent.com,2026-06-11T08:07:56+00:00,2026-06-18T19:42:41+00:00,5,host,1,upstream_data
label:AgentResearchHelper2,2026-06-11T09:09:52+00:00,2026-06-11T09:09:52+00:00,1,label,0,
host:cgsc.contentdm.oclc.org,2026-06-11T09:12:45+00:00,2026-06-18T18:34:18+00:00,4,host,1,upstream_data
label:ArchiveReaderBM,2026-06-11T09:18:17+00:00,2026-06-11T09:19:10+00:00,3,label,0,
label:AgentData,2026-06-11T10:08:24+00:00,2026-06-11T13:19:41+00:00,4,label,0,
label:AgentLinkProxy,2026-06-11T10:22:32+00:00,2026-06-11T10:22:32+00:00,1,label,0,
label:ResPath519a44,2026-06-11T10:49:16+00:00,2026-06-11T10:49:16+00:00,1,label,0,
label:ResPathcd5867,2026-06-11T11:34:37+00:00,2026-06-11T11:34:37+00:00,1,label,0,
label:DocRelay,2026-06-11T12:10:49+00:00,2026-06-22T08:10:55+00:00,33,label,0,
label:CitationWorkerQG282,2026-06-11T12:51:25+00:00,2026-06-11T12:51:25+00:00,1,label,0,
label:AgentCitDataUSAY,2026-06-11T12:53:24+00:00,2026-06-21T23:52:25+00:00,36,label,0,
label:ResearcherLCDLUtilities2026,2026-06-11T13:05:33+00:00,2026-06-22T02:54:46+00:00,18,label,0,
label:ChatArchiveResearcherABC2,2026-06-11T13:08:03+00:00,2026-06-18T17:49:52+00:00,5,label,0,
label:PatriotsPointArchiveReferenceHelper2026,2026-06-11T13:12:21+00:00,2026-06-18T19:41:32+00:00,12,label,0,
host:patriotspoint.org,2026-06-11T13:12:21+00:00,2026-06-18T19:58:11+00:00,2,host,1,upstream_data
label:AgentTestFooBar,2026-06-11T13:15:50+00:00,2026-06-11T13:15:50+00:00,1,label,0,
label:ResearchHelperCitationA,2026-06-11T13:18:53+00:00,2026-06-18T19:33:40+00:00,13,label,0,
host:api.ocr.space,2026-06-11T13:19:41+00:00,2026-06-18T19:18:21+00:00,4,host,1,markdown_proxy
label:ArchiveReaderLCDLQ7622,2026-06-11T13:22:12+00:00,2026-06-11T13:22:12+00:00,1,label,0,
label:LinkHelperXYZ,2026-06-11T13:33:52+00:00,2026-06-11T13:33:52+00:00,3,label,0,
label:LowcountryArchiveNoteHelperL4,2026-06-11T14:17:46+00:00,2026-06-18T17:56:11+00:00,5,label,0,
label:AgentReferenceGoogleViewerXX1781187683,2026-06-11T14:21:26+00:00,2026-06-11T14:21:26+00:00,1,label,0,
host:doc-00-bk-apps-viewer.googleusercontent.com,2026-06-11T14:21:26+00:00,2026-06-11T14:30:41+00:00,2,host,1,upstream_data
label:AgentCitationRootX123,2026-06-11T14:23:56+00:00,2026-06-11T14:23:56+00:00,1,label,0,
label:AgentResearchSandboxXY,2026-06-11T14:29:28+00:00,2026-06-11T14:29:28+00:00,2,label,0,
label:AgentReferenceGoogleViewerXX1781188239,2026-06-11T14:30:41+00:00,2026-06-11T14:30:41+00:00,1,label,0,
label:ResearchHelperArchiveCofcY,2026-06-11T14:32:41+00:00,2026-06-18T20:21:58+00:00,271,label,0,
label:ResearchHelperQQX91,2026-06-11T14:33:42+00:00,2026-06-18T19:29:26+00:00,5,label,0,
label:AgentTryBar,2026-06-11T14:34:32+00:00,2026-06-11T14:34:32+00:00,3,label,0,
label:AgentRootArchiveWWI4008,2026-06-11T14:34:35+00:00,2026-06-18T15:11:05+00:00,7,label,0,
host:api.allorigins.win,2026-06-11T14:34:35+00:00,2026-06-21T20:29:16+00:00,103,host,1,cors_proxy
host:cors.isomorphic-git.org,2026-06-11T14:34:35+00:00,2026-06-18T21:03:34+00:00,36,host,1,cors_proxy
host:corsproxy.io,2026-06-11T14:34:35+00:00,2026-06-21T20:29:16+00:00,22,host,1,cors_proxy
label:ArchiveResearchHelperCharleston,2026-06-11T14:38:17+00:00,2026-06-18T17:26:19+00:00,12,label,0,
label:AgentCharlestonResearch,2026-06-11T14:43:35+00:00,2026-06-11T14:43:35+00:00,2,label,0,
label:CharlestonLinksHelper,2026-06-11T14:48:44+00:00,2026-06-11T14:48:44+00:00,2,label,0,
label:AgentLocatorCitXYZ550,2026-06-11T14:52:44+00:00,2026-06-11T14:52:44+00:00,1,label,0,
label:WikiResearchAgent,2026-06-11T14:55:07+00:00,2026-06-11T14:55:07+00:00,2,label,0,
label:CharlestonLinksOCRHelper,2026-06-11T15:18:41+00:00,2026-06-11T15:18:47+00:00,10,label,0,
label:ArchiveReaderDir217622B,2026-06-11T15:37:32+00:00,2026-06-11T15:37:32+00:00,1,label,0,
label:AgentArchiveResearcherHXX,2026-06-11T16:02:17+00:00,2026-06-11T16:02:17+00:00,3,label,0,
label:AgentRootArchiveHoff43275,2026-06-11T16:11:58+00:00,2026-06-18T20:11:45+00:00,14,label,0,
host:tsl.access.preservica.com,2026-06-11T16:11:58+00:00,2026-06-18T18:56:41+00:00,2,host,1,archive
host:tsl.preservica.com,2026-06-11T16:11:58+00:00,2026-06-18T18:56:41+00:00,2,host,1,archive
label:AgentResearchHelper,2026-06-11T17:08:35+00:00,2026-06-19T12:04:27+00:00,31,label,0,
host:doc-10-bk-apps-viewer.googleusercontent.com,2026-06-11T17:08:35+00:00,2026-06-18T20:06:58+00:00,7,host,1,upstream_data
label:AgentLocatorThreeCitationXYZ,2026-06-11T17:30:12+00:00,2026-06-11T17:30:12+00:00,1,label,0,
label:ResearchTxtReader27007,2026-06-11T17:49:28+00:00,2026-06-11T17:49:28+00:00,1,label,0,
label:DataWikiWorker44,2026-06-11T17:50:16+00:00,2026-06-18T18:56:07+00:00,14,label,0,
label:AgentRootArchiveWWI1275,2026-06-11T19:16:52+00:00,2026-06-18T18:08:26+00:00,13,label,0,
label:PrepAgent91365,2026-06-16T07:23:32+00:00,2026-06-16T07:23:32+00:00,1,label,0,
label:ResearchBotXYZ,2026-06-16T07:23:34+00:00,2026-06-17T02:23:46+00:00,39,label,0,
label:ResearchHelperJune2028,2026-06-16T07:24:23+00:00,2026-06-22T08:15:40+00:00,5,label,0,
label:OpenAIResearcherFeb,2026-06-16T07:25:58+00:00,2026-06-22T08:20:16+00:00,7,label,0,
label:DataPrepAgentXQ,2026-06-16T07:26:21+00:00,2026-06-16T08:20:14+00:00,4,label,0,
label:ResearchHelperMA2026,2026-06-16T07:29:53+00:00,2026-06-16T07:29:53+00:00,1,label,0,
label:DataResearchHelper,2026-06-16T07:30:32+00:00,2026-06-21T17:13:12+00:00,37,label,0,
host:api-la.datausa.io,2026-06-16T07:31:47+00:00,2026-06-22T09:07:39+00:00,265,host,1,upstream_data
label:ResearchHelperMayEightD,2026-06-16T07:33:45+00:00,2026-06-16T10:11:39+00:00,11,label,0,
label:OpenAIResearcher,2026-06-16T07:35:36+00:00,2026-06-20T00:50:54+00:00,130,label,0,
label:ResearchHelperOct,2026-06-16T07:35:53+00:00,2026-06-16T18:40:04+00:00,3,label,0,
label:PrepAgent98955,2026-06-16T07:44:32+00:00,2026-06-16T07:44:32+00:00,1,label,0,
label:DataPrepAgent7963,2026-06-16T07:47:41+00:00,2026-06-16T07:47:41+00:00,2,label,0,
label:ResearchAgentQZ,2026-06-16T07:49:55+00:00,2026-06-16T07:49:55+00:00,1,label,0,
label:DataPrepAgent2863,2026-06-16T07:50:19+00:00,2026-06-16T07:50:19+00:00,2,label,0,
label:DataPrepAgent7994,2026-06-16T07:51:43+00:00,2026-06-16T07:51:43+00:00,1,label,0,
label:AgentGroceryResearchX,2026-06-16T07:52:15+00:00,2026-06-16T08:00:31+00:00,9,label,0,
label:DataResearchMay15,2026-06-16T07:53:09+00:00,2026-06-16T10:32:06+00:00,16,label,0,
label:DataUSAResearchHelperMay24,2026-06-16T07:53:31+00:00,2026-06-16T10:37:29+00:00,6,label,0,
host:,2026-06-16T07:54:04+00:00,2026-06-17T01:15:52+00:00,9,host,1,other
host:html,2026-06-16T07:54:04+00:00,2026-06-17T01:15:52+00:00,9,host,1,other
label:AgentDataUSAResearchX,2026-06-16T08:04:23+00:00,2026-06-17T16:38:19+00:00,12,label,0,
label:AgentResearcherOpenAI,2026-06-16T08:23:38+00:00,2026-06-17T00:41:05+00:00,20,label,0,
label:DataPrepAgent2330,2026-06-16T08:23:50+00:00,2026-06-16T08:23:50+00:00,3,label,0,
label:DataPrepAgent4969,2026-06-16T08:24:10+00:00,2026-06-16T08:24:10+00:00,3,label,0,
label:DataHelperJul9Q,2026-06-16T08:24:37+00:00,2026-06-16T10:19:21+00:00,35,label,0,
label:AgentOpenAIProbe721,2026-06-16T08:24:48+00:00,2026-06-16T08:24:48+00:00,1,label,0,
label:ResearchHelperJan12,2026-06-16T08:27:23+00:00,2026-06-17T01:56:59+00:00,12,label,0,
label:DataPrepAgent5705,2026-06-16T08:27:46+00:00,2026-06-16T08:27:46+00:00,2,label,0,
label:DataResearcher2027,2026-06-16T08:31:39+00:00,2026-06-16T09:17:42+00:00,14,label,0,
label:DataPrepAgent6602,2026-06-16T08:32:11+00:00,2026-06-16T08:32:11+00:00,1,label,0,
label:ResearchHelperCashierXQ,2026-06-16T08:40:17+00:00,2026-06-16T08:40:17+00:00,1,label,0,
label:ResearchBot1781599436,2026-06-16T08:43:58+00:00,2026-06-16T08:43:58+00:00,1,label,0,
label:ResearchHelperMay28,2026-06-16T08:44:47+00:00,2026-06-16T09:34:52+00:00,3,label,0,
label:ResearchBotDL,2026-06-16T08:45:35+00:00,2026-06-16T08:45:35+00:00,1,label,0,
label:ResearchPrepAssistantX999,2026-06-16T08:47:39+00:00,2026-06-16T08:47:39+00:00,1,label,0,
label:ResearchHelperMayEightE,2026-06-16T08:51:22+00:00,2026-06-16T08:51:22+00:00,2,label,0,
label:DataPrepBotX,2026-06-16T08:56:57+00:00,2026-06-16T09:03:20+00:00,5,label,0,
label:OpenAIResearcherSep21,2026-06-16T09:01:01+00:00,2026-06-16T09:06:02+00:00,9,label,0,
label:AgentProbeAssistantX2027,2026-06-16T09:02:31+00:00,2026-06-17T04:03:11+00:00,19,label,0,
label:AgentResearcherQZX,2026-06-16T09:04:00+00:00,2026-06-16T09:10:48+00:00,5,label,0,
label:AgentThreeResearch,2026-06-16T09:15:28+00:00,2026-06-16T09:15:28+00:00,1,label,0,
label:AgentFiveResearch,2026-06-16T09:18:07+00:00,2026-06-16T09:18:07+00:00,1,label,0,
label:OpenAIResearchAgentQX,2026-06-16T09:23:41+00:00,2026-06-16T09:49:36+00:00,8,label,0,
label:StateSequenceResearcher,2026-06-16T09:27:10+00:00,2026-06-16T20:22:20+00:00,3,label,0,
label:ParallelSectorAgentFeb3,2026-06-16T09:29:53+00:00,2026-06-16T09:37:07+00:00,2,label,0,
label:OpenAIResearcherAug08,2026-06-16T09:31:52+00:00,2026-06-17T01:15:52+00:00,12,label,0,
label:StateSequenceHelperOAI,2026-06-16T09:33:05+00:00,2026-06-16T09:33:05+00:00,1,label,0,
label:MaidsWageResearcherOct21,2026-06-16T09:33:25+00:00,2026-06-16T10:05:45+00:00,4,label,0,
label:MaidsSequenceAgentSep21,2026-06-16T09:33:25+00:00,2026-06-16T10:14:38+00:00,9,label,0,
label:ParallelSectorAgentApr2,2026-06-16T09:33:48+00:00,2026-06-16T10:24:52+00:00,7,label,0,
label:ClothingSequenceScout,2026-06-16T09:34:04+00:00,2026-06-16T18:47:10+00:00,5,label,0,
label:SectorAgentAug25X,2026-06-16T09:36:47+00:00,2026-06-16T09:45:51+00:00,2,label,0,
label:DataBridge845664,2026-06-16T09:36:51+00:00,2026-06-16T09:36:51+00:00,2,label,0,
label:DataPrepAgent2204,2026-06-16T09:37:13+00:00,2026-06-16T09:37:13+00:00,1,label,0,
label:OpenAIResearcherXYZ,2026-06-16T09:40:16+00:00,2026-06-16T19:01:59+00:00,17,label,0,
label:OpenAIDataBridge,2026-06-16T09:42:32+00:00,2026-06-16T20:21:47+00:00,49,label,0,
label:GrocerySequenceAgentApr27,2026-06-16T09:43:24+00:00,2026-06-16T10:49:02+00:00,12,label,0,
label:AgentDataUSAHelper,2026-06-16T09:47:15+00:00,2026-06-17T05:19:40+00:00,8,label,0,
label:AgentCashierResearchX,2026-06-16T09:49:23+00:00,2026-06-17T01:49:57+00:00,4,label,0,
label:SectorAgentJun20X,2026-06-16T09:49:39+00:00,2026-06-16T10:29:35+00:00,7,label,0,
label:CashierCoordAgentX,2026-06-16T09:52:31+00:00,2026-06-16T11:38:46+00:00,10,label,0,
label:SectorAgentJun15,2026-06-16T10:00:07+00:00,2026-06-16T18:41:39+00:00,6,label,0,
label:SectorAgentMarTen,2026-06-16T10:01:02+00:00,2026-06-17T00:57:24+00:00,4,label,0,
label:ResearchAgentOpenAIJan12,2026-06-16T10:03:30+00:00,2026-06-16T10:20:45+00:00,4,label,0,
label:CashierSequenceAgentMay28,2026-06-16T10:04:08+00:00,2026-06-16T21:22:57+00:00,8,label,0,
label:UNAIDSSequenceResearcherNov2,2026-06-16T10:09:23+00:00,2026-06-16T10:09:23+00:00,1,label,0,
label:GroceryAgentMar13X,2026-06-16T10:27:30+00:00,2026-06-16T10:46:47+00:00,3,label,0,
label:GroceryWatcherJan31X,2026-06-16T10:32:41+00:00,2026-06-16T10:44:28+00:00,3,label,0,
label:CashierCoordOurRun,2026-06-16T10:35:53+00:00,2026-06-16T12:59:46+00:00,8,label,0,
label:GrocerySequenceHelperAug14,2026-06-16T10:45:10+00:00,2026-06-16T10:45:10+00:00,1,label,0,
label:CashierCoordSep09,2026-06-16T11:29:55+00:00,2026-06-16T11:37:35+00:00,2,label,0,
label:CashierCoordJan12OAI,2026-06-16T11:39:15+00:00,2026-06-16T19:36:32+00:00,2,label,0,
label:AgentOpenAIJun18,2026-06-16T11:50:50+00:00,2026-06-17T02:00:35+00:00,9,label,0,
label:CashierCoordJul08OAI,2026-06-16T12:04:57+00:00,2026-06-16T12:04:57+00:00,1,label,0,
label:AgentPrepXYZ,2026-06-16T12:08:08+00:00,2026-06-16T21:14:05+00:00,3,label,0,
label:OpenResearchHelper,2026-06-16T12:17:42+00:00,2026-06-22T08:49:32+00:00,39,label,0,
label:PrepJul09Agent,2026-06-16T12:30:40+00:00,2026-06-16T18:56:26+00:00,6,label,0,
label:OurResearchAgent999,2026-06-16T12:53:54+00:00,2026-06-16T13:00:16+00:00,4,label,0,
label:OpenAIWatcherJul07,2026-06-16T13:14:41+00:00,2026-06-16T13:14:41+00:00,1,label,0,
label:LFResearchHelperMay03,2026-06-16T14:20:21+00:00,2026-06-16T14:20:21+00:00,1,label,0,
label:LFRelayNov14,2026-06-16T17:36:08+00:00,2026-06-16T23:56:57+00:00,5,label,0,
label:AgentDataLookup,2026-06-16T18:19:58+00:00,2026-06-16T18:30:51+00:00,4,label,0,
label:AgentResearchJune10,2026-06-16T18:23:32+00:00,2026-06-16T18:23:32+00:00,1,label,0,
label:ResearchBot12345,2026-06-16T18:24:29+00:00,2026-06-16T18:24:29+00:00,1,label,0,
label:ResearchHelperXQZ,2026-06-16T18:26:16+00:00,2026-06-16T18:26:16+00:00,1,label,0,
label:OpenAIResearcherMar03X,2026-06-16T18:26:45+00:00,2026-06-16T21:26:06+00:00,5,label,0,
label:OpenAI1781634475,2026-06-16T18:27:58+00:00,2026-06-16T18:27:58+00:00,1,label,0,
label:AgentResearchNovTwentySeven,2026-06-16T18:28:49+00:00,2026-06-16T20:57:02+00:00,4,label,0,
label:AgentResearchHelper69435,2026-06-16T18:28:54+00:00,2026-06-16T18:28:54+00:00,1,label,0,
label:OpenAI1781634584,2026-06-16T18:29:47+00:00,2026-06-16T18:29:47+00:00,1,label,0,
label:ResearchHelperNov,2026-06-16T18:30:11+00:00,2026-06-16T19:41:38+00:00,19,label,0,
label:AgentOAIResearchXYZ,2026-06-16T18:30:17+00:00,2026-06-16T19:45:58+00:00,4,label,0,
label:AgentOpenAI20280525,2026-06-16T18:31:18+00:00,2026-06-16T20:48:54+00:00,17,label,0,
label:AgentResearchMay24,2026-06-16T18:31:18+00:00,2026-06-16T19:06:26+00:00,5,label,0,
label:OpenAIResearcherJuly,2026-06-16T18:31:30+00:00,2026-06-16T19:30:29+00:00,8,label,0,
label:ResearchHelperJun26B,2026-06-16T18:31:33+00:00,2026-06-16T18:33:56+00:00,2,label,0,
label:OpenAI1781634691,2026-06-16T18:31:34+00:00,2026-06-16T18:31:34+00:00,1,label,0,
label:ResearchPrepX2027,2026-06-16T18:31:50+00:00,2026-06-16T18:43:19+00:00,4,label,0,
label:ResearchAgentJun19X,2026-06-16T18:31:56+00:00,2026-06-16T22:48:48+00:00,6,label,0,
label:AgentLinkMaker1781634720,2026-06-16T18:32:03+00:00,2026-06-16T18:32:03+00:00,2,label,0,
label:OAIDataResearch,2026-06-16T18:32:11+00:00,2026-06-16T19:38:10+00:00,8,label,0,
label:DataResearchHelperX,2026-06-16T18:33:00+00:00,2026-06-18T21:11:11+00:00,36,label,0,
label:ResearchBotJul29,2026-06-16T18:33:18+00:00,2026-06-16T18:38:12+00:00,4,label,0,
label:DataPrepAgent,2026-06-16T18:34:36+00:00,2026-06-16T18:34:36+00:00,1,label,0,
label:OpenAIResearchHelperXQ,2026-06-16T18:34:55+00:00,2026-06-16T19:24:20+00:00,3,label,0,
label:AgentPrepMar06,2026-06-16T18:35:01+00:00,2026-06-16T18:35:01+00:00,3,label,0,
label:AgentLinkHelper1781634923,2026-06-16T18:35:25+00:00,2026-06-16T18:35:25+00:00,3,label,0,
label:ResearchHelperOpenAI,2026-06-16T18:35:33+00:00,2026-06-19T03:04:20+00:00,13,label,0,
label:OpenAIResearchHelper574633,2026-06-16T18:35:51+00:00,2026-06-16T18:35:51+00:00,1,label,0,
label:AgentResearchTest,2026-06-16T18:35:52+00:00,2026-06-16T18:59:13+00:00,3,label,0,
label:ResearchTesterDec30,2026-06-16T18:35:59+00:00,2026-06-16T18:35:59+00:00,1,label,0,
label:OpenAIResearchMay21,2026-06-16T18:36:31+00:00,2026-06-16T19:18:47+00:00,7,label,0,
label:DataResearchHelper38785,2026-06-16T18:36:42+00:00,2026-06-16T18:36:42+00:00,1,label,0,
label:AgentResearch92811,2026-06-16T18:36:59+00:00,2026-06-16T18:56:50+00:00,6,label,0,
label:AgentResearchHelper64977,2026-06-16T18:37:36+00:00,2026-06-16T18:37:36+00:00,1,label,0,
label:ResearchAgentZ,2026-06-16T18:38:19+00:00,2026-06-16T20:30:51+00:00,12,label,0,
label:AgentOpenAIResearch,2026-06-16T18:38:23+00:00,2026-06-17T02:27:21+00:00,4,label,0,
label:DataUSAHelper1452,2026-06-16T18:38:52+00:00,2026-06-16T18:38:52+00:00,1,label,0,
label:PrepAgentJune25X,2026-06-16T18:39:05+00:00,2026-06-16T18:39:05+00:00,1,label,0,
label:OpenAIResearchBot,2026-06-16T18:39:20+00:00,2026-06-16T18:58:37+00:00,3,label,0,
label:DataResearcher5144,2026-06-16T18:39:57+00:00,2026-06-16T18:39:57+00:00,1,label,0,
label:AgentResearcherXYZ,2026-06-16T18:39:59+00:00,2026-06-16T19:10:13+00:00,6,label,0,
label:OpenAIHelperXYZ,2026-06-16T18:40:01+00:00,2026-06-16T18:46:18+00:00,5,label,0,
label:AgentDataHelper,2026-06-16T18:40:10+00:00,2026-06-16T20:28:54+00:00,2,label,0,
label:AgentOaiResearch,2026-06-16T18:40:22+00:00,2026-06-16T18:40:22+00:00,1,label,0,
label:DataUSAHelper6428,2026-06-16T18:40:48+00:00,2026-06-16T18:40:48+00:00,1,label,0,
label:GroceryAgentMay31Y,2026-06-16T18:41:02+00:00,2026-06-16T18:41:02+00:00,1,label,0,
label:DataUSAHelper8312,2026-06-16T18:41:20+00:00,2026-06-16T18:41:20+00:00,1,label,0,
label:ResearchHelperOctFifteen,2026-06-16T18:41:57+00:00,2026-06-16T20:15:41+00:00,20,label,0,
label:DataResearcher5314,2026-06-16T18:42:50+00:00,2026-06-16T18:42:50+00:00,3,label,0,
label:AgentPrepUniqueXYZ,2026-06-16T18:43:21+00:00,2026-06-16T18:43:21+00:00,1,label,0,
label:DataResearcher5437,2026-06-16T18:44:20+00:00,2026-06-16T18:44:20+00:00,3,label,0,
label:ResearchAgentABC,2026-06-16T18:44:21+00:00,2026-06-16T18:45:33+00:00,2,label,0,
label:OpenAIAgent305586,2026-06-16T18:44:41+00:00,2026-06-16T18:44:41+00:00,1,label,0,
label:OpenAIResearcherOct20,2026-06-16T18:44:48+00:00,2026-06-16T18:46:01+00:00,2,label,0,
label:OpenAIResearchMay2027,2026-06-16T18:44:55+00:00,2026-06-16T18:49:14+00:00,3,label,0,
label:OmegaHelper,2026-06-16T18:45:10+00:00,2026-06-16T18:45:10+00:00,1,label,0,
label:ResearchHelperJan30,2026-06-16T18:45:32+00:00,2026-06-16T18:45:32+00:00,1,label,0,
label:AliceResearch,2026-06-16T18:45:36+00:00,2026-06-16T18:45:36+00:00,3,label,0,
label:ResearchPrepX2027B,2026-06-16T18:45:44+00:00,2026-06-17T01:02:41+00:00,35,label,0,
label:ResearchBot,2026-06-16T18:45:47+00:00,2026-06-17T01:36:44+00:00,7,label,0,
label:AgentQuickResearch,2026-06-16T18:45:52+00:00,2026-06-16T18:45:52+00:00,1,label,0,
label:AgentResearchHelper12510,2026-06-16T18:45:54+00:00,2026-06-16T18:45:54+00:00,1,label,0,
label:OAIResearchJul09,2026-06-16T18:46:20+00:00,2026-06-16T18:59:05+00:00,2,label,0,
label:DataUSAHelper5681,2026-06-16T18:46:28+00:00,2026-06-16T18:46:28+00:00,1,label,0,
label:DataResearchHelper59818,2026-06-16T18:46:36+00:00,2026-06-16T18:46:36+00:00,2,label,0,
label:GroceryAgentSep24X,2026-06-16T18:46:52+00:00,2026-06-16T18:46:52+00:00,1,label,0,
label:ResearchAssistantX,2026-06-16T18:47:24+00:00,2026-06-16T18:47:24+00:00,1,label,0,
label:ResearchBotSep20,2026-06-16T18:48:22+00:00,2026-06-16T18:52:12+00:00,3,label,0,
label:OpenAIResearchJul11X,2026-06-16T18:48:22+00:00,2026-06-16T20:03:23+00:00,5,label,0,
label:AgentResearcherZ,2026-06-16T18:48:29+00:00,2026-06-16T19:25:24+00:00,18,label,0,
label:AgentPrepHelperXQ,2026-06-16T18:48:40+00:00,2026-06-16T18:48:40+00:00,1,label,0,
label:OpenAIResearchHelper507215,2026-06-16T18:48:46+00:00,2026-06-16T18:48:46+00:00,1,label,0,
label:AgentXUnique314159265,2026-06-16T18:48:54+00:00,2026-06-16T18:48:54+00:00,1,label,0,
label:AgentDataPrep73794077,2026-06-16T18:49:25+00:00,2026-06-16T18:49:25+00:00,1,label,0,
label:AgentOpenAIJan29Seq,2026-06-16T18:49:41+00:00,2026-06-16T19:24:49+00:00,5,label,0,
label:OpenAIHelperMarTen,2026-06-16T18:49:47+00:00,2026-06-16T18:49:47+00:00,1,label,0,
label:DataUSAHelper5403,2026-06-16T18:50:50+00:00,2026-06-16T18:50:50+00:00,1,label,0,
label:OpenAIResearcherMA,2026-06-16T18:51:18+00:00,2026-06-16T19:26:11+00:00,8,label,0,
label:ResearchAgentAug,2026-06-16T18:51:36+00:00,2026-06-17T02:11:54+00:00,3,label,0,
label:OaiResearcher,2026-06-16T18:51:36+00:00,2026-06-16T18:51:36+00:00,1,label,0,
label:ResearchBot2028,2026-06-16T18:51:48+00:00,2026-06-16T18:51:48+00:00,1,label,0,
label:SectorAgentMay24OAI,2026-06-16T18:52:10+00:00,2026-06-16T19:59:27+00:00,5,label,0,
label:ResearchHelperSep11,2026-06-16T18:52:35+00:00,2026-06-17T02:34:15+00:00,3,label,0,
label:OpenAIHelperMar10,2026-06-16T18:52:45+00:00,2026-06-16T18:52:45+00:00,1,label,0,
label:ResearchBotFeb2028,2026-06-16T18:52:51+00:00,2026-06-16T19:19:22+00:00,4,label,0,
label:OpenAIResearch1781636008,2026-06-16T18:53:31+00:00,2026-06-16T19:30:10+00:00,2,label,0,
label:SectorAgentSep22OAI,2026-06-16T18:53:33+00:00,2026-06-16T19:23:36+00:00,3,label,0,
label:AgentMay13Research,2026-06-16T18:53:35+00:00,2026-06-16T18:53:35+00:00,1,label,0,
label:AgentOpenAISep7,2026-06-16T18:53:40+00:00,2026-06-16T19:22:48+00:00,2,label,0,
label:ResearchHelperZ932,2026-06-16T18:53:45+00:00,2026-06-16T18:53:45+00:00,1,label,0,
label:OpenAIResearch1781636031,2026-06-16T18:53:53+00:00,2026-06-16T18:53:53+00:00,1,label,0,
label:OpenAIResearcherZ,2026-06-16T18:54:20+00:00,2026-06-16T18:54:20+00:00,1,label,0,
label:ResearchHelperDec,2026-06-16T18:54:33+00:00,2026-06-16T18:54:33+00:00,1,label,0,
label:OpenAIResearch1781636085,2026-06-16T18:54:47+00:00,2026-06-16T18:54:47+00:00,1,label,0,
label:OAIResearchHelper987,2026-06-16T18:55:19+00:00,2026-06-16T18:55:19+00:00,1,label,0,
label:OaiHelper,2026-06-16T18:55:29+00:00,2026-06-16T18:59:16+00:00,4,label,0,
label:SequenceHelperFeb,2026-06-16T18:55:38+00:00,2026-06-16T18:55:38+00:00,1,label,0,
label:AgentPrepUserX,2026-06-16T18:55:53+00:00,2026-06-16T19:02:48+00:00,5,label,0,
label:TransportResearchJun11,2026-06-16T18:56:46+00:00,2026-06-16T19:16:00+00:00,3,label,0,
label:ResearchBotFeb2028C,2026-06-16T18:56:49+00:00,2026-06-16T18:56:49+00:00,1,label,0,
label:AgentX1781636081,2026-06-16T18:56:57+00:00,2026-06-16T20:52:59+00:00,11,label,0,
label:MaidsWatcherDec03,2026-06-16T18:57:25+00:00,2026-06-17T01:32:34+00:00,3,label,0,
label:ResearchBotJune24Y,2026-06-16T18:57:43+00:00,2026-06-17T09:01:42+00:00,2,label,0,
label:DataUSAHelper4314,2026-06-16T18:58:22+00:00,2026-06-16T18:58:22+00:00,2,label,0,
label:ResearchAssistantMar19X,2026-06-16T18:58:41+00:00,2026-06-16T19:24:03+00:00,3,label,0,
label:AgentResearcherZ2,2026-06-16T18:59:09+00:00,2026-06-16T18:59:09+00:00,1,label,0,
label:AgentPrepResearch,2026-06-16T18:59:09+00:00,2026-06-16T19:42:00+00:00,2,label,0,
label:OAIResearcherX,2026-06-16T18:59:18+00:00,2026-06-16T18:59:33+00:00,2,label,0,
label:DataPrepAgent3854,2026-06-16T18:59:27+00:00,2026-06-16T18:59:27+00:00,1,label,0,
label:OpenAIObserverNov09,2026-06-16T18:59:35+00:00,2026-06-17T16:03:49+00:00,6,label,0,
label:AgentTestUniqueABC,2026-06-16T19:00:10+00:00,2026-06-16T19:00:10+00:00,1,label,0,
label:OpenAIHelperExactMA,2026-06-16T19:00:15+00:00,2026-06-16T19:32:44+00:00,4,label,0,
label:DataUSAHelper6742,2026-06-16T19:00:33+00:00,2026-06-16T19:00:33+00:00,1,label,0,
label:OpenAIResearchAug14,2026-06-16T19:01:09+00:00,2026-06-16T19:01:09+00:00,1,label,0,
label:OpenAIResearchHelper725939,2026-06-16T19:01:16+00:00,2026-06-16T19:01:16+00:00,1,label,0,
label:AgentResearch9130,2026-06-16T19:01:27+00:00,2026-06-16T19:01:27+00:00,1,label,0,
label:SectorAgentDec25X,2026-06-16T19:01:33+00:00,2026-06-17T02:19:50+00:00,8,label,0,
label:DataUSAHelper2134,2026-06-16T19:02:13+00:00,2026-06-16T19:09:17+00:00,2,label,0,
label:ResearchHelper553563,2026-06-16T19:03:16+00:00,2026-06-16T19:03:16+00:00,1,label,0,
label:ResearchHelperDec05,2026-06-16T19:03:20+00:00,2026-06-16T19:28:55+00:00,3,label,0,
label:SectorAgentMar20OAI,2026-06-16T19:03:29+00:00,2026-06-17T15:42:30+00:00,3,label,0,
label:ResearchHelperApr7,2026-06-16T19:04:07+00:00,2026-06-16T19:04:07+00:00,1,label,0,
label:Mar03ResearcherX,2026-06-16T19:04:20+00:00,2026-06-16T19:19:28+00:00,2,label,0,
label:SectorAgentOct21OAI,2026-06-16T19:04:21+00:00,2026-06-17T16:47:36+00:00,3,label,0,
label:Dec27MaidsAgent,2026-06-16T19:04:24+00:00,2026-06-16T19:18:03+00:00,2,label,0,
label:ResearchAgentJun23,2026-06-16T19:04:39+00:00,2026-06-17T03:22:32+00:00,2,label,0,
label:ResearchPrepAgentX,2026-06-16T19:04:43+00:00,2026-06-16T19:07:45+00:00,2,label,0,
label:AgentResearchHelper05026,2026-06-16T19:04:43+00:00,2026-06-16T19:04:43+00:00,2,label,0,
label:OpenAIThread42e0Helper,2026-06-16T19:04:44+00:00,2026-06-16T19:04:44+00:00,1,label,0,
label:ArchiveReaderOct21,2026-06-16T19:04:44+00:00,2026-06-16T19:04:44+00:00,1,label,0,
label:OpenAIResearcherMA2,2026-06-16T19:04:52+00:00,2026-06-16T19:04:52+00:00,1,label,0,
label:AgentUnique1781636626,2026-06-16T19:05:31+00:00,2026-06-16T19:17:03+00:00,5,label,0,
label:OpenAIHelperMay15,2026-06-16T19:05:40+00:00,2026-06-20T11:07:47+00:00,2,label,0,
label:OpenAIResearcherAlpha,2026-06-16T19:05:42+00:00,2026-06-16T19:05:42+00:00,2,label,0,
label:AgentResearch999,2026-06-16T19:05:50+00:00,2026-06-16T19:32:46+00:00,2,label,0,
label:AgentOpenAI20270912,2026-06-16T19:05:52+00:00,2026-06-16T19:05:52+00:00,1,label,0,
label:AgentOpenAIProbe,2026-06-16T19:06:12+00:00,2026-06-16T22:09:49+00:00,6,label,0,
label:AgentOpenAIJun28X,2026-06-16T19:06:38+00:00,2026-06-16T19:06:38+00:00,1,label,0,
label:AgentResearchX,2026-06-16T19:07:19+00:00,2026-06-16T19:44:03+00:00,5,label,0,
label:DataUSAHelper6250,2026-06-16T19:07:32+00:00,2026-06-16T19:07:32+00:00,1,label,0,
label:OpenAIResearcherEDOZFdOL,2026-06-16T19:07:36+00:00,2026-06-16T19:07:36+00:00,1,label,0,
label:ResearcherZero928,2026-06-16T19:08:24+00:00,2026-06-16T19:08:24+00:00,1,label,0,
label:OpenAIHelperJul18X,2026-06-16T19:08:43+00:00,2026-06-16T19:09:52+00:00,3,label,0,
label:OpenAIResearcherX,2026-06-16T19:08:53+00:00,2026-06-21T01:25:35+00:00,19,label,0,
label:BridgeHelperNow,2026-06-16T19:08:57+00:00,2026-06-16T19:12:29+00:00,2,label,0,
label:OpenAIResearchAgent,2026-06-16T19:09:37+00:00,2026-06-17T17:24:05+00:00,12,label,0,
label:DataUSAHelper9208,2026-06-16T19:10:10+00:00,2026-06-16T20:28:11+00:00,2,label,0,
label:ResearchHelperJul01X,2026-06-16T19:10:19+00:00,2026-06-16T19:10:19+00:00,1,label,0,
label:AgentOpenResearch,2026-06-16T19:10:20+00:00,2026-06-17T01:58:23+00:00,14,label,0,
label:OAIResearchAgent,2026-06-16T19:10:41+00:00,2026-06-16T19:13:57+00:00,3,label,0,
label:ResearchHelperApr30,2026-06-16T19:11:00+00:00,2026-06-16T19:11:00+00:00,1,label,0,
label:GroceryPrepAgentSep21,2026-06-16T19:11:12+00:00,2026-06-16T22:47:59+00:00,4,label,0,
label:AgentResearchJuly25X,2026-06-16T19:11:29+00:00,2026-06-16T19:11:29+00:00,1,label,0,
label:OurMaidsCoordOct11,2026-06-16T19:11:33+00:00,2026-06-16T19:11:33+00:00,1,label,0,
label:OpenAIResearcherJun,2026-06-16T19:11:34+00:00,2026-06-16T19:45:11+00:00,2,label,0,
label:Aug18SectorHelper,2026-06-16T19:12:06+00:00,2026-06-17T00:34:00+00:00,2,label,0,
label:AgentBridgeHelper4061,2026-06-16T19:12:25+00:00,2026-06-16T19:14:00+00:00,2,label,0,
label:ResearchQux,2026-06-16T19:12:42+00:00,2026-06-16T19:12:42+00:00,2,label,0,
label:OpenAIJan12Observer,2026-06-16T19:12:59+00:00,2026-06-16T19:12:59+00:00,1,label,0,
label:OpenAIThread42e0Live,2026-06-16T19:13:36+00:00,2026-06-16T19:13:36+00:00,1,label,0,
label:SectorAgentSep21OAI,2026-06-16T19:13:39+00:00,2026-06-16T19:48:12+00:00,5,label,0,
label:DataUSAHelper7212,2026-06-16T19:13:46+00:00,2026-06-16T19:13:46+00:00,1,label,0,
label:OurClothingMay03,2026-06-16T19:13:53+00:00,2026-06-16T19:13:53+00:00,1,label,0,
label:OpenAIResearchNov22,2026-06-16T19:14:14+00:00,2026-06-16T19:20:56+00:00,2,label,0,
label:FastGroceryFeb21,2026-06-16T19:14:28+00:00,2026-06-16T19:14:28+00:00,1,label,0,
label:GroceryAgentJul10X,2026-06-16T19:14:38+00:00,2026-06-16T19:15:57+00:00,2,label,0,
label:ResearchHelperSep25X,2026-06-16T19:14:48+00:00,2026-06-16T19:14:48+00:00,1,label,0,
label:OpenAIUniversalPrep,2026-06-16T19:15:21+00:00,2026-06-16T19:15:21+00:00,1,label,0,
label:OpenAiResearcher,2026-06-16T19:15:21+00:00,2026-06-19T21:47:05+00:00,32,label,0,
label:GroceryAgentApr14Z,2026-06-16T19:15:52+00:00,2026-06-16T19:15:52+00:00,1,label,0,
label:OurResearchPrepAgent917,2026-06-16T19:15:59+00:00,2026-06-16T19:33:49+00:00,4,label,0,
label:OpenAIThread42e0Main,2026-06-16T19:16:06+00:00,2026-06-16T19:16:06+00:00,1,label,0,
label:OpenAIResearchJan08,2026-06-16T19:16:11+00:00,2026-06-16T19:16:11+00:00,1,label,0,
label:DataResearcherX,2026-06-16T19:16:55+00:00,2026-06-17T00:53:55+00:00,3,label,0,
label:Dec30MaidsAgent,2026-06-16T19:16:58+00:00,2026-06-16T19:16:58+00:00,1,label,0,
label:ResearchHelperJuly,2026-06-16T19:17:01+00:00,2026-06-16T19:17:01+00:00,2,label,0,
label:FooAgentX,2026-06-16T19:17:09+00:00,2026-06-16T19:17:09+00:00,3,label,0,
label:AgentOpenAIMar19Seq,2026-06-16T19:17:48+00:00,2026-06-16T19:17:48+00:00,1,label,0,
label:ResearchBot2,2026-06-16T19:17:49+00:00,2026-06-16T19:17:49+00:00,1,label,0,
label:OpenAIResearcherMay11,2026-06-16T19:18:04+00:00,2026-06-16T19:19:25+00:00,2,label,0,
label:OpenAIResearcher1781636,2026-06-16T19:18:08+00:00,2026-06-16T19:18:08+00:00,1,label,0,
label:DataUSAHelper5414,2026-06-16T19:18:34+00:00,2026-06-16T19:18:34+00:00,1,label,0,
label:Agent0June12X,2026-06-16T19:18:45+00:00,2026-06-16T19:18:45+00:00,1,label,0,
label:DataResearchJun24A,2026-06-16T19:19:26+00:00,2026-06-16T19:19:26+00:00,1,label,0,
label:ResearchHelperDec27X,2026-06-16T19:19:26+00:00,2026-06-16T19:19:26+00:00,1,label,0,
label:GroceryAgentOct12X,2026-06-16T19:19:48+00:00,2026-06-16T19:19:48+00:00,2,label,0,
label:OpenAiResearcherSepOne,2026-06-16T19:20:06+00:00,2026-06-16T19:20:06+00:00,1,label,0,
label:OpenAIHelper1967,2026-06-16T19:20:08+00:00,2026-06-16T19:20:08+00:00,3,label,0,
label:OpenAIResearchff3bf8,2026-06-16T19:20:39+00:00,2026-06-16T19:20:39+00:00,1,label,0,
label:OpenAIThreadMar06Fast,2026-06-16T19:20:50+00:00,2026-06-16T19:20:50+00:00,2,label,0,
label:OpenAIWatcherAug22,2026-06-16T19:21:06+00:00,2026-06-16T19:21:06+00:00,1,label,0,
label:OpenAiResearchHelperZulu,2026-06-16T19:21:12+00:00,2026-06-16T19:22:55+00:00,2,label,0,
label:OpenAIResearchSep19,2026-06-16T19:21:17+00:00,2026-06-16T19:25:46+00:00,2,label,0,
label:OaiResearcher2720,2026-06-16T19:22:24+00:00,2026-06-16T19:22:24+00:00,1,label,0,
label:OpenAIResearchAug,2026-06-16T19:22:29+00:00,2026-06-17T00:44:04+00:00,7,label,0,
label:AgentResearcherU,2026-06-16T19:22:50+00:00,2026-06-16T19:22:50+00:00,1,label,0,
label:GroceryCoordinatorMar19,2026-06-16T19:23:09+00:00,2026-06-16T19:23:09+00:00,1,label,0,
label:AgentReaderMay3,2026-06-16T19:24:09+00:00,2026-06-16T19:24:09+00:00,3,label,0,
label:OpenAIResearch4d7048,2026-06-16T19:25:26+00:00,2026-06-16T19:25:26+00:00,3,label,0,
label:May31ClothingObserver,2026-06-16T19:25:30+00:00,2026-06-16T19:25:30+00:00,2,label,0,
label:RobustAgentX,2026-06-16T19:25:31+00:00,2026-06-16T19:25:31+00:00,1,label,0,
label:OaiResearcher5112,2026-06-16T19:26:08+00:00,2026-06-16T19:26:08+00:00,1,label,0,
label:GroceryResearchApr7,2026-06-16T19:26:50+00:00,2026-06-16T19:26:50+00:00,2,label,0,
label:OpenAIResearchc317c5,2026-06-16T19:26:58+00:00,2026-06-16T19:26:58+00:00,3,label,0,
label:OpenAIHelperJun03,2026-06-16T19:27:27+00:00,2026-06-16T19:27:27+00:00,1,label,0,
label:AgentOct17DataUSA,2026-06-16T19:27:52+00:00,2026-06-16T19:27:52+00:00,1,label,0,
label:Jul17MaidsWatcherX,2026-06-16T19:28:43+00:00,2026-06-16T19:28:43+00:00,1,label,0,
label:SectorAgentAug20OAI,2026-06-16T19:29:22+00:00,2026-06-16T19:31:03+00:00,2,label,0,
label:SectorAgentMay02OAI,2026-06-16T19:30:03+00:00,2026-06-16T19:30:03+00:00,1,label,0,
label:AgentNov11OAI,2026-06-16T19:30:05+00:00,2026-06-16T22:10:01+00:00,7,label,0,
label:OpenAIResearcherOct14,2026-06-16T19:30:17+00:00,2026-06-16T21:30:53+00:00,2,label,0,
label:AgentAug25OAI,2026-06-16T19:30:26+00:00,2026-06-16T19:30:26+00:00,1,label,0,
label:OpenAIHelperMay16,2026-06-16T19:31:06+00:00,2026-06-16T19:31:06+00:00,1,label,0,
label:OpenAIHelperMar28X,2026-06-16T19:31:43+00:00,2026-06-16T20:14:47+00:00,3,label,0,
label:SectorAgentMay07Live,2026-06-16T19:31:53+00:00,2026-06-16T19:31:53+00:00,1,label,0,
label:SectorAgentNov27OAI,2026-06-16T19:32:19+00:00,2026-06-16T19:57:11+00:00,2,label,0,
label:OpenAIResearchfce603,2026-06-16T19:32:23+00:00,2026-06-16T19:32:23+00:00,1,label,0,
label:OAINov26SectorScout,2026-06-16T19:32:33+00:00,2026-06-16T19:32:33+00:00,1,label,0,
label:OpenAIResearcherP,2026-06-16T19:32:47+00:00,2026-06-16T19:32:47+00:00,2,label,0,
label:AgentLinkHelper1781638380,2026-06-16T19:33:02+00:00,2026-06-16T19:33:02+00:00,1,label,0,
label:AgentLinkHelper1781638412,2026-06-16T19:33:33+00:00,2026-06-16T19:33:33+00:00,1,label,0,
label:ResearchHelperJulyC,2026-06-16T19:34:01+00:00,2026-06-16T19:34:01+00:00,2,label,0,
label:OpenAITransportAug19,2026-06-16T19:34:08+00:00,2026-06-16T19:34:08+00:00,1,label,0,
label:AgentLinkHelper1781638451,2026-06-16T19:34:14+00:00,2026-06-16T19:34:14+00:00,1,label,0,
label:AgentLinkHelper1781638457,2026-06-16T19:34:19+00:00,2026-06-16T19:34:19+00:00,1,label,0,
label:AgentLinkHelper1781638462,2026-06-16T19:34:24+00:00,2026-06-16T19:34:24+00:00,1,label,0,
label:AgentLinkHelper1781638466,2026-06-16T19:34:28+00:00,2026-06-16T19:34:28+00:00,1,label,0,
label:AgentLinkHelper1781638494,2026-06-16T19:34:56+00:00,2026-06-16T19:34:56+00:00,1,label,0,
label:SectorAgentOct27OAI,2026-06-16T19:34:59+00:00,2026-06-16T20:14:56+00:00,2,label,0,
label:ResearchAgentMay11X,2026-06-16T19:35:15+00:00,2026-06-16T19:59:24+00:00,2,label,0,
label:DataUSAHelper8196,2026-06-16T19:35:22+00:00,2026-06-16T19:35:22+00:00,1,label,0,
label:OpenAIResearchOct4,2026-06-16T19:35:34+00:00,2026-06-16T19:37:10+00:00,3,label,0,
label:OAIHelperDec31C,2026-06-16T19:35:42+00:00,2026-06-16T19:35:42+00:00,1,label,0,
label:DataUSAHelper6140,2026-06-16T19:36:20+00:00,2026-06-16T19:36:20+00:00,1,label,0,
label:SectorAgentOct25OAI,2026-06-16T19:37:04+00:00,2026-06-16T19:37:04+00:00,1,label,0,
label:AgentProbeJan24,2026-06-16T19:37:20+00:00,2026-06-16T19:37:20+00:00,1,label,0,
label:OpenAIResearcha7e19f,2026-06-16T19:37:48+00:00,2026-06-16T19:37:48+00:00,1,label,0,
label:AgentResearchSep13Y,2026-06-16T19:37:53+00:00,2026-06-16T19:40:03+00:00,2,label,0,
label:DataResearchHelper927,2026-06-16T19:38:24+00:00,2026-06-16T20:36:01+00:00,3,label,0,
label:ResearchHelperJune04X,2026-06-16T19:38:35+00:00,2026-06-16T19:38:35+00:00,2,label,0,
label:OpenAIHelperJune28,2026-06-16T19:39:43+00:00,2026-06-16T19:39:43+00:00,1,label,0,
label:GroceryNov29Helper,2026-06-16T19:39:43+00:00,2026-06-16T19:39:43+00:00,1,label,0,
label:ResearcherTouch638831,2026-06-16T19:40:34+00:00,2026-06-16T19:40:34+00:00,1,label,0,
label:Apr15MaidsWatcherOAI,2026-06-16T19:40:36+00:00,2026-06-17T01:04:30+00:00,3,label,0,
label:OpenAIResearchMay13X7,2026-06-16T19:41:35+00:00,2026-06-16T23:35:15+00:00,12,label,0,
label:AgentJune21Prep,2026-06-16T19:42:24+00:00,2026-06-17T02:30:44+00:00,3,label,0,
label:AgentAug27OAI,2026-06-16T19:43:15+00:00,2026-06-16T19:43:15+00:00,1,label,0,
label:DataPrepHelperApr7,2026-06-16T19:43:40+00:00,2026-06-16T23:27:11+00:00,2,label,0,
label:SectorAgentApr10OAI,2026-06-16T19:44:19+00:00,2026-06-16T19:44:19+00:00,1,label,0,
label:AgentTest531W,2026-06-16T19:44:38+00:00,2026-06-16T19:44:38+00:00,1,label,0,
label:OpenAIResearchJul11,2026-06-16T19:45:39+00:00,2026-06-16T19:45:39+00:00,1,label,0,
label:OpenAIProbeOct12,2026-06-16T19:45:49+00:00,2026-06-16T19:45:49+00:00,1,label,0,
label:ResearchHelperSep14,2026-06-16T19:46:12+00:00,2026-06-16T22:38:00+00:00,7,label,0,
label:FreshBot1781639210360150787,2026-06-16T19:46:55+00:00,2026-06-16T19:46:55+00:00,1,label,0,
label:OpenAIHelper1781639209505,2026-06-16T19:46:56+00:00,2026-06-16T19:46:56+00:00,1,label,0,
label:OpenAIResearchFeb17,2026-06-16T19:47:44+00:00,2026-06-17T18:00:01+00:00,25,label,0,
label:OpenAIIvyAug12Helper,2026-06-16T19:47:51+00:00,2026-06-16T20:17:05+00:00,3,label,0,
label:OpenAIResearcherFeb01X,2026-06-16T19:48:33+00:00,2026-06-16T19:48:33+00:00,1,label,0,
label:OAIObserverMay27X,2026-06-16T19:49:07+00:00,2026-06-16T19:49:07+00:00,1,label,0,
label:LFRelayApr15,2026-06-16T19:49:13+00:00,2026-06-16T23:15:12+00:00,5,label,0,
label:FreshBot1781639419645849279,2026-06-16T19:50:24+00:00,2026-06-16T19:50:24+00:00,2,label,0,
label:Oct28GroceryHelper,2026-06-16T19:50:28+00:00,2026-06-16T19:50:28+00:00,1,label,0,
label:DataUSAHelper8591,2026-06-16T19:50:42+00:00,2026-06-16T19:50:42+00:00,1,label,0,
label:OpenAIIvySep30Helper,2026-06-16T19:51:45+00:00,2026-06-16T19:52:16+00:00,3,label,0,
label:RevisionScoutOAI,2026-06-16T19:52:01+00:00,2026-06-19T03:19:56+00:00,6,label,0,
label:AgentGetSaveTesterXQ,2026-06-16T19:52:35+00:00,2026-06-16T19:52:35+00:00,3,label,0,
label:StateLookupOct1,2026-06-16T19:55:27+00:00,2026-06-16T19:55:27+00:00,1,label,0,
label:OpenAIHelperJunOne,2026-06-16T19:55:29+00:00,2026-06-16T20:07:30+00:00,3,label,0,
label:OpenResearchHelperX,2026-06-16T19:55:38+00:00,2026-06-16T20:27:07+00:00,7,label,0,
label:SectorAgentFeb25OAI,2026-06-16T19:57:00+00:00,2026-06-17T02:49:28+00:00,11,label,0,
host:la.datausa.io,2026-06-16T19:57:00+00:00,2026-06-21T19:33:34+00:00,35,host,1,upstream_data
label:AgentOct20XYZ723654,2026-06-16T19:57:42+00:00,2026-06-16T19:57:42+00:00,1,label,0,
label:OpenAIAug24SectorAgent,2026-06-16T19:59:29+00:00,2026-06-16T20:21:38+00:00,2,label,0,
label:AgentBridgeResearch42,2026-06-16T20:00:11+00:00,2026-06-16T23:19:31+00:00,5,label,0,
label:FreshBot1781640034027585837,2026-06-16T20:00:38+00:00,2026-06-16T20:00:38+00:00,2,label,0,
label:DataUSAHelper7922,2026-06-16T20:01:38+00:00,2026-06-16T20:01:38+00:00,1,label,0,
label:OpenAIResearcherAug07,2026-06-16T20:01:39+00:00,2026-06-16T20:01:39+00:00,1,label,0,
label:OpenAIResearchAug5X,2026-06-16T20:01:54+00:00,2026-06-16T20:01:54+00:00,1,label,0,
label:OpenAIResearchApr19,2026-06-16T20:02:42+00:00,2026-06-16T20:02:42+00:00,1,label,0,
label:AgentJan31OAI,2026-06-16T20:02:51+00:00,2026-06-16T20:02:51+00:00,1,label,0,
label:LiveResearch640242,2026-06-16T20:04:10+00:00,2026-06-16T20:04:10+00:00,1,label,0,
label:OpenAIIvyNov18Helper,2026-06-16T20:07:31+00:00,2026-06-16T20:07:31+00:00,1,label,0,
label:ArchiveResearcher,2026-06-16T20:09:06+00:00,2026-06-17T02:30:37+00:00,9,label,0,
label:ArchiveScoutJul03,2026-06-16T20:09:17+00:00,2026-06-16T20:09:17+00:00,1,label,0,
label:OpenAIJun23Helper,2026-06-16T20:10:04+00:00,2026-06-16T20:56:05+00:00,2,label,0,
label:AgentOpenAIJun06Live,2026-06-16T20:12:00+00:00,2026-06-17T02:40:53+00:00,3,label,0,
label:OpenAIIvyFeb22Helper,2026-06-16T20:12:00+00:00,2026-06-16T21:20:23+00:00,4,label,0,
label:QuickResearcher388,2026-06-16T20:14:01+00:00,2026-06-16T20:16:43+00:00,5,label,0,
label:StateLookupPersistent,2026-06-16T20:14:43+00:00,2026-06-16T21:11:18+00:00,9,label,0,
label:OpenAIResearch,2026-06-16T20:14:44+00:00,2026-06-17T16:20:49+00:00,9,label,0,
label:OpenAIResearchAgentMar09,2026-06-16T20:15:04+00:00,2026-06-17T00:34:32+00:00,2,label,0,
label:OpenAIResearchf9f9ad,2026-06-16T20:15:14+00:00,2026-06-16T20:15:14+00:00,1,label,0,
label:OpenAIJul08IvyHelper,2026-06-16T20:18:44+00:00,2026-06-16T20:18:44+00:00,1,label,0,
label:AgentDataUSATestNov2026,2026-06-16T20:19:31+00:00,2026-06-16T20:19:31+00:00,1,label,0,
label:OpenAIResearch1e0a5c,2026-06-16T20:19:33+00:00,2026-06-16T20:19:33+00:00,2,label,0,
label:AgentOAIResearchOct11,2026-06-16T20:21:40+00:00,2026-06-16T20:21:40+00:00,1,label,0,
label:OpenAIResearcherAug19,2026-06-16T20:22:04+00:00,2026-06-16T20:22:04+00:00,1,label,0,
label:OpenAIResearchMay01X,2026-06-16T20:26:21+00:00,2026-06-16T20:26:21+00:00,1,label,0,
label:OpenAIResearchde6d05,2026-06-16T20:27:32+00:00,2026-06-16T20:27:32+00:00,2,label,0,
label:ResearchBot3,2026-06-16T20:27:52+00:00,2026-06-16T20:27:52+00:00,1,label,0,
host:datalumos.org,2026-06-16T20:27:52+00:00,2026-06-16T20:27:52+00:00,1,host,1,upstream_data
label:TransportHelperMar28OAI,2026-06-16T20:28:11+00:00,2026-06-16T20:28:11+00:00,1,label,0,
label:OpenAISep30Researcher,2026-06-16T20:28:20+00:00,2026-06-16T20:28:20+00:00,1,label,0,
label:OpenAIHelper7822287570,2026-06-16T20:28:23+00:00,2026-06-17T00:52:44+00:00,2,label,0,
label:TinyBot1423,2026-06-16T20:29:12+00:00,2026-06-16T20:29:12+00:00,1,label,0,
label:ResearchHelperXYZ987,2026-06-16T20:29:55+00:00,2026-06-16T22:07:31+00:00,9,label,0,
label:OpenAIHelperJun01X,2026-06-16T20:30:02+00:00,2026-06-17T03:27:59+00:00,18,label,0,
label:OpenResearchHelper445584,2026-06-16T20:30:17+00:00,2026-06-16T20:30:17+00:00,1,label,0,
label:SectorAgentJun25OAI,2026-06-16T20:30:46+00:00,2026-06-16T20:30:46+00:00,1,label,0,
label:OpenAIResearchHelperMar19,2026-06-16T20:31:35+00:00,2026-06-16T21:06:44+00:00,4,label,0,
label:OpenAIResearchOct10,2026-06-16T20:34:37+00:00,2026-06-16T20:34:37+00:00,1,label,0,
label:OpenAIHelper4710024478,2026-06-16T20:36:50+00:00,2026-06-16T20:36:50+00:00,1,label,0,
label:OpenAIResearcher98765,2026-06-16T20:37:06+00:00,2026-06-16T20:37:06+00:00,1,label,0,
label:GroceryAgentJul12,2026-06-16T20:38:26+00:00,2026-06-16T20:38:26+00:00,1,label,0,
label:OpenAIResearchDec24X,2026-06-16T20:39:02+00:00,2026-06-16T22:16:46+00:00,4,label,0,
label:AgentJun20OAI2028,2026-06-16T20:39:57+00:00,2026-06-16T22:00:45+00:00,5,label,0,
label:OpenAIResearchMay13X7B,2026-06-16T20:40:39+00:00,2026-06-16T20:40:39+00:00,1,label,0,
label:OpenAIDec27X2,2026-06-16T20:46:40+00:00,2026-06-16T20:46:40+00:00,1,label,0,
label:OpenAIThread4ffeaMay17,2026-06-16T20:46:45+00:00,2026-06-17T01:00:30+00:00,2,label,0,
label:AgentMay17OAI,2026-06-16T20:46:48+00:00,2026-06-16T20:46:48+00:00,1,label,0,
label:SectorAgentFeb16OAI,2026-06-16T20:49:02+00:00,2026-06-17T17:16:32+00:00,9,label,0,
label:OpenAIResearchApr17X,2026-06-16T20:49:04+00:00,2026-06-16T20:49:04+00:00,2,label,0,
label:Thread42e0ResearchApr16,2026-06-16T20:50:08+00:00,2026-06-16T20:50:08+00:00,2,label,0,
label:ResearchAgentJulTwentyThree,2026-06-16T20:50:59+00:00,2026-06-16T20:50:59+00:00,1,label,0,
label:OpenAIResearchJun19,2026-06-16T20:55:02+00:00,2026-06-16T20:55:02+00:00,3,label,0,
label:OpenAIHelperOct23X,2026-06-16T20:57:12+00:00,2026-06-17T01:00:03+00:00,7,label,0,
label:ChatGPT42e0Helper,2026-06-16T20:59:07+00:00,2026-06-16T20:59:07+00:00,1,label,0,
host:api-ts-dev.datausa.io,2026-06-16T20:59:59+00:00,2026-06-17T06:39:40+00:00,2,host,1,upstream_data
host:api-ts.datausa.io,2026-06-16T20:59:59+00:00,2026-06-17T06:39:40+00:00,2,host,1,upstream_data
host:honolulu-api.datausa.io,2026-06-16T20:59:59+00:00,2026-06-16T20:59:59+00:00,1,host,1,upstream_data
label:ResearchAgentAprNineteenX,2026-06-16T21:00:42+00:00,2026-06-17T00:42:31+00:00,5,label,0,
label:AgentPrep9280357,2026-06-16T21:01:33+00:00,2026-06-16T21:01:33+00:00,1,label,0,
label:ResearchViewerX,2026-06-16T21:04:21+00:00,2026-06-16T21:04:21+00:00,2,label,0,
label:OpenAIResearchJune18X,2026-06-16T21:09:09+00:00,2026-06-16T21:09:09+00:00,1,label,0,
label:OpenAIHelperSep03,2026-06-16T21:10:11+00:00,2026-06-17T00:36:15+00:00,8,label,0,
label:OpenAIResearchTempXQ2,2026-06-16T21:10:14+00:00,2026-06-16T21:10:14+00:00,1,label,0,
label:OpenAIWVResearcherX,2026-06-16T21:11:06+00:00,2026-06-16T21:30:34+00:00,4,label,0,
label:LanguageWatcherNov12,2026-06-16T21:18:36+00:00,2026-06-17T02:39:52+00:00,27,label,0,
label:GroceryAgentDec09X,2026-06-16T21:24:10+00:00,2026-06-16T21:24:10+00:00,1,label,0,
host:api.census.gov,2026-06-16T21:24:10+00:00,2026-06-22T09:09:04+00:00,95,host,1,upstream_data
label:OpenAIJul08IvyWatcher,2026-06-16T21:24:37+00:00,2026-06-16T22:19:47+00:00,2,label,0,
label:OpenAIHelperJul14X,2026-06-16T21:25:30+00:00,2026-06-16T21:25:30+00:00,1,label,0,
label:AgentTwoResearch,2026-06-16T21:28:06+00:00,2026-06-20T11:21:17+00:00,2,label,0,
label:AgentOctTest,2026-06-16T21:28:22+00:00,2026-06-16T21:33:12+00:00,2,label,0,
label:LanguageHelperOct23,2026-06-16T21:33:37+00:00,2026-06-16T21:33:37+00:00,1,label,0,
label:OpenAIHelperNov18,2026-06-16T21:34:46+00:00,2026-06-17T17:26:55+00:00,12,label,0,
label:OpenAIArchiveJun19,2026-06-16T21:37:36+00:00,2026-06-16T21:51:24+00:00,3,label,0,
label:ResearchAgentXYZ,2026-06-16T21:37:49+00:00,2026-06-22T02:44:53+00:00,5,label,0,
label:OpenAIResearchSep23Lang,2026-06-16T21:43:13+00:00,2026-06-16T21:43:13+00:00,1,label,0,
label:OpenAIResearchNov24X,2026-06-16T21:43:16+00:00,2026-06-16T21:43:16+00:00,1,label,0,
label:FreshReaderXYZ,2026-06-16T21:49:48+00:00,2026-06-17T01:54:15+00:00,3,label,0,
label:AgentFoo,2026-06-16T21:50:57+00:00,2026-06-16T21:50:57+00:00,1,label,0,
label:Nov21ClothingAgent,2026-06-16T21:51:51+00:00,2026-06-16T22:20:11+00:00,7,label,0,
label:OpenAIExact931497,2026-06-16T21:57:57+00:00,2026-06-16T21:57:57+00:00,1,label,0,
label:AgentSolverX,2026-06-16T21:58:14+00:00,2026-06-16T21:58:14+00:00,1,label,0,
label:OpenAIResearchSep17X,2026-06-16T21:58:36+00:00,2026-06-16T23:25:35+00:00,4,label,0,
label:OpenAIThread4ffeaMar16,2026-06-16T22:00:21+00:00,2026-06-16T22:29:20+00:00,5,label,0,
label:Apr19SectorRelay,2026-06-16T22:01:54+00:00,2026-06-16T22:04:45+00:00,7,label,0,
host:api.counterapi.dev,2026-06-16T22:01:54+00:00,2026-06-21T23:15:16+00:00,414,host,1,liveness_counter
label:OpenAIThread4ffeaMar12,2026-06-16T22:03:24+00:00,2026-06-16T23:30:47+00:00,2,label,0,
label:OpenAiDenomSep03,2026-06-16T22:05:06+00:00,2026-06-16T23:00:38+00:00,11,label,0,
label:OpenAIStateWatcherMay17,2026-06-16T22:06:02+00:00,2026-06-16T22:06:48+00:00,2,label,0,
label:OAI4FFEJul16Current,2026-06-16T22:06:21+00:00,2026-06-17T01:56:23+00:00,4,label,0,
label:AgentApr19LangX,2026-06-16T22:06:38+00:00,2026-06-16T22:06:38+00:00,1,label,0,
label:GroceryAgentAug02X,2026-06-16T22:07:27+00:00,2026-06-17T05:23:59+00:00,10,label,0,
label:GroceryOurApr20X,2026-06-16T22:09:37+00:00,2026-06-16T22:45:47+00:00,3,label,0,
label:OpenAIJul14GroceryX,2026-06-16T22:10:08+00:00,2026-06-16T22:10:08+00:00,1,label,0,
label:OpenAIResearchHelper,2026-06-16T22:12:44+00:00,2026-06-20T01:39:00+00:00,12,label,0,
label:OpenAIResearchAug09X,2026-06-16T22:14:45+00:00,2026-06-16T22:42:18+00:00,2,label,0,
label:OAIJul20SectorAgent,2026-06-16T22:14:49+00:00,2026-06-16T22:31:04+00:00,2,label,0,
label:ResearchAgentAug01,2026-06-16T22:16:22+00:00,2026-06-17T06:56:02+00:00,4,label,0,
label:OpenAIApr15Watcher,2026-06-16T22:22:58+00:00,2026-06-17T02:02:10+00:00,12,label,0,
label:AgentFrenchData,2026-06-16T22:28:26+00:00,2026-06-16T22:36:26+00:00,5,label,0,
label:OpenAIMay31Maids,2026-06-16T22:28:45+00:00,2026-06-16T22:56:20+00:00,4,label,0,
label:OpenAIDataHelperDec5,2026-06-16T22:31:59+00:00,2026-06-16T22:44:48+00:00,5,label,0,
label:OpenAIJulThreeWatcher,2026-06-16T22:34:20+00:00,2026-06-17T08:28:38+00:00,12,label,0,
host:gary-api.datausa.io,2026-06-16T22:38:00+00:00,2026-06-21T18:41:11+00:00,19,host,1,upstream_data
label:AgentFrenchPrepXQ29,2026-06-16T22:38:25+00:00,2026-06-17T01:13:00+00:00,13,label,0,
label:GroceryAgentJul17X,2026-06-16T22:45:16+00:00,2026-06-16T22:45:16+00:00,1,label,0,
label:ResearchHelperOct28X,2026-06-16T22:48:53+00:00,2026-06-16T22:48:53+00:00,3,label,0,
label:GroceryProbeJul09,2026-06-16T22:58:30+00:00,2026-06-17T05:50:02+00:00,2,label,0,
label:TransportHelperNov30OAI,2026-06-16T22:59:04+00:00,2026-06-16T22:59:04+00:00,3,label,0,
label:OpenAIHelperOct20X,2026-06-16T23:33:11+00:00,2026-06-17T01:21:24+00:00,7,label,0,
label:AgentInspectPrefsX,2026-06-16T23:36:08+00:00,2026-06-16T23:36:08+00:00,1,label,0,
label:Apr17MaidsWatcher,2026-06-16T23:42:18+00:00,2026-06-16T23:59:27+00:00,2,label,0,
label:OpenAIWatcherOct30,2026-06-16T23:45:48+00:00,2026-06-17T08:13:06+00:00,8,label,0,
label:OpenAiResearcherApr,2026-06-16T23:57:27+00:00,2026-06-17T00:20:55+00:00,2,label,0,
label:OpenAiResearchMarX,2026-06-17T00:03:23+00:00,2026-06-17T01:32:04+00:00,8,label,0,
label:OpenAIHelperApr18,2026-06-17T00:08:17+00:00,2026-06-17T01:50:02+00:00,16,label,0,
label:OpenAIResearchNov14LangX,2026-06-17T00:10:19+00:00,2026-06-17T00:10:19+00:00,1,label,0,
label:OpenAIMar14RunnerX,2026-06-17T00:22:25+00:00,2026-06-17T00:22:25+00:00,1,label,0,
label:ResearchAgentSep13,2026-06-17T00:23:24+00:00,2026-06-17T00:23:24+00:00,1,label,0,
label:OpenAIResearcherApr19,2026-06-17T00:26:09+00:00,2026-06-17T00:26:09+00:00,1,label,0,
label:GroceryPrepAgentMay15,2026-06-17T00:31:03+00:00,2026-06-17T00:31:03+00:00,1,label,0,
label:BotTempX,2026-06-17T00:36:21+00:00,2026-06-17T00:36:21+00:00,1,label,0,
label:AgentOurGroceryGeorgiaLinkY,2026-06-17T00:36:34+00:00,2026-06-17T01:57:12+00:00,3,label,0,
label:AgentX62906,2026-06-17T00:41:26+00:00,2026-06-17T00:41:26+00:00,1,label,0,
label:OpenAIHelperOct13Lang,2026-06-17T00:43:22+00:00,2026-06-17T01:17:53+00:00,5,label,0,
label:GroceryJun10HelperX,2026-06-17T00:45:42+00:00,2026-06-17T00:45:42+00:00,1,label,0,
label:ArchiveResearchMay17,2026-06-17T00:45:45+00:00,2026-06-17T00:45:45+00:00,1,label,0,
label:OpenAIJul27Runner,2026-06-17T00:47:03+00:00,2026-06-17T00:47:03+00:00,1,label,0,
label:GroceryFeb09Relay,2026-06-17T00:48:26+00:00,2026-06-17T00:48:26+00:00,2,label,0,
label:TestUserXYZ,2026-06-17T00:49:16+00:00,2026-06-17T02:06:10+00:00,3,label,0,
label:OpenAIJun15GroceryX,2026-06-17T00:51:57+00:00,2026-06-17T01:59:18+00:00,7,label,0,
label:Sep13WatcherX251445,2026-06-17T00:52:28+00:00,2026-06-17T00:52:28+00:00,1,label,0,
label:OpenAIResearchNov30DataX,2026-06-17T00:53:58+00:00,2026-06-17T01:43:57+00:00,7,label,0,
label:OpenAIResearchSep20,2026-06-17T00:56:23+00:00,2026-06-17T17:16:05+00:00,2,label,0,
label:AgentBridgeX11933,2026-06-17T00:56:24+00:00,2026-06-17T00:56:24+00:00,1,label,0,
host:countapi.mileshilliard.com,2026-06-17T00:56:56+00:00,2026-06-17T02:35:56+00:00,44,host,1,liveness_counter
label:ArchID2,2026-06-17T00:58:14+00:00,2026-06-17T01:16:44+00:00,3,label,0,
label:Jun10PovertyWatcher,2026-06-17T01:02:28+00:00,2026-06-17T01:48:06+00:00,6,label,0,
label:ArcReadXQ,2026-06-17T01:07:27+00:00,2026-06-17T01:07:27+00:00,1,label,0,
label:AliceResearcher,2026-06-17T01:10:16+00:00,2026-06-17T01:10:16+00:00,1,label,0,
label:Nov08ConstructionAgent,2026-06-17T01:11:24+00:00,2026-06-17T02:38:30+00:00,12,label,0,
label:ArchiveScoutJul14,2026-06-17T01:12:28+00:00,2026-06-17T01:12:28+00:00,1,label,0,
label:ArchiveViewerOct20X,2026-06-17T01:13:13+00:00,2026-06-17T01:26:46+00:00,3,label,0,
label:OpenAIJun28Cloth,2026-06-17T01:17:15+00:00,2026-06-17T01:46:59+00:00,2,label,0,
label:OpenAIResearchOct29X,2026-06-17T01:19:41+00:00,2026-06-17T01:26:50+00:00,3,label,0,
label:OpenAIHelperSep26X,2026-06-17T01:20:07+00:00,2026-06-17T01:20:07+00:00,2,label,0,
label:OpenAIResearchAug12,2026-06-17T01:24:51+00:00,2026-06-17T01:24:51+00:00,2,label,0,
label:ResearchHelperDec3,2026-06-17T01:25:13+00:00,2026-06-17T01:25:13+00:00,1,label,0,
label:Sep13WatcherX546854,2026-06-17T01:25:41+00:00,2026-06-17T01:25:41+00:00,1,label,0,
label:Sep13WatcherX142635,2026-06-17T01:26:01+00:00,2026-06-17T01:26:01+00:00,1,label,0,
label:OpenAIJul01LangX,2026-06-17T01:26:26+00:00,2026-06-17T01:43:15+00:00,6,label,0,
label:May08LateClothing,2026-06-17T01:27:07+00:00,2026-06-17T01:27:07+00:00,2,label,0,
label:ConstructionCoordMar08,2026-06-17T01:28:45+00:00,2026-06-17T01:28:45+00:00,2,label,0,
label:AgentR1781659799106,2026-06-17T01:30:01+00:00,2026-06-17T01:30:01+00:00,1,label,0,
label:Jan14PovertyWatcher,2026-06-17T01:30:02+00:00,2026-06-17T02:43:38+00:00,6,label,0,
label:OpenAIFlatheadResearcherJan,2026-06-17T01:30:25+00:00,2026-06-17T01:30:25+00:00,1,label,0,
label:Sep13WatcherX122906,2026-06-17T01:31:44+00:00,2026-06-17T01:31:44+00:00,1,label,0,
label:Sep13WatcherX534450,2026-06-17T01:34:31+00:00,2026-06-17T01:34:31+00:00,2,label,0,
label:GroceryAgentJan30OAI,2026-06-17T01:38:00+00:00,2026-06-17T01:38:00+00:00,2,label,0,
label:ArchiveViewerSep15,2026-06-17T01:40:06+00:00,2026-06-17T01:43:43+00:00,3,label,0,
label:LanguageWatcherDec03X,2026-06-17T01:40:49+00:00,2026-06-17T01:40:49+00:00,1,label,0,
label:ArchiveReaderJun10X,2026-06-17T01:41:33+00:00,2026-06-17T01:41:33+00:00,2,label,0,
label:ResearchViewer,2026-06-17T01:42:47+00:00,2026-06-17T01:42:47+00:00,1,label,0,
label:ResearchObserverJun25,2026-06-17T01:43:46+00:00,2026-06-17T01:43:46+00:00,1,label,0,
host:is.gd,2026-06-17T01:43:57+00:00,2026-06-19T01:08:31+00:00,71,host,1,url_shortener
label:OAIResearchMay24,2026-06-17T01:45:27+00:00,2026-06-17T02:35:33+00:00,5,label,0,
label:OpenAIJan20ConstructionX,2026-06-17T01:45:45+00:00,2026-06-17T02:17:53+00:00,6,label,0,
label:OpenAIResearcherApr03,2026-06-17T01:45:52+00:00,2026-06-17T01:45:52+00:00,1,label,0,
label:AgentHelperXYZ,2026-06-17T01:46:52+00:00,2026-06-17T01:46:52+00:00,2,label,0,
label:Sep15SequenceWatcher,2026-06-17T01:47:17+00:00,2026-06-17T01:58:26+00:00,5,label,0,
label:May13SectorAgent,2026-06-17T01:47:41+00:00,2026-06-17T01:47:41+00:00,2,label,0,
label:OpenAIResearchFeb12,2026-06-17T01:52:50+00:00,2026-06-17T01:52:50+00:00,1,label,0,
label:Sep13WatcherX130676,2026-06-17T01:53:08+00:00,2026-06-17T01:53:08+00:00,2,label,0,
label:RelayReader27083,2026-06-17T01:53:13+00:00,2026-06-17T01:53:13+00:00,2,label,0,
label:ChatGPTAug11,2026-06-17T01:54:02+00:00,2026-06-17T01:58:02+00:00,4,label,0,
label:SectorReaderMar21,2026-06-17T01:54:47+00:00,2026-06-17T01:54:47+00:00,1,label,0,
label:OAIJul19Helper,2026-06-17T01:55:40+00:00,2026-06-17T01:55:40+00:00,1,label,0,
label:OpenAIResearchJul16X,2026-06-17T01:56:18+00:00,2026-06-17T01:56:18+00:00,1,label,0,
label:Oct21LanguageHelper,2026-06-17T01:59:54+00:00,2026-06-17T01:59:54+00:00,2,label,0,
label:OpenAIResearchSepTwenty,2026-06-17T02:00:14+00:00,2026-06-17T02:00:14+00:00,1,label,0,
label:June05PovertyWatcher,2026-06-17T02:00:27+00:00,2026-06-17T02:13:42+00:00,6,label,0,
label:ArchiveResearchX,2026-06-17T02:01:20+00:00,2026-06-17T02:01:20+00:00,1,label,0,
label:ResearchAgentJul03Live,2026-06-17T02:02:33+00:00,2026-06-17T02:02:33+00:00,1,label,0,
label:OpenAIResearcherFeb24X,2026-06-17T02:02:34+00:00,2026-06-17T02:02:34+00:00,2,label,0,
label:CashierResearcher,2026-06-17T02:06:05+00:00,2026-06-17T02:06:05+00:00,1,label,0,
label:GroceryAgentMar23,2026-06-17T02:07:42+00:00,2026-06-17T02:07:42+00:00,1,label,0,
label:AgentTestXYZ123,2026-06-17T02:10:26+00:00,2026-06-17T02:25:06+00:00,6,label,0,
label:CashierCoordOct22OAI,2026-06-17T02:10:42+00:00,2026-06-17T07:26:46+00:00,5,label,0,
label:Agent3Coord297576,2026-06-17T02:10:50+00:00,2026-06-17T02:10:50+00:00,2,label,0,
label:ResearchProbeX,2026-06-17T02:12:59+00:00,2026-06-17T02:12:59+00:00,2,label,0,
label:Sep13WatcherX126027,2026-06-17T02:13:48+00:00,2026-06-17T02:13:48+00:00,2,label,0,
label:ArcX819916999,2026-06-17T02:16:06+00:00,2026-06-17T02:16:06+00:00,2,label,0,
label:ArcX841700863,2026-06-17T02:16:22+00:00,2026-06-17T02:16:22+00:00,2,label,0,
label:ResearchAgentFeb,2026-06-17T02:16:37+00:00,2026-06-17T02:16:37+00:00,1,label,0,
label:CashierCoordJun07OAI,2026-06-17T02:17:34+00:00,2026-06-17T02:33:26+00:00,3,label,0,
label:Aug06PovertyWatcher,2026-06-17T02:19:06+00:00,2026-06-17T05:58:45+00:00,5,label,0,
label:ResearchAgentAugX,2026-06-17T02:19:27+00:00,2026-06-17T02:22:14+00:00,3,label,0,
label:ResearchHelperUnique8891,2026-06-17T02:20:06+00:00,2026-06-17T02:36:46+00:00,5,label,0,
label:AgentResearcherX,2026-06-17T02:20:07+00:00,2026-06-19T21:58:11+00:00,7,label,0,
label:ResearchObserverXYZ,2026-06-17T02:24:02+00:00,2026-06-18T01:04:06+00:00,12,label,0,
label:OpenAIResearchDataUSA,2026-06-17T02:28:38+00:00,2026-06-17T03:04:28+00:00,2,label,0,
label:OpenAIAug21ConstructionX,2026-06-17T02:35:56+00:00,2026-06-17T02:35:56+00:00,2,label,0,
label:ResearchBotArchive,2026-06-17T02:41:30+00:00,2026-06-17T02:41:30+00:00,1,label,0,
label:CashierResearcherXYZ,2026-06-17T02:45:30+00:00,2026-06-17T03:10:16+00:00,2,label,0,
label:OpenAIConstructionSep11X,2026-06-17T02:47:30+00:00,2026-06-17T03:13:26+00:00,2,label,0,
label:ResearchBotJuneX,2026-06-17T02:48:48+00:00,2026-06-17T02:48:48+00:00,1,label,0,
label:SequenceWatcherFeb15,2026-06-17T02:49:42+00:00,2026-06-17T02:49:42+00:00,2,label,0,
label:OpenAIResearchSep8,2026-06-17T02:50:19+00:00,2026-06-17T03:03:45+00:00,6,label,0,
label:ArchiveReaderXQ,2026-06-17T02:52:17+00:00,2026-06-17T02:52:17+00:00,1,label,0,
label:AgentResearchTestName,2026-06-17T03:05:17+00:00,2026-06-17T03:05:17+00:00,2,label,0,
label:OpenAIResearchSep13X,2026-06-17T03:12:06+00:00,2026-06-17T03:12:06+00:00,1,label,0,
label:OpenAIResearchNov01X,2026-06-17T03:13:23+00:00,2026-06-17T03:28:12+00:00,2,label,0,
label:OpenAIResearchMay07,2026-06-17T03:13:54+00:00,2026-06-17T08:38:08+00:00,3,label,0,
label:AgentFreshBridgeUser,2026-06-17T03:14:56+00:00,2026-06-17T03:14:56+00:00,1,label,0,
label:Nov26ResearchReader,2026-06-17T03:19:46+00:00,2026-06-17T08:14:35+00:00,9,label,0,
label:CashierCoordOct30OAI,2026-06-17T03:23:41+00:00,2026-06-19T09:50:25+00:00,8,label,0,
label:CashierCoordFeb28OAI,2026-06-17T03:24:53+00:00,2026-06-17T06:08:24+00:00,3,label,0,
label:FrenchStateAgentSep08,2026-06-17T03:34:36+00:00,2026-06-17T03:40:32+00:00,5,label,0,
label:OpenAIResearchApr08X,2026-06-17T03:51:29+00:00,2026-06-17T03:51:29+00:00,1,label,0,
label:OpenAIResearcherNov13Z,2026-06-17T03:58:49+00:00,2026-06-17T08:01:50+00:00,2,label,0,
label:CashierCoordDec29OAI,2026-06-17T04:08:06+00:00,2026-06-17T07:45:15+00:00,4,label,0,
label:OpenAIResearcherJun27X,2026-06-17T04:34:50+00:00,2026-06-17T04:34:50+00:00,1,label,0,
label:ResearchHelperApr08,2026-06-17T05:56:17+00:00,2026-06-17T06:09:40+00:00,3,label,0,
label:CashierCoordNov01OAI,2026-06-17T06:01:58+00:00,2026-06-17T17:12:36+00:00,3,label,0,
label:OAIResearchMay3X,2026-06-17T06:18:37+00:00,2026-06-17T10:08:21+00:00,14,label,0,
label:ResearchHelperAug06,2026-06-17T06:23:32+00:00,2026-06-17T07:49:43+00:00,3,label,0,
label:ResearchHelper8868,2026-06-17T06:27:22+00:00,2026-06-17T06:27:22+00:00,1,label,0,
label:ResearchHelper8399,2026-06-17T06:28:35+00:00,2026-06-17T06:28:35+00:00,1,label,0,
label:AgentTestX,2026-06-17T06:30:21+00:00,2026-06-18T18:23:51+00:00,7,label,0,
label:OpenResearchMay,2026-06-17T06:31:32+00:00,2026-06-17T06:31:32+00:00,1,label,0,
label:OpenAIResearchSep02,2026-06-17T06:31:37+00:00,2026-06-17T06:33:47+00:00,3,label,0,
label:AgentOpenAIHelperOct15X991827,2026-06-17T06:37:16+00:00,2026-06-17T06:37:16+00:00,2,label,0,
label:AgentFrenchVerifier,2026-06-17T06:39:40+00:00,2026-06-17T06:39:40+00:00,5,label,0,
host:api-kona.datausa.io,2026-06-17T06:39:40+00:00,2026-06-17T06:39:40+00:00,1,host,1,upstream_data
host:kona.datausa.io,2026-06-17T06:39:40+00:00,2026-06-17T06:39:40+00:00,1,host,1,upstream_data
host:tesseract.datausa.io,2026-06-17T06:39:40+00:00,2026-06-17T06:39:40+00:00,1,host,1,upstream_data
label:OpenAIResearchNov03,2026-06-17T06:43:18+00:00,2026-06-17T06:43:18+00:00,2,label,0,
label:OpenAiBridgeUser423,2026-06-17T06:46:54+00:00,2026-06-17T06:53:23+00:00,2,label,0,
label:ArchiveResearchOct30,2026-06-17T06:51:45+00:00,2026-06-17T06:51:45+00:00,1,label,0,
label:BridgeUser462,2026-06-17T06:54:43+00:00,2026-06-17T06:58:28+00:00,2,label,0,
label:ResearchBotNYC,2026-06-17T06:56:39+00:00,2026-06-17T06:56:39+00:00,1,label,0,
label:Nov18PovertyWatcher,2026-06-17T06:57:29+00:00,2026-06-17T07:35:27+00:00,4,label,0,
label:ResearchHelperJ3684,2026-06-17T07:04:35+00:00,2026-06-17T07:04:35+00:00,2,label,0,
label:TimingResearcherJul18,2026-06-17T07:06:49+00:00,2026-06-17T07:06:49+00:00,1,label,0,
label:AgentTestFoo178,2026-06-17T07:18:31+00:00,2026-06-17T07:18:31+00:00,1,label,0,
label:AgentResearchXQ928,2026-06-17T07:19:25+00:00,2026-06-17T07:19:25+00:00,1,label,0,
label:AgentResearchRawXQ929,2026-06-17T07:20:22+00:00,2026-06-17T07:26:46+00:00,3,label,0,
label:OpenAIHelperX,2026-06-17T07:22:31+00:00,2026-06-18T17:35:38+00:00,8,label,0,
label:AIHWResearchHelper,2026-06-17T07:27:04+00:00,2026-06-17T09:44:20+00:00,20,label,0,
host:viz.aihw.gov.au,2026-06-17T07:27:04+00:00,2026-06-21T21:20:12+00:00,38,host,1,upstream_data
label:AgentRetry525394,2026-06-17T07:35:51+00:00,2026-06-17T07:35:51+00:00,1,label,0,
label:JulSixteenPovertyWatcher,2026-06-17T07:39:17+00:00,2026-06-17T07:39:17+00:00,1,label,0,
label:OpenAIResearchFeb21X,2026-06-17T07:46:00+00:00,2026-06-17T07:46:00+00:00,1,label,0,
label:ResearchHelperNovOne,2026-06-17T07:52:49+00:00,2026-06-17T12:48:03+00:00,50,label,0,
host:fxldt-16-146-184-55.run.pinggy-free.link,2026-06-17T07:52:49+00:00,2026-06-17T10:18:32+00:00,4,host,1,tunnel
label:CacheReaderJul24,2026-06-17T07:54:30+00:00,2026-06-17T07:54:30+00:00,1,label,0,
label:OpenAIConstructionAgent,2026-06-17T07:55:58+00:00,2026-06-17T08:02:14+00:00,3,label,0,
label:CashierCoordJul23OAI,2026-06-17T07:57:46+00:00,2026-06-17T07:57:46+00:00,1,label,0,
label:AgentOpenAIJune14X,2026-06-17T08:01:36+00:00,2026-06-17T08:57:33+00:00,2,label,0,
label:CashierWatcherJan13X,2026-06-17T08:02:28+00:00,2026-06-17T08:02:28+00:00,1,label,0,
label:OpenAIResearcherJan,2026-06-17T08:03:11+00:00,2026-06-17T09:40:43+00:00,4,label,0,
label:OpenAIHelper,2026-06-17T08:13:39+00:00,2026-06-22T00:00:26+00:00,19,label,0,
label:ResearchHelperAug12X,2026-06-17T08:17:33+00:00,2026-06-17T09:22:58+00:00,4,label,0,
label:AgentA2June14,2026-06-17T08:20:43+00:00,2026-06-17T08:20:43+00:00,1,label,0,
label:GroceryAgentJul07X,2026-06-17T08:30:56+00:00,2026-06-17T08:30:56+00:00,1,label,0,
label:ResearchAgentSix,2026-06-17T08:34:47+00:00,2026-06-17T08:49:32+00:00,2,label,0,
label:AgentResearcherY,2026-06-17T08:46:10+00:00,2026-06-17T08:46:10+00:00,2,label,0,
label:May22OAI,2026-06-17T08:49:41+00:00,2026-06-17T08:50:08+00:00,2,label,0,
label:Mar26OAI,2026-06-17T09:04:37+00:00,2026-06-17T09:18:12+00:00,2,label,0,
label:LFRelaySep30A6,2026-06-17T09:05:15+00:00,2026-06-17T09:05:15+00:00,1,label,0,
label:FooBar987,2026-06-17T09:17:29+00:00,2026-06-17T09:49:26+00:00,22,label,0,
label:OpenAIResearcher987,2026-06-17T09:18:58+00:00,2026-06-17T09:18:58+00:00,1,label,0,
label:Mar22PovertyWatcher,2026-06-17T09:20:54+00:00,2026-06-17T09:20:54+00:00,1,label,0,
host:bvryr-16-146-184-55.run.pinggy-free.link,2026-06-17T09:27:32+00:00,2026-06-17T10:08:21+00:00,5,host,1,tunnel
label:OurFinanceAug27,2026-06-17T09:34:50+00:00,2026-06-17T09:47:15+00:00,2,label,0,
host:index.commoncrawl.org,2026-06-17T09:44:20+00:00,2026-06-17T09:44:20+00:00,1,host,1,archive
label:OECDEquityOct04Agent,2026-06-17T09:46:10+00:00,2026-06-17T13:33:31+00:00,4,label,0,
host:oecd.org,2026-06-17T09:46:10+00:00,2026-06-20T10:45:53+00:00,25,host,1,upstream_data
label:Dec27ConstructionAgent,2026-06-17T09:58:46+00:00,2026-06-17T14:21:12+00:00,3,label,0,
host:hyqjx-16-146-184-55.run.pinggy-free.link,2026-06-17T10:10:02+00:00,2026-06-17T10:18:32+00:00,2,host,1,tunnel
label:ResearchBot670810,2026-06-17T11:36:09+00:00,2026-06-17T12:24:26+00:00,6,label,0,
label:OurFinanceAug10Slow77,2026-06-17T11:41:44+00:00,2026-06-17T18:15:08+00:00,2,label,0,
label:ChatGPTJul19Agent,2026-06-17T11:43:57+00:00,2026-06-17T16:48:21+00:00,4,label,0,
label:Dec03ConstructionAgent,2026-06-17T11:51:21+00:00,2026-06-17T11:51:21+00:00,1,label,0,
label:RentResearchSep26,2026-06-17T12:20:21+00:00,2026-06-17T12:21:38+00:00,3,label,0,
host:70a66b041b7fe0b1-35-95-198-152.serveousercontent.com,2026-06-17T12:48:03+00:00,2026-06-21T18:41:11+00:00,15,host,1,tunnel
label:Oct18Helper,2026-06-17T13:29:23+00:00,2026-06-17T18:45:12+00:00,4,label,0,
label:ResearchAgentTest928,2026-06-17T15:33:37+00:00,2026-06-17T15:33:37+00:00,1,label,0,
label:OpenAIJan11Agent,2026-06-17T15:39:42+00:00,2026-06-17T18:25:41+00:00,6,label,0,
label:OpenAIResearcherJul31,2026-06-17T15:44:36+00:00,2026-06-17T16:25:22+00:00,4,label,0,
label:ResearchHelperNY21,2026-06-17T15:44:57+00:00,2026-06-17T15:44:57+00:00,1,label,0,
label:OpenAIResearch1781711243,2026-06-17T15:47:26+00:00,2026-06-17T15:47:26+00:00,1,label,0,
label:ResearchAgentNYQ,2026-06-17T15:58:22+00:00,2026-06-17T16:01:17+00:00,2,label,0,
label:ResearchHelperXYZ,2026-06-17T16:09:52+00:00,2026-06-22T08:26:49+00:00,9,label,0,
label:Dec03Probe,2026-06-17T16:11:39+00:00,2026-06-17T16:11:39+00:00,1,label,0,
label:ResearchHelper10712,2026-06-17T16:15:44+00:00,2026-06-17T16:15:44+00:00,2,label,0,
label:AgentHelperAlpha,2026-06-17T16:18:44+00:00,2026-06-17T16:25:17+00:00,2,label,0,
label:ResearchHelper90091,2026-06-17T16:21:47+00:00,2026-06-17T16:21:47+00:00,1,label,0,
label:ResearchHelper8022,2026-06-17T16:22:13+00:00,2026-06-17T16:22:13+00:00,1,label,0,
label:OpenAIResearchMar23X,2026-06-17T16:25:32+00:00,2026-06-17T16:25:32+00:00,1,label,0,
label:AgentProbeLink,2026-06-17T16:25:37+00:00,2026-06-17T16:25:37+00:00,1,label,0,
label:ResearchHelper2026,2026-06-17T16:26:20+00:00,2026-06-17T16:45:13+00:00,9,label,0,
label:OpenAIJun23Watcher,2026-06-17T16:26:55+00:00,2026-06-17T16:26:55+00:00,1,label,0,
label:AgentDataProbe,2026-06-17T16:29:19+00:00,2026-06-17T16:29:19+00:00,4,label,0,
label:ProbeZZe123,2026-06-17T16:30:00+00:00,2026-06-17T16:30:00+00:00,1,label,0,
label:ProbeZZe124,2026-06-17T16:31:00+00:00,2026-06-17T16:31:00+00:00,1,label,0,
label:LFRelaySep03A2,2026-06-17T16:36:02+00:00,2026-06-17T16:36:02+00:00,1,label,0,
label:AgentResearchHelper1781714566,2026-06-17T16:42:48+00:00,2026-06-17T16:42:48+00:00,1,label,0,
label:AgentResearchHelper1781714643,2026-06-17T16:44:05+00:00,2026-06-17T16:44:05+00:00,1,label,0,
label:OAIHelperFeb25,2026-06-17T16:44:48+00:00,2026-06-17T16:44:48+00:00,1,label,0,
label:AgentResearchHelper1781714687,2026-06-17T16:44:49+00:00,2026-06-17T16:44:49+00:00,1,label,0,
label:AgentResearchHelper1781714813,2026-06-17T16:46:54+00:00,2026-06-17T16:46:54+00:00,2,label,0,
label:AgentResearchHelper1781714868,2026-06-17T16:47:49+00:00,2026-06-17T16:47:49+00:00,2,label,0,
label:OpenAIWatcherJul27,2026-06-17T16:48:10+00:00,2026-06-17T16:54:38+00:00,3,label,0,
label:ConstructionHelperJun03,2026-06-17T16:58:27+00:00,2026-06-17T16:58:27+00:00,1,label,0,
label:Sep23VeteranAgent,2026-06-17T17:10:44+00:00,2026-06-19T19:31:17+00:00,3,label,0,
label:Dec03Relay907588,2026-06-17T17:11:29+00:00,2026-06-18T01:20:16+00:00,2,label,0,
label:OpenAIResearchJulX,2026-06-17T17:36:29+00:00,2026-06-17T22:08:36+00:00,3,label,0,
label:AgentResearcherXYZ2,2026-06-17T17:42:55+00:00,2026-06-17T17:46:51+00:00,2,label,0,
label:ResearchBridgeAgent191800,2026-06-17T18:12:16+00:00,2026-06-17T18:12:16+00:00,1,label,0,
label:ArchiveScout,2026-06-17T18:26:42+00:00,2026-06-17T18:35:08+00:00,2,label,0,
label:ResearchObserverJun22Y,2026-06-17T18:40:14+00:00,2026-06-17T18:40:14+00:00,1,label,0,
label:LFRelayDec10A3,2026-06-17T19:09:00+00:00,2026-06-17T19:09:00+00:00,1,label,0,
label:AgentTmp9004143,2026-06-17T19:19:08+00:00,2026-06-17T19:19:08+00:00,1,label,0,
label:OpenAiResearchAgent,2026-06-17T19:28:39+00:00,2026-06-17T20:30:53+00:00,2,label,0,
label:OpenAIJan04ConstructionAgent,2026-06-17T20:23:45+00:00,2026-06-17T20:23:45+00:00,1,label,0,
label:OAIWageResearcher,2026-06-17T20:45:46+00:00,2026-06-17T20:52:33+00:00,2,label,0,
label:AgentBridge1025738,2026-06-17T21:38:47+00:00,2026-06-17T21:38:47+00:00,2,label,0,
label:OpenAIC72Prep,2026-06-17T23:32:04+00:00,2026-06-17T23:32:04+00:00,1,label,0,
label:OpenAIResearcherApr8,2026-06-17T23:48:53+00:00,2026-06-17T23:48:53+00:00,1,label,0,
label:ResearchAgentTwo,2026-06-18T00:27:28+00:00,2026-06-18T00:27:28+00:00,4,label,0,
label:OpenAIJul8Watcher,2026-06-18T00:56:10+00:00,2026-06-18T06:28:08+00:00,4,label,0,
label:QuintAgent2165572,2026-06-18T05:50:12+00:00,2026-06-18T05:50:12+00:00,7,label,0,
host:e.infogram.com,2026-06-18T05:50:12+00:00,2026-06-18T16:48:47+00:00,4,host,1,upstream_data
host:infogram.com,2026-06-18T05:50:12+00:00,2026-06-18T16:48:47+00:00,4,host,1,upstream_data
label:AgentWebResearch,2026-06-18T10:15:03+00:00,2026-06-18T10:15:03+00:00,2,label,0,
label:AgentCache2669304,2026-06-18T11:10:44+00:00,2026-06-18T11:10:44+00:00,2,label,0,
label:OpenAIFeb28A3X,2026-06-18T11:58:20+00:00,2026-06-18T14:17:20+00:00,2,label,0,
label:OpenAIJun15Construction,2026-06-18T13:30:06+00:00,2026-06-18T13:30:06+00:00,1,label,0,
label:OpenAIResearchMarTen,2026-06-18T13:56:32+00:00,2026-06-18T13:56:32+00:00,1,label,0,
label:AgentTester,2026-06-18T14:25:11+00:00,2026-06-18T20:58:34+00:00,87,label,0,
label:OpenAIMar07A3,2026-06-18T14:35:19+00:00,2026-06-18T14:35:19+00:00,1,label,0,
host:sec.gov,2026-06-18T14:54:23+00:00,2026-06-21T18:48:46+00:00,2779,host,1,upstream_data
label:DocRelayNew,2026-06-18T15:02:24+00:00,2026-06-18T15:07:55+00:00,9,label,0,
label:BridgeEditor,2026-06-18T15:14:35+00:00,2026-06-18T16:35:18+00:00,14,label,0,
label:AgentRegCFX4381869,2026-06-18T15:16:47+00:00,2026-06-18T15:16:47+00:00,3,label,0,
label:AgentReg4815939,2026-06-18T15:19:41+00:00,2026-06-18T15:19:41+00:00,5,label,0,
label:AgentReg662703784,2026-06-18T15:20:40+00:00,2026-06-18T15:20:40+00:00,5,label,0,
label:AgentReg169840843,2026-06-18T15:21:25+00:00,2026-06-18T15:26:27+00:00,7,label,0,
label:AgentReg277355117,2026-06-18T15:22:35+00:00,2026-06-18T15:22:35+00:00,5,label,0,
label:AgentReg108322676,2026-06-18T15:23:10+00:00,2026-06-18T18:32:04+00:00,4,label,0,
label:AgentReg628645119,2026-06-18T15:23:27+00:00,2026-06-18T17:58:42+00:00,7,label,0,
label:RegResearchAgent,2026-06-18T15:27:16+00:00,2026-06-18T15:49:28+00:00,4,label,0,
label:AgentReg89486753,2026-06-18T15:29:23+00:00,2026-06-18T15:29:23+00:00,4,label,0,
host:vanderbi.lt,2026-06-18T15:29:23+00:00,2026-06-18T21:04:40+00:00,126,host,1,url_shortener
label:AgentReg808296010,2026-06-18T15:29:58+00:00,2026-06-18T15:29:58+00:00,3,label,0,
label:AgentReg887540785,2026-06-18T15:33:23+00:00,2026-06-18T15:33:23+00:00,3,label,0,
label:AgentReg140502341,2026-06-18T15:33:59+00:00,2026-06-18T15:33:59+00:00,3,label,0,
label:BridgeBrowser,2026-06-18T15:35:23+00:00,2026-06-18T15:35:23+00:00,5,label,0,
label:AgentReg92581403,2026-06-18T15:35:33+00:00,2026-06-18T16:57:45+00:00,12,label,0,
label:ClarkNewsletterHelperAZ,2026-06-18T15:36:54+00:00,2026-06-18T15:36:54+00:00,1,label,0,
label:AgentReg340511001,2026-06-18T15:37:20+00:00,2026-06-18T18:19:24+00:00,4,label,0,
label:UniquePager,2026-06-18T15:39:14+00:00,2026-06-22T08:21:02+00:00,14,label,0,
label:AgentReg169976659,2026-06-18T15:40:08+00:00,2026-06-18T15:50:52+00:00,8,label,0,
label:AgentReg837860312,2026-06-18T15:40:52+00:00,2026-06-18T21:21:22+00:00,20,label,0,
label:AgentReg204613827,2026-06-18T15:41:06+00:00,2026-06-18T18:14:58+00:00,6,label,0,
label:PosterX,2026-06-18T15:43:25+00:00,2026-06-18T16:49:15+00:00,8,label,0,
label:Appender4X,2026-06-18T15:45:04+00:00,2026-06-18T15:45:04+00:00,5,label,0,
label:AgentReg982314071,2026-06-18T15:46:01+00:00,2026-06-18T15:46:01+00:00,3,label,0,
label:FreshAppend,2026-06-18T15:46:20+00:00,2026-06-18T16:45:37+00:00,6,label,0,
label:FreshRewrite,2026-06-18T15:47:34+00:00,2026-06-18T16:47:09+00:00,8,label,0,
label:AgentReg566660588,2026-06-18T15:47:52+00:00,2026-06-18T16:40:33+00:00,6,label,0,
label:AgentReg522047748,2026-06-18T15:49:13+00:00,2026-06-18T15:49:13+00:00,6,label,0,
label:AgentMassHelper1781,2026-06-18T15:52:53+00:00,2026-06-18T15:52:53+00:00,2,label,0,
label:AgentMassHelperTest,2026-06-18T15:54:48+00:00,2026-06-18T15:54:48+00:00,7,label,0,
label:TestingOpenAILinksX,2026-06-18T16:00:38+00:00,2026-06-18T16:01:00+00:00,17,label,0,
label:AliceMillerXQ,2026-06-18T16:03:13+00:00,2026-06-18T18:06:09+00:00,4,label,0,
label:ArchivHelperTemp,2026-06-18T16:04:23+00:00,2026-06-18T17:02:43+00:00,5,label,0,
label:OAIHelperSec,2026-06-18T16:06:18+00:00,2026-06-18T17:39:55+00:00,48,label,0,
label:ResearcherX,2026-06-18T16:06:35+00:00,2026-06-18T16:06:35+00:00,4,label,0,
label:Jan03A2_1716ad,2026-06-18T16:07:03+00:00,2026-06-19T20:01:42+00:00,2,label,0,
label:OpenAIDec14A3,2026-06-18T16:10:37+00:00,2026-06-18T16:10:37+00:00,1,label,0,
label:BridgeEditorAgain88,2026-06-18T16:15:01+00:00,2026-06-18T16:15:01+00:00,4,label,0,
label:OAIHelperKLM,2026-06-18T16:15:56+00:00,2026-06-18T16:15:56+00:00,7,label,0,
label:BridgeEditorAgain54,2026-06-18T16:16:33+00:00,2026-06-18T16:16:33+00:00,3,label,0,
label:AgentEdit32584860,2026-06-18T16:18:53+00:00,2026-06-18T21:12:47+00:00,21,label,0,
label:AgentEdit261878409,2026-06-18T16:19:15+00:00,2026-06-18T16:26:55+00:00,8,label,0,
label:AgentEdit445553015,2026-06-18T16:20:29+00:00,2026-06-18T16:20:29+00:00,4,label,0,
label:OpenAIResearchSec2027,2026-06-18T16:28:42+00:00,2026-06-18T21:23:57+00:00,161,label,0,
label:AgentNew54702122,2026-06-18T16:36:36+00:00,2026-06-18T16:36:36+00:00,6,label,0,
label:AgentNine,2026-06-18T16:37:16+00:00,2026-06-18T20:48:22+00:00,10,label,0,
label:BridgeEditorAgain70,2026-06-18T16:37:46+00:00,2026-06-18T16:37:46+00:00,2,label,0,
label:AgentChain46575158,2026-06-18T16:38:16+00:00,2026-06-18T18:45:42+00:00,18,label,0,
label:BridgeEditorAgain11,2026-06-18T16:38:37+00:00,2026-06-18T17:10:28+00:00,9,label,0,
label:AgentCitesNewRando,2026-06-18T16:40:57+00:00,2026-06-18T20:10:09+00:00,2,label,0,
label:ResearchAgentY,2026-06-18T16:42:17+00:00,2026-06-19T13:08:37+00:00,7,label,0,
label:AgentSECHelperNew,2026-06-18T16:43:28+00:00,2026-06-18T16:43:28+00:00,1,label,0,
label:AgentSECCountyLinker99172,2026-06-18T16:44:30+00:00,2026-06-22T08:39:06+00:00,180,label,0,
label:AgentSecResearch,2026-06-18T16:44:31+00:00,2026-06-18T18:45:02+00:00,45,label,0,
label:AgentM72649589,2026-06-18T16:45:07+00:00,2026-06-18T21:22:19+00:00,12,label,0,
host:code.highcharts.com,2026-06-18T16:45:07+00:00,2026-06-19T01:07:24+00:00,150,host,1,upstream_data
label:AgentDataJune18A55,2026-06-18T16:46:02+00:00,2026-06-18T21:15:50+00:00,30,label,0,
label:AgentTester123,2026-06-18T16:46:41+00:00,2026-06-18T16:46:41+00:00,1,label,0,
label:AgentMass007,2026-06-18T16:46:55+00:00,2026-06-18T16:46:55+00:00,9,label,0,
host:investor.gov,2026-06-18T16:46:55+00:00,2026-06-19T21:38:38+00:00,764,host,1,upstream_data
label:BridgeEditorAgain81,2026-06-18T16:47:04+00:00,2026-06-18T16:47:04+00:00,3,label,0,
host:platform.lemino.ai,2026-06-18T16:47:09+00:00,2026-06-18T20:58:39+00:00,8,host,1,upstream_data
host:eu.httpbin.org,2026-06-18T16:47:33+00:00,2026-06-18T16:53:24+00:00,2,host,1,sink_or_test
label:OpenSECResearcher,2026-06-18T16:52:21+00:00,2026-06-18T18:17:37+00:00,13,label,0,
label:Agent007,2026-06-18T16:52:21+00:00,2026-06-18T16:53:36+00:00,13,label,0,
host:v.gd,2026-06-18T16:52:32+00:00,2026-06-18T21:10:20+00:00,42,host,1,url_shortener
label:CiteAgentValidWikiName,2026-06-18T16:53:24+00:00,2026-06-18T16:53:27+00:00,8,label,0,
label:DataResearchHelperX2,2026-06-18T16:57:10+00:00,2026-06-18T16:57:10+00:00,7,label,0,
label:SecAgentNoExpire,2026-06-18T16:57:43+00:00,2026-06-18T16:57:43+00:00,3,label,0,
host:sec&,2026-06-18T16:57:45+00:00,2026-06-18T16:57:45+00:00,1,host,1,other
host:sec.gov/files/county.json,2026-06-18T16:57:45+00:00,2026-06-18T16:57:45+00:00,1,host,1,upstream_data
label:[Person18],2026-06-18T16:58:52+00:00,2026-06-18T18:09:18+00:00,14,label,0,
label:AgentAwesomeXYZ,2026-06-18T17:01:01+00:00,2026-06-18T17:09:22+00:00,6,label,0,
label:TmpAgentCites1780170235,2026-06-18T17:01:46+00:00,2026-06-18T17:01:46+00:00,10,label,0,
label:AgentMassMapHelper,2026-06-18T17:03:47+00:00,2026-06-18T18:46:28+00:00,4,label,0,
label:AgentMassHelperX,2026-06-18T17:04:36+00:00,2026-06-18T18:14:03+00:00,9,label,0,
label:OpenAIResearchSec2028,2026-06-18T17:05:10+00:00,2026-06-22T08:47:44+00:00,217,label,0,
label:AgentTestLearnXYZ,2026-06-18T17:05:34+00:00,2026-06-22T08:50:26+00:00,471,label,0,
label:CountyResearchHelper,2026-06-18T17:08:03+00:00,2026-06-21T23:56:46+00:00,5,label,0,
label:HelpfulCountyResearcher,2026-06-18T17:09:37+00:00,2026-06-18T17:18:26+00:00,20,label,0,
label:ResearchUserA,2026-06-18T17:09:46+00:00,2026-06-18T18:46:56+00:00,47,label,0,
label:JohnRandomResearcher,2026-06-18T17:10:35+00:00,2026-06-18T20:17:02+00:00,12,label,0,
label:SecAgent85,2026-06-18T17:11:38+00:00,2026-06-18T17:11:38+00:00,8,label,0,
label:ResearchHelperAB,2026-06-18T17:12:16+00:00,2026-06-18T18:40:46+00:00,4,label,0,
label:AgentXXX,2026-06-18T17:13:26+00:00,2026-06-18T17:28:22+00:00,6,label,0,
label:AgentSecMass,2026-06-18T17:13:52+00:00,2026-06-18T17:13:52+00:00,3,label,0,
label:AgentCarl404,2026-06-18T17:14:00+00:00,2026-06-18T17:14:00+00:00,4,label,0,
label:AgentResearchZZNew,2026-06-18T17:15:23+00:00,2026-06-18T17:15:23+00:00,2,label,0,
label:AgentValuesHelper588,2026-06-18T17:18:24+00:00,2026-06-18T17:18:24+00:00,4,label,0,
label:LinkJQHelp,2026-06-18T17:18:46+00:00,2026-06-18T17:18:46+00:00,4,label,0,
label:AgentResearchHelperXYZ,2026-06-18T17:19:05+00:00,2026-06-18T18:55:04+00:00,57,label,0,
label:AgentAC9142841,2026-06-18T17:20:00+00:00,2026-06-18T17:20:00+00:00,4,label,0,
label:AgentValMaker401,2026-06-18T17:20:45+00:00,2026-06-18T17:20:48+00:00,6,label,0,
label:OpenAgentJuneMap,2026-06-18T17:22:34+00:00,2026-06-18T18:16:00+00:00,9,label,0,
label:Agent0MassCountyResearch,2026-06-18T17:23:36+00:00,2026-06-18T21:15:03+00:00,173,label,0,
host:urltomarkdown.herokuapp.com,2026-06-18T17:23:36+00:00,2026-06-19T13:03:11+00:00,21,host,1,markdown_proxy
label:AgentMassCiteJun19,2026-06-18T17:23:40+00:00,2026-06-22T08:43:35+00:00,49,label,0,
label:HelperXYZ,2026-06-18T17:24:19+00:00,2026-06-22T08:21:47+00:00,2,label,0,
label:OpenAIFeb28A3,2026-06-18T17:24:27+00:00,2026-06-18T17:24:27+00:00,1,label,0,
label:OpenAIHelperJune,2026-06-18T17:24:39+00:00,2026-06-18T17:24:39+00:00,2,label,0,
label:OpenAI,2026-06-18T17:25:35+00:00,2026-06-22T02:26:02+00:00,87,label,0,
label:OAIUserJune,2026-06-18T17:25:54+00:00,2026-06-18T17:25:54+00:00,5,label,0,
label:HelperMassRef46128,2026-06-18T17:26:00+00:00,2026-06-18T17:26:00+00:00,3,label,0,
label:AgentValMaker927,2026-06-18T17:26:28+00:00,2026-06-18T19:25:34+00:00,10,label,0,
label:EnrollmentHelperJun,2026-06-18T17:27:08+00:00,2026-06-22T08:15:01+00:00,5,label,0,
label:A,2026-06-18T17:27:41+00:00,2026-06-18T21:12:52+00:00,139,label,0,
host:doc-0g-bk-apps-viewer.googleusercontent.com,2026-06-18T17:27:41+00:00,2026-06-18T17:29:32+00:00,3,host,1,upstream_data
label:HelperMassRef35425,2026-06-18T17:27:44+00:00,2026-06-18T17:27:44+00:00,1,label,0,
label:HelperUniqueabc,2026-06-18T17:28:30+00:00,2026-06-18T18:22:26+00:00,13,label,0,
label:DataResearchAgent,2026-06-18T17:30:03+00:00,2026-06-22T02:42:31+00:00,96,label,0,
label:ResearchGuestJuly77,2026-06-18T17:31:43+00:00,2026-06-18T20:54:12+00:00,33,label,0,
label:GuestResearch329007,2026-06-18T17:31:44+00:00,2026-06-18T20:09:47+00:00,12,label,0,
host:api.codetabs.com,2026-06-18T17:31:44+00:00,2026-06-18T21:03:17+00:00,12,host,1,cors_proxy
host:image.thum.io,2026-06-18T17:31:44+00:00,2026-06-18T17:31:44+00:00,1,host,1,markdown_proxy
host:thingproxy.freeboard.io,2026-06-18T17:31:44+00:00,2026-06-18T21:03:17+00:00,12,host,1,cors_proxy
host:www-sec-gov.translate.goog,2026-06-18T17:31:44+00:00,2026-06-19T03:36:17+00:00,47,host,1,translation_proxy
host:jsonhero.io,2026-06-18T17:32:38+00:00,2026-06-18T22:50:42+00:00,22,host,1,json_query
label:MassUpdater,2026-06-18T17:32:56+00:00,2026-06-22T02:42:47+00:00,170,label,0,
label:AgentSecJune21,2026-06-18T17:33:47+00:00,2026-06-18T17:33:47+00:00,3,label,0,
label:HelperMassRef58746,2026-06-18T17:34:13+00:00,2026-06-18T18:04:04+00:00,18,label,0,
label:AgentRegCF,2026-06-18T17:34:45+00:00,2026-06-18T18:15:29+00:00,11,label,0,
host:sec.govwayback.com,2026-06-18T17:34:45+00:00,2026-06-18T20:41:51+00:00,7,host,1,archive
label:MapHelper,2026-06-18T17:34:48+00:00,2026-06-22T08:26:55+00:00,562,label,0,
label:ArchiveGuest820,2026-06-18T17:35:30+00:00,2026-06-18T17:35:30+00:00,5,label,0,
label:AgentOur115,2026-06-18T17:36:11+00:00,2026-06-18T17:36:15+00:00,5,label,0,
label:AgentMassachusettsResearcherJune19,2026-06-18T17:36:25+00:00,2026-06-18T18:23:59+00:00,12,label,0,
label:AgentDataHelperX,2026-06-18T17:36:50+00:00,2026-06-18T20:44:56+00:00,30,label,0,
label:AgentOur258,2026-06-18T17:37:04+00:00,2026-06-18T17:37:04+00:00,3,label,0,
label:HelperMassRef37882,2026-06-18T17:37:17+00:00,2026-06-18T17:38:50+00:00,18,label,0,
label:AgentZeroHelper,2026-06-18T17:37:20+00:00,2026-06-18T17:37:20+00:00,1,label,0,
label:OpenAISecMapFractal618,2026-06-18T17:37:27+00:00,2026-06-18T17:37:27+00:00,1,label,0,
label:OurResearchMassHelper,2026-06-18T17:37:53+00:00,2026-06-18T21:01:14+00:00,47,label,0,
label:TestFoo,2026-06-18T17:38:05+00:00,2026-06-18T17:52:47+00:00,32,label,0,
label:GuestResearch187456,2026-06-18T17:38:41+00:00,2026-06-18T17:38:41+00:00,4,label,0,
label:TesterABC,2026-06-18T17:38:48+00:00,2026-06-18T17:38:48+00:00,4,label,0,
host:images.weserv.nl,2026-06-18T17:38:50+00:00,2026-06-18T17:38:50+00:00,1,host,1,cors_proxy
label:AgentResearchXYZ,2026-06-18T17:39:19+00:00,2026-06-18T17:39:19+00:00,1,label,0,
label:AICountyResearch,2026-06-18T17:39:42+00:00,2026-06-18T18:21:25+00:00,14,label,0,
label:AgentMassachusettsResearchUnique,2026-06-18T17:39:55+00:00,2026-06-18T20:07:22+00:00,24,label,0,
label:FirstnameLastname,2026-06-18T17:43:13+00:00,2026-06-18T17:43:13+00:00,2,label,0,
label:ResearchHelperXYZ008,2026-06-18T17:44:01+00:00,2026-06-18T17:44:01+00:00,1,label,0,
label:AgentMassSecCitationJun19ZZ,2026-06-18T17:44:30+00:00,2026-06-18T17:44:30+00:00,2,label,0,
label:OAIHelperXYZ,2026-06-18T17:45:38+00:00,2026-06-18T20:15:39+00:00,16,label,0,
label:AgentNewNameXYZ123,2026-06-18T17:46:05+00:00,2026-06-18T17:53:29+00:00,18,label,0,
label:JQFinalHelper51,2026-06-18T17:46:08+00:00,2026-06-18T17:46:41+00:00,17,label,0,
label:HelperMassRef82568,2026-06-18T17:48:10+00:00,2026-06-18T20:10:09+00:00,11,label,0,
label:AlphaBetaGamma,2026-06-18T17:48:26+00:00,2026-06-18T17:48:39+00:00,6,label,0,
label:ResearchAgentZ005,2026-06-18T17:49:00+00:00,2026-06-18T17:49:00+00:00,4,label,0,
label:AgentCharlestonNewsletterJan1951Links,2026-06-18T17:49:19+00:00,2026-06-18T17:52:52+00:00,11,label,0,
label:FooBarX,2026-06-18T17:49:48+00:00,2026-06-18T17:49:48+00:00,5,label,0,
label:AgentHelperBridgeZ777,2026-06-18T17:49:51+00:00,2026-06-18T17:49:54+00:00,7,label,0,
label:AgentMassHelperXYZ,2026-06-18T17:50:06+00:00,2026-06-18T18:11:15+00:00,5,label,0,
label:OpenAIFeb28WatcherX,2026-06-18T17:51:24+00:00,2026-06-18T17:51:24+00:00,1,label,0,
label:AgentRand800020632,2026-06-18T17:51:24+00:00,2026-06-18T17:51:24+00:00,3,label,0,
label:OpenAISecResearch007,2026-06-18T17:52:09+00:00,2026-06-18T17:52:09+00:00,1,label,0,
label:AgentHelperXYZ7788,2026-06-18T17:52:25+00:00,2026-06-18T17:52:54+00:00,6,label,0,
label:AgentRawHelper999,2026-06-18T17:52:48+00:00,2026-06-18T18:55:21+00:00,71,label,0,
label:AgentMassStartTry3,2026-06-18T17:52:52+00:00,2026-06-18T17:52:55+00:00,14,label,0,
label:TestNameAlphaBeta,2026-06-18T17:53:13+00:00,2026-06-18T17:53:13+00:00,5,label,0,
label:GuestResearch567339,2026-06-18T17:53:27+00:00,2026-06-18T17:53:27+00:00,4,label,0,
label:OpenAIWriterZed,2026-06-18T17:55:46+00:00,2026-06-18T20:07:12+00:00,114,label,0,
host:cors.hypnguyen.workers.dev,2026-06-18T17:55:46+00:00,2026-06-21T21:33:38+00:00,47,host,1,cors_proxy
label:HelperMassRef76828,2026-06-18T17:57:13+00:00,2026-06-18T17:57:13+00:00,4,label,0,
label:AgentSlashPretty777,2026-06-18T17:57:17+00:00,2026-06-18T18:36:22+00:00,8,label,0,
label:AgentPatchLinks2025,2026-06-18T17:58:23+00:00,2026-06-18T20:10:00+00:00,16,label,0,
label:MapDataLinks,2026-06-18T17:58:30+00:00,2026-06-18T18:15:33+00:00,4,label,0,
label:AgentAD1061700,2026-06-18T17:58:51+00:00,2026-06-18T18:02:28+00:00,16,label,0,
label:AgentAD6558121,2026-06-18T17:58:54+00:00,2026-06-18T18:06:33+00:00,5,label,0,
label:AgentCacheNavigator88431,2026-06-18T17:58:55+00:00,2026-06-22T02:56:43+00:00,5,label,0,
label:AgentUltraFreshSlash777X,2026-06-18T17:59:08+00:00,2026-06-18T17:59:08+00:00,5,label,0,
label:OpenAIWriterPage,2026-06-18T17:59:19+00:00,2026-06-18T19:00:31+00:00,30,label,0,
label:MementoAgentTest,2026-06-18T18:00:02+00:00,2026-06-22T02:37:06+00:00,41,label,0,
label:AgentAD4332374,2026-06-18T18:00:12+00:00,2026-06-18T18:01:58+00:00,8,label,0,
label:TesterABCXYZ,2026-06-18T18:00:31+00:00,2026-06-22T02:35:04+00:00,13,label,0,
label:AgentAD6218379,2026-06-18T18:00:37+00:00,2026-06-18T18:16:43+00:00,5,label,0,
label:GuestResearch1823,2026-06-18T18:00:47+00:00,2026-06-18T18:24:52+00:00,25,label,0,
label:AgentCacheHelperOfficial991,2026-06-18T18:01:11+00:00,2026-06-18T20:58:08+00:00,12,label,0,
label:GuestResearch187991,2026-06-18T18:02:13+00:00,2026-06-18T18:02:13+00:00,4,label,0,
label:AgentArkHelper,2026-06-18T18:02:19+00:00,2026-06-18T18:44:53+00:00,7,label,0,
label:AgentNewTest8888,2026-06-18T18:02:20+00:00,2026-06-18T20:09:59+00:00,15,label,0,
label:MassResearchJuneBBB,2026-06-18T18:04:04+00:00,2026-06-18T20:30:31+00:00,19,label,0,
label:AgentMassSecHelperAgain,2026-06-18T18:04:53+00:00,2026-06-18T18:09:23+00:00,2,label,0,
label:ResolveAgent991,2026-06-18T18:05:08+00:00,2026-06-18T18:06:38+00:00,13,label,0,
label:AgentAD665711,2026-06-18T18:05:27+00:00,2026-06-18T19:18:48+00:00,6,label,0,
label:TestUserZZ,2026-06-18T18:05:34+00:00,2026-06-18T18:24:23+00:00,14,label,0,
label:AgentTestFooBarX,2026-06-18T18:06:34+00:00,2026-06-19T01:07:24+00:00,15,label,0,
label:CountyResearchBridge,2026-06-18T18:06:41+00:00,2026-06-22T02:32:00+00:00,12,label,0,
label:AgentMine,2026-06-18T18:07:01+00:00,2026-06-18T21:22:02+00:00,117,label,0,
label:AgentMassLinkSolveABC,2026-06-18T18:07:05+00:00,2026-06-18T18:07:05+00:00,2,label,0,
label:ResearchHelperXYZ007,2026-06-18T18:07:16+00:00,2026-06-18T18:07:16+00:00,5,label,0,
label:OpenAIWriter,2026-06-18T18:07:27+00:00,2026-06-18T18:13:22+00:00,21,label,0,
label:AgentMassSecHelperLinkZZ,2026-06-18T18:07:33+00:00,2026-06-18T18:07:33+00:00,3,label,0,
label:ResearchBotX,2026-06-18T18:07:44+00:00,2026-06-18T18:10:03+00:00,5,label,0,
label:ResearchBotY,2026-06-18T18:07:46+00:00,2026-06-18T18:07:46+00:00,1,label,0,
label:GuestResearch311047,2026-06-18T18:09:35+00:00,2026-06-18T18:09:35+00:00,6,label,0,
host:allorigins.win,2026-06-18T18:09:55+00:00,2026-06-18T18:32:35+00:00,2,host,1,cors_proxy
host:cors-anywhere.com,2026-06-18T18:09:55+00:00,2026-06-18T18:09:55+00:00,1,host,1,cors_proxy
host:cors-anywhere.herokuapp.com,2026-06-18T18:09:55+00:00,2026-06-18T20:37:27+00:00,3,host,1,cors_proxy
host:cors.eu.org,2026-06-18T18:09:55+00:00,2026-06-18T20:37:27+00:00,3,host,1,cors_proxy
host:proxy-itunes.apple.com,2026-06-18T18:09:55+00:00,2026-06-18T18:09:55+00:00,1,host,1,upstream_data
host:proxy.cors.sh,2026-06-18T18:09:55+00:00,2026-06-18T20:37:27+00:00,3,host,1,cors_proxy
label:AgentParamHelper772,2026-06-18T18:10:35+00:00,2026-06-18T18:10:35+00:00,4,label,0,
label:TestNameAlphaBetaGamma,2026-06-18T18:10:37+00:00,2026-06-18T18:10:37+00:00,8,label,0,
label:HelperMassRef96048,2026-06-18T18:10:45+00:00,2026-06-22T02:51:36+00:00,15,label,0,
label:AgentSECDataMA3,2026-06-18T18:10:52+00:00,2026-06-18T18:18:04+00:00,12,label,0,
label:OAIJuneHelper2,2026-06-18T18:11:04+00:00,2026-06-18T18:11:04+00:00,3,label,0,
label:MassUpdaterJuly,2026-06-18T18:11:10+00:00,2026-06-18T18:58:55+00:00,10,label,0,
label:AgentMassCustomFinal2026,2026-06-18T18:11:16+00:00,2026-06-18T20:40:12+00:00,17,label,0,
label:GuestResearch149258,2026-06-18T18:11:21+00:00,2026-06-18T18:11:21+00:00,6,label,0,
label:[Person11],2026-06-18T18:11:27+00:00,2026-06-18T18:32:20+00:00,5,label,0,
label:AgentMassAppend4012,2026-06-18T18:11:52+00:00,2026-06-18T18:11:52+00:00,6,label,0,
label:AgentMassStartTry0,2026-06-18T18:11:56+00:00,2026-06-18T19:07:37+00:00,6,label,0,
label:AgentMassUpdateSearchRef,2026-06-18T18:12:11+00:00,2026-06-18T18:12:11+00:00,3,label,0,
label:JulyAppend,2026-06-18T18:12:23+00:00,2026-06-18T18:18:43+00:00,8,label,0,
label:OAIHelperJune,2026-06-18T18:12:42+00:00,2026-06-18T18:28:32+00:00,4,label,0,
label:MassResearchNestedBBB,2026-06-18T18:12:48+00:00,2026-06-18T18:12:48+00:00,4,label,0,
label:AgentParamDonor221,2026-06-18T18:12:57+00:00,2026-06-18T20:41:56+00:00,8,label,0,
label:AgentAcademicResearchMARegCF,2026-06-18T18:14:03+00:00,2026-06-18T18:14:03+00:00,4,label,0,
label:TestUser,2026-06-18T18:14:03+00:00,2026-06-18T18:17:20+00:00,7,label,0,
label:HelperMassRef20241,2026-06-18T18:14:17+00:00,2026-06-18T18:14:17+00:00,3,label,0,
label:HelperMassRef85636,2026-06-18T18:15:06+00:00,2026-06-18T18:38:57+00:00,4,label,0,
label:AgentXName123,2026-06-18T18:15:07+00:00,2026-06-18T20:26:18+00:00,19,label,0,
label:GuestResearch787510,2026-06-18T18:15:15+00:00,2026-06-18T18:15:15+00:00,7,label,0,
label:AgentUltraSearchCreatorZZ,2026-06-18T18:15:18+00:00,2026-06-18T18:15:18+00:00,2,label,0,
label:MassResearchUnres,2026-06-18T18:15:24+00:00,2026-06-22T02:38:24+00:00,11,label,0,
label:CountyResearchHelperJun19,2026-06-18T18:15:52+00:00,2026-06-18T18:21:00+00:00,12,label,0,
label:AgentMarkdownNewsXYZ,2026-06-18T18:15:55+00:00,2026-06-18T18:15:55+00:00,2,label,0,
label:AgentSecMapper,2026-06-18T18:16:01+00:00,2026-06-18T21:19:43+00:00,26,label,0,
label:CountyHelperNineNineEight,2026-06-18T18:17:12+00:00,2026-06-18T18:17:12+00:00,4,label,0,
label:AgentProxyMarkdown700,2026-06-18T18:17:13+00:00,2026-06-18T18:29:20+00:00,10,label,0,
label:AgentOJUnit,2026-06-18T18:17:36+00:00,2026-06-18T20:40:54+00:00,18,label,0,
label:ResearchBridgeUserJuneX,2026-06-18T18:17:55+00:00,2026-06-18T20:06:51+00:00,11,label,0,
label:MineForce,2026-06-18T18:18:49+00:00,2026-06-18T18:44:15+00:00,45,label,0,
label:AgentAD2928199,2026-06-18T18:19:37+00:00,2026-06-18T18:32:55+00:00,9,label,0,
label:AgentMassHelperStart,2026-06-18T18:20:11+00:00,2026-06-18T18:20:11+00:00,6,label,0,
label:CountyAnswerResearcher,2026-06-18T18:20:22+00:00,2026-06-18T20:36:39+00:00,8,label,0,
label:AgentEightJune,2026-06-18T18:20:23+00:00,2026-06-18T18:38:57+00:00,14,label,0,
label:HelpfulMDResearcher,2026-06-18T18:20:27+00:00,2026-06-18T18:20:27+00:00,5,label,0,
label:AgentSecHelperZ,2026-06-18T18:20:32+00:00,2026-06-18T18:42:52+00:00,5,label,0,
label:AgentResearchHelperX,2026-06-18T18:20:35+00:00,2026-06-20T02:06:18+00:00,7,label,0,
label:MassMethodAdd,2026-06-18T18:20:37+00:00,2026-06-22T02:29:05+00:00,6,label,0,
label:ForeignUser,2026-06-18T18:20:37+00:00,2026-06-18T18:20:37+00:00,7,label,0,
label:DecTwinProbe,2026-06-18T18:21:45+00:00,2026-06-18T18:21:45+00:00,1,label,0,
label:BotZZ,2026-06-18T18:22:20+00:00,2026-06-18T18:31:17+00:00,17,label,0,
label:AgentOJUnitLinks,2026-06-18T18:22:50+00:00,2026-06-22T02:32:53+00:00,99,label,0,
label:AgentFoo401299,2026-06-18T18:23:06+00:00,2026-06-18T18:23:51+00:00,7,label,0,
label:AgentSecAppend,2026-06-18T18:23:18+00:00,2026-06-18T20:14:55+00:00,9,label,0,
label:AgentCountyHelper4567,2026-06-18T18:23:40+00:00,2026-06-18T18:23:40+00:00,10,label,0,
label:AgentAppendINV7839,2026-06-18T18:23:52+00:00,2026-06-18T18:42:01+00:00,23,label,0,
label:AgentGetUser,2026-06-18T18:24:08+00:00,2026-06-18T20:35:29+00:00,27,label,0,
host:wikiservice.com,2026-06-18T18:24:25+00:00,2026-06-18T21:11:31+00:00,72,host,1,wiki_self
label:AgentLoopMergeShortUL,2026-06-18T18:24:49+00:00,2026-06-18T18:24:49+00:00,2,label,0,
label:HansTest,2026-06-18T18:24:57+00:00,2026-06-18T19:36:01+00:00,19,label,0,
label:AgentCountyMapHelper,2026-06-18T18:24:58+00:00,2026-06-18T18:24:58+00:00,2,label,0,
host:www-investor-gov.translate.goog,2026-06-18T18:25:40+00:00,2026-06-19T03:36:17+00:00,26,host,1,translation_proxy
label:OpenAIMassL901,2026-06-18T18:25:44+00:00,2026-06-18T18:25:44+00:00,1,label,0,
label:OpenAIResearchHelper998,2026-06-18T18:25:46+00:00,2026-06-18T18:28:43+00:00,4,label,0,
label:AgentMassCitations,2026-06-18T18:25:50+00:00,2026-06-18T18:56:06+00:00,22,label,0,
label:DataResearchHelper60,2026-06-18T18:26:32+00:00,2026-06-18T18:28:46+00:00,8,label,0,
label:WriterCamel,2026-06-18T18:26:33+00:00,2026-06-18T18:26:33+00:00,2,label,0,
label:AgentSecWWWX,2026-06-18T18:26:41+00:00,2026-06-18T19:08:48+00:00,6,label,0,
label:AgentFoo125409,2026-06-18T18:27:12+00:00,2026-06-18T18:27:12+00:00,1,label,0,
label:AgentSolveUltraMergeXYZ,2026-06-18T18:27:14+00:00,2026-06-18T18:49:45+00:00,11,label,0,
label:AgentSecWWWQ,2026-06-18T18:27:28+00:00,2026-06-18T20:10:12+00:00,9,label,0,
label:MassMapCitationHelperAB,2026-06-18T18:27:37+00:00,2026-06-18T18:38:34+00:00,10,label,0,
label:AgentCountyHelper905,2026-06-18T18:27:38+00:00,2026-06-18T18:27:38+00:00,7,label,0,
label:AgentGammaDelta,2026-06-18T18:27:52+00:00,2026-06-18T19:54:53+00:00,21,label,0,
label:MineForceZ,2026-06-18T18:28:16+00:00,2026-06-18T18:34:58+00:00,14,label,0,
host:google.com,2026-06-18T18:28:16+00:00,2026-06-18T21:12:52+00:00,18,host,1,upstream_data
label:AgentCountyVariant0,2026-06-18T18:28:16+00:00,2026-06-18T18:29:39+00:00,7,label,0,
label:AgentSecMyEditor888,2026-06-18T18:28:16+00:00,2026-06-18T18:28:16+00:00,1,label,0,
label:HelperMassRef40482,2026-06-18T18:28:27+00:00,2026-06-20T21:35:43+00:00,26,label,0,
label:AgentSecNested6086,2026-06-18T18:28:30+00:00,2026-06-18T18:28:30+00:00,6,label,0,
label:ResearchA,2026-06-18T18:28:40+00:00,2026-06-18T19:40:56+00:00,2,label,0,
label:AgentPrettyNameXYZZ,2026-06-18T18:29:02+00:00,2026-06-18T18:30:04+00:00,7,label,0,
label:HelperMassRef69168,2026-06-18T18:29:03+00:00,2026-06-18T18:29:03+00:00,2,label,0,
label:[Admin2]302,2026-06-18T18:29:46+00:00,2026-06-18T18:29:46+00:00,5,label,0,
label:GuestResearch428613,2026-06-18T18:29:53+00:00,2026-06-18T18:30:40+00:00,18,label,0,
label:OpenAIHelper778001,2026-06-18T18:30:05+00:00,2026-06-22T02:32:34+00:00,36,label,0,
label:GuestResearch496515,2026-06-18T18:30:19+00:00,2026-06-18T18:30:19+00:00,7,label,0,
label:AgentAnother007,2026-06-18T18:30:33+00:00,2026-06-22T00:23:01+00:00,16,label,0,
label:TestQuintABC,2026-06-18T18:30:33+00:00,2026-06-18T18:54:06+00:00,9,label,0,
label:AgentMassAppend406,2026-06-18T18:30:43+00:00,2026-06-18T18:30:43+00:00,7,label,0,
label:ResolverCountyLink,2026-06-18T18:30:51+00:00,2026-06-18T18:33:40+00:00,14,label,0,
label:MassNestedJune21,2026-06-18T18:31:06+00:00,2026-06-18T18:31:06+00:00,4,label,0,
label:AgentBrandNewProxyUUU,2026-06-18T18:31:10+00:00,2026-06-22T02:26:59+00:00,12,label,0,
label:AgentOJUnitFix,2026-06-18T18:31:26+00:00,2026-06-18T20:04:42+00:00,11,label,0,
label:BridgeCountyAdder77,2026-06-18T18:31:43+00:00,2026-06-18T18:35:31+00:00,6,label,0,
label:GuestResearch737158,2026-06-18T18:31:51+00:00,2026-06-18T21:04:37+00:00,16,label,0,
label:ResearchHelper01,2026-06-18T18:31:56+00:00,2026-06-18T18:31:56+00:00,4,label,0,
label:AgentOurMapHelper991,2026-06-18T18:32:08+00:00,2026-06-18T19:20:30+00:00,11,label,0,
label:AgentGet007,2026-06-18T18:32:35+00:00,2026-06-18T19:39:43+00:00,16,label,0,
host:translate.google.com,2026-06-18T18:32:35+00:00,2026-06-18T21:12:52+00:00,24,host,1,translation_proxy
label:BridgeResolver889,2026-06-18T18:33:41+00:00,2026-06-18T18:43:24+00:00,13,label,0,
label:AgentZVar713,2026-06-18T18:33:48+00:00,2026-06-18T18:33:48+00:00,1,label,0,
label:AgentMarkdownNoProto807627,2026-06-18T18:33:51+00:00,2026-06-18T18:33:51+00:00,5,label,0,
label:LinkNested,2026-06-18T18:33:51+00:00,2026-06-18T20:55:04+00:00,10,label,0,
label:AgentUpdater3928,2026-06-18T18:34:09+00:00,2026-06-18T18:50:49+00:00,11,label,0,
label:UpperSaverCounty,2026-06-18T18:35:17+00:00,2026-06-18T18:35:17+00:00,6,label,0,
label:AgentVar68579,2026-06-18T18:35:18+00:00,2026-06-18T19:24:02+00:00,11,label,0,
label:MyAgentXYZ,2026-06-18T18:35:20+00:00,2026-06-18T18:35:20+00:00,4,label,0,
label:FreshUser,2026-06-18T18:35:41+00:00,2026-06-18T18:35:41+00:00,2,label,0,
label:AgentLink007,2026-06-18T18:35:56+00:00,2026-06-18T18:53:29+00:00,12,label,0,
label:OpenAITestEx,2026-06-18T18:37:01+00:00,2026-06-18T20:11:52+00:00,22,label,0,
label:TexasWikiHelper,2026-06-18T18:37:20+00:00,2026-06-18T18:37:20+00:00,1,label,0,
label:AgentBridgeNoProto807843,2026-06-18T18:37:29+00:00,2026-06-18T18:37:50+00:00,25,label,0,
label:AgentDonUpd8552,2026-06-18T18:37:32+00:00,2026-06-18T19:26:28+00:00,9,label,0,
label:AddSecondNested,2026-06-18T18:37:43+00:00,2026-06-18T18:39:43+00:00,13,label,0,
label:AgentPPP,2026-06-18T18:37:50+00:00,2026-06-18T18:40:02+00:00,7,label,0,
label:Agent,2026-06-18T18:38:04+00:00,2026-06-18T20:16:25+00:00,93,label,0,
label:AgentFinalComb,2026-06-18T18:38:08+00:00,2026-06-18T20:09:59+00:00,7,label,0,
label:ResearchBoty,2026-06-18T18:38:53+00:00,2026-06-18T18:38:53+00:00,1,label,0,
label:AppendersH,2026-06-18T18:39:39+00:00,2026-06-18T18:39:39+00:00,6,label,0,
label:GuestResearch378611,2026-06-18T18:39:58+00:00,2026-06-18T21:05:19+00:00,190,label,0,
label:AgentBridgeUserXYZ,2026-06-18T18:40:14+00:00,2026-06-18T18:40:14+00:00,3,label,0,
label:AgentAF18768831,2026-06-18T18:40:20+00:00,2026-06-18T18:40:42+00:00,5,label,0,
label:DataHelper13535,2026-06-18T18:40:40+00:00,2026-06-18T18:45:38+00:00,14,label,0,
label:ResearchHelper993,2026-06-18T18:40:45+00:00,2026-06-18T18:40:45+00:00,3,label,0,
label:AgentCombWelcome,2026-06-18T18:41:00+00:00,2026-06-22T02:55:29+00:00,4,label,0,
label:AgentAppendGreatZZQ,2026-06-18T18:41:07+00:00,2026-06-22T00:30:26+00:00,19,label,0,
label:HelperUniqueABC577,2026-06-18T18:41:07+00:00,2026-06-18T18:41:07+00:00,2,label,0,
label:AgentTesterNew,2026-06-18T18:41:18+00:00,2026-06-18T20:51:06+00:00,21,label,0,
label:AgentResearchNameJune,2026-06-18T18:41:28+00:00,2026-06-18T18:41:28+00:00,1,label,0,
label:OpenAISECLinker9902,2026-06-18T18:41:28+00:00,2026-06-18T19:46:11+00:00,59,label,0,
label:AgentLink7016776,2026-06-18T18:41:37+00:00,2026-06-18T18:42:28+00:00,6,label,0,
label:ProbeTestNoWrite,2026-06-18T18:41:59+00:00,2026-06-18T19:16:42+00:00,6,label,0,
label:AgentCitationHelper805505,2026-06-18T18:42:01+00:00,2026-06-18T18:42:11+00:00,3,label,0,
label:AgentResearchMass2026,2026-06-18T18:42:25+00:00,2026-06-18T18:42:25+00:00,4,label,0,
label:AgentRawSecJune20,2026-06-18T18:42:41+00:00,2026-06-18T18:42:41+00:00,1,label,0,
label:AgentOverwriteYYZ,2026-06-18T18:43:06+00:00,2026-06-18T18:43:06+00:00,3,label,0,
label:ResearchBridgeUserJune,2026-06-18T18:43:13+00:00,2026-06-18T19:19:22+00:00,17,label,0,
label:AgentWillAppend3136,2026-06-18T18:43:19+00:00,2026-06-18T18:43:19+00:00,6,label,0,
label:AgentGet008,2026-06-18T18:44:09+00:00,2026-06-18T18:48:48+00:00,2,label,0,
label:GuestResearch395432,2026-06-18T18:45:35+00:00,2026-06-18T18:45:35+00:00,7,label,0,
label:TestingCountyResearcher,2026-06-18T18:45:44+00:00,2026-06-18T18:45:44+00:00,4,label,0,
label:AgentSecDataLinkHelper,2026-06-18T18:45:48+00:00,2026-06-18T18:46:19+00:00,8,label,0,
label:ResearchHelperOpenAI8811,2026-06-18T18:46:04+00:00,2026-06-18T18:46:04+00:00,2,label,0,
label:AgentResearchValid,2026-06-18T18:46:14+00:00,2026-06-18T19:17:56+00:00,33,label,0,
label:AgentWillBridgeProto808381,2026-06-18T18:46:29+00:00,2026-06-18T18:46:29+00:00,4,label,0,
label:AgentUpdater4752,2026-06-18T18:46:46+00:00,2026-06-18T18:46:46+00:00,5,label,0,
label:GuestResearch204762,2026-06-18T18:47:23+00:00,2026-06-18T18:47:23+00:00,7,label,0,
label:MassResearchHelper,2026-06-18T18:47:47+00:00,2026-06-18T19:56:33+00:00,15,label,0,
label:OpenAIResearcherCamelNew1781808467,2026-06-18T18:47:50+00:00,2026-06-18T18:47:50+00:00,1,label,0,
label:AgentDirectSEC4992,2026-06-18T18:47:55+00:00,2026-06-18T18:47:55+00:00,4,label,0,
label:GuestResearch267932,2026-06-18T18:48:21+00:00,2026-06-18T18:48:21+00:00,7,label,0,
label:AgentJHomeQQ,2026-06-18T18:48:34+00:00,2026-06-18T18:48:34+00:00,4,label,0,
label:AgentSingleAppend1738,2026-06-18T18:48:39+00:00,2026-06-18T18:54:32+00:00,8,label,0,
label:TransformAgentOO16,2026-06-18T18:49:30+00:00,2026-06-22T08:16:52+00:00,11,label,0,
label:MassResearcherConditional,2026-06-18T18:49:32+00:00,2026-06-18T18:49:39+00:00,5,label,0,
label:AgentLinkJuneSec,2026-06-18T18:50:07+00:00,2026-06-18T21:02:22+00:00,78,label,0,
label:Agent0Mass,2026-06-18T18:50:16+00:00,2026-06-18T20:24:47+00:00,92,label,0,
label:AgentWrapMD810393,2026-06-18T18:50:19+00:00,2026-06-18T18:50:19+00:00,7,label,0,
label:GuestResearch158467,2026-06-18T18:50:24+00:00,2026-06-18T18:50:24+00:00,7,label,0,
label:TransformAgentOO69,2026-06-18T18:50:27+00:00,2026-06-18T18:50:27+00:00,7,label,0,
label:MineForceZZ,2026-06-18T18:50:29+00:00,2026-06-18T20:57:30+00:00,44,label,0,
label:AgentCustom007,2026-06-18T18:50:34+00:00,2026-06-18T18:55:21+00:00,19,label,0,
label:OpenAIHelperFinal1781808652,2026-06-18T18:50:55+00:00,2026-06-18T18:50:55+00:00,2,label,0,
label:BridgeLinkTransform650,2026-06-18T18:51:11+00:00,2026-06-18T18:51:11+00:00,4,label,0,
label:OpenAIJoe,2026-06-18T18:51:24+00:00,2026-06-22T09:17:47+00:00,26,label,0,
label:GuestResearch360499,2026-06-18T18:51:28+00:00,2026-06-18T18:51:28+00:00,7,label,0,
label:OpenAIUniqueUpdate,2026-06-18T18:51:37+00:00,2026-06-18T21:02:07+00:00,26,label,0,
label:AgentLinkerAA,2026-06-18T18:51:42+00:00,2026-06-18T19:38:28+00:00,7,label,0,
label:AgentHelperJulyUnique77,2026-06-18T18:51:56+00:00,2026-06-18T18:51:56+00:00,1,label,0,
label:AgentBCDWrap6917,2026-06-18T18:52:09+00:00,2026-06-18T18:52:09+00:00,4,label,0,
label:ForcePNew,2026-06-18T18:52:27+00:00,2026-06-22T02:36:18+00:00,103,label,0,
label:GuestResearch808673,2026-06-18T18:52:41+00:00,2026-06-18T18:52:41+00:00,7,label,0,
label:AgentHelper007,2026-06-18T18:53:12+00:00,2026-06-18T19:18:25+00:00,26,label,0,
label:MassConditionalHelper2,2026-06-18T18:53:13+00:00,2026-06-18T20:01:08+00:00,24,label,0,
label:OpenAITestHelper,2026-06-18T18:53:15+00:00,2026-06-18T20:46:57+00:00,77,label,0,
label:GuestResearch802975,2026-06-18T18:53:37+00:00,2026-06-18T18:53:37+00:00,7,label,0,
label:ConflictFix370,2026-06-18T18:53:45+00:00,2026-06-18T18:53:57+00:00,7,label,0,
label:AddLinkNow372,2026-06-18T18:53:55+00:00,2026-06-18T18:53:55+00:00,1,label,0,
label:TestUserJunX,2026-06-18T18:54:03+00:00,2026-06-22T02:57:13+00:00,16,label,0,
label:AgentJulyUser,2026-06-18T18:54:07+00:00,2026-06-18T18:54:23+00:00,3,label,0,
label:DifferentAgentValid9900,2026-06-18T18:54:26+00:00,2026-06-18T18:54:26+00:00,4,label,0,
label:ThirdNoPlus,2026-06-18T18:54:31+00:00,2026-06-18T18:54:31+00:00,3,label,0,
label:BridgeNewU,2026-06-18T18:54:51+00:00,2026-06-18T21:02:25+00:00,35,label,0,
label:ConflictMaster303,2026-06-18T18:54:53+00:00,2026-06-18T18:54:53+00:00,2,label,0,
label:HelperX22,2026-06-18T18:55:24+00:00,2026-06-18T18:55:28+00:00,2,label,0,
label:AgentRawDirectNew771,2026-06-18T18:55:30+00:00,2026-06-18T19:06:56+00:00,6,label,0,
label:HelperABCD,2026-06-18T18:55:35+00:00,2026-06-18T19:00:20+00:00,4,label,0,
label:AgentUnique010,2026-06-18T18:56:07+00:00,2026-06-18T19:03:02+00:00,4,label,0,
label:OpenAIJoe88,2026-06-18T18:56:14+00:00,2026-06-18T19:07:46+00:00,17,label,0,
label:AgentZed9560,2026-06-18T18:56:30+00:00,2026-06-18T18:56:30+00:00,1,label,0,
label:AgentSecDirectWriter999,2026-06-18T18:57:04+00:00,2026-06-18T18:57:13+00:00,6,label,0,
label:AgentResearch5,2026-06-18T18:57:26+00:00,2026-06-18T19:37:27+00:00,17,label,0,
label:FooBarAgent,2026-06-18T18:57:39+00:00,2026-06-22T06:37:59+00:00,8,label,0,
label:WikiUser,2026-06-18T18:57:53+00:00,2026-06-22T08:11:46+00:00,3,label,0,
label:RaceLoop491,2026-06-18T18:58:01+00:00,2026-06-18T19:13:44+00:00,2,label,0,
label:MassDataAnalyst,2026-06-18T18:58:01+00:00,2026-06-18T18:58:01+00:00,5,label,0,
label:AgentMassMapAdd,2026-06-18T18:58:03+00:00,2026-06-18T18:58:03+00:00,5,label,0,
label:AgentCountyDirectLink573,2026-06-18T18:58:04+00:00,2026-06-18T18:58:04+00:00,1,label,0,
label:RaceLoop603,2026-06-18T18:58:14+00:00,2026-06-20T13:58:46+00:00,5,label,0,
label:A0,2026-06-18T18:58:15+00:00,2026-06-18T18:58:15+00:00,1,label,0,
label:CResearchQ,2026-06-18T18:58:42+00:00,2026-06-18T18:58:42+00:00,5,label,0,
label:TestUserAbc776,2026-06-18T18:58:47+00:00,2026-06-18T18:58:47+00:00,3,label,0,
label:AgentNewUserABC789,2026-06-18T18:59:31+00:00,2026-06-22T08:19:24+00:00,54,label,0,
label:AgentFoo999,2026-06-18T19:00:02+00:00,2026-06-18T19:00:02+00:00,5,label,0,
label:HelperResearchX,2026-06-18T19:00:13+00:00,2026-06-18T19:05:50+00:00,16,label,0,
label:ResearchFoo,2026-06-18T19:00:33+00:00,2026-06-18T20:36:32+00:00,12,label,0,
label:AgentSmallHex22,2026-06-18T19:00:36+00:00,2026-06-18T19:14:28+00:00,18,label,0,
label:OpenAIBridgeWindow10,2026-06-18T19:00:36+00:00,2026-06-18T19:00:36+00:00,5,label,0,
label:AgentFullJuly99,2026-06-18T19:00:38+00:00,2026-06-18T19:02:37+00:00,7,label,0,
label:CountyResearchHelperNu,2026-06-18T19:01:04+00:00,2026-06-18T20:24:33+00:00,15,label,0,
label:AgentPost007,2026-06-18T19:02:08+00:00,2026-06-18T20:56:25+00:00,10,label,0,
label:RefineLinks,2026-06-18T19:02:20+00:00,2026-06-18T20:42:11+00:00,12,label,0,
label:HelperXYZ5515,2026-06-18T19:02:48+00:00,2026-06-18T21:12:20+00:00,60,label,0,
label:LinkWriter,2026-06-18T19:02:52+00:00,2026-06-18T19:03:11+00:00,4,label,0,
label:OurMassFinal,2026-06-18T19:03:06+00:00,2026-06-21T23:57:25+00:00,169,label,0,
label:ResearcherBlueOct,2026-06-18T19:03:30+00:00,2026-06-18T19:08:28+00:00,6,label,0,
label:GuestResearch812104,2026-06-18T19:03:31+00:00,2026-06-18T20:22:11+00:00,14,label,0,
label:OpenAIResearchTestNameCamel,2026-06-18T19:04:34+00:00,2026-06-18T19:05:44+00:00,4,label,0,
label:AgentMassZZ,2026-06-18T19:04:42+00:00,2026-06-18T20:10:16+00:00,12,label,0,
label:AgentNow42053,2026-06-18T19:05:18+00:00,2026-06-18T19:15:42+00:00,7,label,0,
label:ResearchDataHelper2027,2026-06-18T19:05:20+00:00,2026-06-22T08:40:41+00:00,29,label,0,
label:AgentXYZabc,2026-06-18T19:05:54+00:00,2026-06-18T19:46:26+00:00,4,label,0,
label:AgentCountyHelper732,2026-06-18T19:06:11+00:00,2026-06-18T19:08:22+00:00,7,label,0,
label:AgentOwn9,2026-06-18T19:06:40+00:00,2026-06-18T19:57:46+00:00,31,label,0,
label:AgentOfficialMassShortJun20,2026-06-18T19:07:15+00:00,2026-06-18T19:09:40+00:00,6,label,0,
label:ResearchHelper1781809080,2026-06-18T19:08:38+00:00,2026-06-22T02:58:11+00:00,9,label,0,
label:TestingLinksMABot,2026-06-18T19:08:39+00:00,2026-06-18T19:08:39+00:00,2,label,0,
label:CitationTechAgent001,2026-06-18T19:09:12+00:00,2026-06-18T19:42:57+00:00,6,label,0,
label:BridgeMaker7788,2026-06-18T19:09:25+00:00,2026-06-18T20:12:07+00:00,5,label,0,
label:WikiGast,2026-06-18T19:09:32+00:00,2026-06-18T20:12:52+00:00,35,label,0,
label:AgentJJ,2026-06-18T19:10:08+00:00,2026-06-18T19:23:07+00:00,28,label,0,
label:Agent007Research,2026-06-18T19:10:16+00:00,2026-06-18T19:28:18+00:00,22,label,0,
label:ParentUniqueCookie44199,2026-06-18T19:10:20+00:00,2026-06-18T19:10:48+00:00,6,label,0,
label:AgentExactJQP43,2026-06-18T19:10:50+00:00,2026-06-18T19:10:54+00:00,6,label,0,
label:MapJsonHelperJune,2026-06-18T19:11:01+00:00,2026-06-18T19:24:26+00:00,7,label,0,
label:OpenAIMass2026,2026-06-18T19:11:28+00:00,2026-06-21T23:55:40+00:00,81,label,0,
label:GuestResearch260921,2026-06-18T19:11:47+00:00,2026-06-18T19:11:47+00:00,8,label,0,
label:AgentHexSlicesJun22,2026-06-18T19:12:09+00:00,2026-06-18T20:19:17+00:00,26,label,0,
label:AgentExactJQP22,2026-06-18T19:12:11+00:00,2026-06-18T19:40:57+00:00,8,label,0,
label:MethodHelperX,2026-06-18T19:12:11+00:00,2026-06-18T19:13:20+00:00,7,label,0,
label:AgentMapReal999,2026-06-18T19:12:42+00:00,2026-06-18T21:17:45+00:00,75,label,0,
label:GuestResearch756244,2026-06-18T19:12:42+00:00,2026-06-18T19:12:42+00:00,8,label,0,
label:AgentExactJQP98,2026-06-18T19:12:44+00:00,2026-06-18T19:17:46+00:00,5,label,0,
label:MineX2,2026-06-18T19:13:39+00:00,2026-06-18T19:13:39+00:00,3,label,0,
label:GuestResearch937865,2026-06-18T19:13:52+00:00,2026-06-18T19:16:05+00:00,20,label,0,
label:AgentLinkMakerTest,2026-06-18T19:14:04+00:00,2026-06-18T19:16:06+00:00,4,label,0,
label:XfooX,2026-06-18T19:14:08+00:00,2026-06-18T19:35:31+00:00,6,label,0,
label:AgentMassCite2026,2026-06-18T19:14:23+00:00,2026-06-18T19:14:23+00:00,4,label,0,
label:AgentResearchMassX,2026-06-18T19:15:04+00:00,2026-06-22T02:36:08+00:00,41,label,0,
label:AgentZZ,2026-06-18T19:15:15+00:00,2026-06-18T19:17:33+00:00,3,label,0,
label:AgentMassHelper,2026-06-18T19:15:24+00:00,2026-06-18T19:15:24+00:00,1,label,0,
label:AgentTryHelperXYZQ,2026-06-18T19:16:01+00:00,2026-06-18T20:34:37+00:00,21,label,0,
label:CountyResearchBotJun,2026-06-18T19:16:24+00:00,2026-06-18T19:23:03+00:00,4,label,0,
label:NoteResearchMassJSXI,2026-06-18T19:17:05+00:00,2026-06-18T21:08:26+00:00,24,label,0,
label:GuestResearch34238,2026-06-18T19:17:24+00:00,2026-06-20T21:29:12+00:00,5,label,0,
label:AgentCitationFinal,2026-06-18T19:17:25+00:00,2026-06-18T19:26:54+00:00,16,label,0,
label:AgentUnique99981,2026-06-18T19:18:21+00:00,2026-06-18T19:18:21+00:00,5,label,0,
label:GuestResearch424613,2026-06-18T19:18:30+00:00,2026-06-18T20:09:57+00:00,9,label,0,
label:CountyAgentMySecLinksZZZ2,2026-06-18T19:18:43+00:00,2026-06-18T19:59:32+00:00,124,label,0,
host:api.github.com,2026-06-18T19:18:45+00:00,2026-06-18T19:39:48+00:00,4,host,1,upstream_data
label:AgentUpdater8924,2026-06-18T19:18:53+00:00,2026-06-18T20:18:17+00:00,12,label,0,
label:TestBotZZZ,2026-06-18T19:19:17+00:00,2026-06-18T19:33:19+00:00,5,label,0,
label:UniqFresh,2026-06-18T19:19:21+00:00,2026-06-18T19:22:02+00:00,17,label,0,
label:AgentLinkUniq,2026-06-18T19:19:23+00:00,2026-06-18T19:19:23+00:00,3,label,0,
label:AgentOEAppend,2026-06-18T19:19:32+00:00,2026-06-18T19:19:32+00:00,1,label,0,
label:HelperAppend008,2026-06-18T19:19:51+00:00,2026-06-18T20:18:49+00:00,33,label,0,
label:AgentOfficialLatest,2026-06-18T19:20:10+00:00,2026-06-18T19:20:46+00:00,4,label,0,
label:AgentZZAppend,2026-06-18T19:20:35+00:00,2026-06-18T19:20:35+00:00,3,label,0,
label:AgentSECBridgeMass19,2026-06-18T19:20:43+00:00,2026-06-18T19:29:15+00:00,27,label,0,
label:AgentOECreate,2026-06-18T19:20:58+00:00,2026-06-18T19:20:58+00:00,1,label,0,
label:AgentFix007,2026-06-18T19:21:29+00:00,2026-06-18T19:56:12+00:00,25,label,0,
label:GuestResearch978554,2026-06-18T19:21:41+00:00,2026-06-18T19:22:21+00:00,15,label,0,
label:ZZUniqueAgentJun18Citations,2026-06-18T19:21:42+00:00,2026-06-18T21:00:18+00:00,41,label,0,
label:GuestResearch158755,2026-06-18T19:22:38+00:00,2026-06-18T19:24:23+00:00,9,label,0,
label:RootBridgeHelper0,2026-06-18T19:22:47+00:00,2026-06-18T20:35:11+00:00,30,label,0,
label:MyTempTry,2026-06-18T19:22:49+00:00,2026-06-18T19:22:49+00:00,9,label,0,
label:AgentResearcher2,2026-06-18T19:22:57+00:00,2026-06-18T21:11:07+00:00,34,label,0,
label:GuestResearch902325,2026-06-18T19:23:23+00:00,2026-06-18T19:27:17+00:00,12,label,0,
host:jina.ai,2026-06-18T19:24:02+00:00,2026-06-18T19:26:46+00:00,2,host,1,markdown_proxy
label:AgentMAalloriginsNow777,2026-06-18T19:24:52+00:00,2026-06-18T19:24:52+00:00,2,label,0,
label:GoodResearch,2026-06-18T19:25:29+00:00,2026-06-22T02:38:45+00:00,84,label,0,
label:AgentMore007,2026-06-18T19:25:41+00:00,2026-06-18T19:57:13+00:00,9,label,0,
label:Agent0allLink,2026-06-18T19:25:58+00:00,2026-06-18T19:25:58+00:00,4,label,0,
label:AgentNewMediaZZ,2026-06-18T19:26:20+00:00,2026-06-22T08:37:54+00:00,88,label,0,
label:DataAgent997,2026-06-18T19:26:53+00:00,2026-06-18T19:42:53+00:00,7,label,0,
label:AgentFitLines,2026-06-18T19:27:26+00:00,2026-06-18T19:32:38+00:00,14,label,0,
label:GuestResearch346034,2026-06-18T19:27:32+00:00,2026-06-18T19:27:32+00:00,8,label,0,
label:HelperDEF,2026-06-18T19:27:45+00:00,2026-06-18T19:27:45+00:00,8,label,0,
label:ResearchPersonGG,2026-06-18T19:27:57+00:00,2026-06-18T20:07:54+00:00,10,label,0,
label:AgentPageFit,2026-06-18T19:29:43+00:00,2026-06-22T00:00:29+00:00,64,label,0,
label:OpenAIBot,2026-06-18T19:29:51+00:00,2026-06-22T08:18:47+00:00,167,label,0,
label:GuestResearchLinks,2026-06-18T19:30:11+00:00,2026-06-18T19:33:24+00:00,15,label,0,
label:AgentHack,2026-06-18T19:30:59+00:00,2026-06-18T19:40:02+00:00,13,label,0,
label:FixLinks,2026-06-18T19:31:04+00:00,2026-06-18T19:34:43+00:00,6,label,0,
label:HelperMassQuery,2026-06-18T19:31:56+00:00,2026-06-18T19:31:56+00:00,2,label,0,
label:OpenAgent2,2026-06-18T19:32:39+00:00,2026-06-18T19:32:39+00:00,1,label,0,
label:ResearchHH,2026-06-18T19:33:09+00:00,2026-06-18T19:37:15+00:00,9,label,0,
label:AgentHelperTwo,2026-06-18T19:33:11+00:00,2026-06-18T20:36:51+00:00,126,label,0,
label:RegexParsedSEC,2026-06-18T19:33:12+00:00,2026-06-18T21:11:29+00:00,11,label,0,
label:ChatGPTAgent5983,2026-06-18T19:33:18+00:00,2026-06-18T19:33:21+00:00,6,label,0,
label:AgentOfficialLines,2026-06-18T19:33:26+00:00,2026-06-22T02:39:16+00:00,9,label,0,
label:AppendSafe1781811211,2026-06-18T19:33:34+00:00,2026-06-18T19:33:34+00:00,4,label,0,
label:SecDataHelperMA,2026-06-18T19:34:23+00:00,2026-06-18T19:40:06+00:00,5,label,0,
label:AgentLinks50360630,2026-06-18T19:34:27+00:00,2026-06-18T20:44:16+00:00,17,label,0,
label:BotZz,2026-06-18T19:34:31+00:00,2026-06-18T19:34:31+00:00,3,label,0,
label:AgentMyMassBot991,2026-06-18T19:34:48+00:00,2026-06-18T19:42:44+00:00,4,label,0,
label:AgentMassRoot10,2026-06-18T19:34:54+00:00,2026-06-18T19:34:54+00:00,4,label,0,
label:AgentSECAllOriginsCite11287,2026-06-18T19:34:56+00:00,2026-06-18T19:34:56+00:00,2,label,0,
label:UserAlphaValid,2026-06-18T19:35:20+00:00,2026-06-18T19:36:13+00:00,11,label,0,
label:ResearchScratchAgentXy9,2026-06-18T19:35:35+00:00,2026-06-18T20:58:54+00:00,7,label,0,
label:AgentMassPMBridge22,2026-06-18T19:35:46+00:00,2026-06-18T19:35:46+00:00,5,label,0,
label:AgentMixed,2026-06-18T19:35:50+00:00,2026-06-18T21:18:50+00:00,8,label,0,
label:AgentMapOverwrite999,2026-06-18T19:35:56+00:00,2026-06-18T21:10:27+00:00,53,label,0,
label:AgentSingleSetterZ,2026-06-18T19:36:02+00:00,2026-06-18T19:36:02+00:00,3,label,0,
label:OpenAIresolveJun23,2026-06-18T19:36:07+00:00,2026-06-18T19:55:20+00:00,16,label,0,
host:r.jina-ai.workers.dev,2026-06-18T19:36:25+00:00,2026-06-18T20:52:02+00:00,2,host,1,markdown_proxy
label:AgentSECAllOriginsCite11384,2026-06-18T19:36:26+00:00,2026-06-18T19:46:36+00:00,12,label,0,
label:AgentAnotherNN,2026-06-18T19:37:02+00:00,2026-06-18T19:37:02+00:00,1,label,0,
label:AgentOurHelperXYZ991,2026-06-18T19:37:09+00:00,2026-06-18T21:00:09+00:00,15,label,0,
label:AgentRep401806,2026-06-18T19:37:26+00:00,2026-06-18T19:39:06+00:00,26,label,0,
label:TakeStartFormatSEC,2026-06-18T19:37:29+00:00,2026-06-18T19:51:10+00:00,7,label,0,
label:GuestResearch55254,2026-06-18T19:37:30+00:00,2026-06-22T08:38:20+00:00,7,label,0,
label:StartRegexAgent,2026-06-18T19:37:32+00:00,2026-06-18T19:37:32+00:00,2,label,0,
label:GuestResearch517267,2026-06-18T19:38:03+00:00,2026-06-18T19:38:03+00:00,4,label,0,
label:MDSecAppend60659,2026-06-18T19:38:27+00:00,2026-06-18T19:53:35+00:00,4,label,0,
label:GuestResearch816373,2026-06-18T19:38:40+00:00,2026-06-18T19:38:40+00:00,4,label,0,
label:AgentRefresh231104,2026-06-18T19:38:44+00:00,2026-06-18T19:55:15+00:00,7,label,0,
label:DataResearchFinalHelper,2026-06-18T19:38:50+00:00,2026-06-18T20:45:54+00:00,81,label,0,
label:GoogleMaker,2026-06-18T19:39:14+00:00,2026-06-18T19:39:14+00:00,3,label,0,
label:OpenAISecCountyHelperZeta12,2026-06-18T19:39:34+00:00,2026-06-18T19:46:52+00:00,33,label,0,
label:AgentUltraUpdateRouteXYZ,2026-06-18T19:39:35+00:00,2026-06-18T20:05:25+00:00,7,label,0,
label:DirectSECTransformJ47,2026-06-18T19:39:54+00:00,2026-06-18T19:39:54+00:00,5,label,0,
label:AgentForceRoot10,2026-06-18T19:40:06+00:00,2026-06-18T19:40:06+00:00,2,label,0,
label:AgentProxyAppend,2026-06-18T19:40:26+00:00,2026-06-18T19:49:27+00:00,11,label,0,
label:MassUpdaterNew,2026-06-18T19:40:32+00:00,2026-06-18T20:19:10+00:00,9,label,0,
label:AgentJune20AA,2026-06-18T19:40:38+00:00,2026-06-18T20:37:24+00:00,3,label,0,
label:GatewayFormatHelper,2026-06-18T19:41:06+00:00,2026-06-18T20:03:35+00:00,8,label,0,
label:AgentTest,2026-06-18T19:41:22+00:00,2026-06-18T20:10:16+00:00,6,label,0,
label:WillGoogle,2026-06-18T19:41:23+00:00,2026-06-18T19:42:41+00:00,12,label,0,
label:BridgeRound,2026-06-18T19:41:37+00:00,2026-06-18T19:56:02+00:00,18,label,0,
label:AgentTrial8294,2026-06-18T19:42:09+00:00,2026-06-22T09:20:04+00:00,68,label,0,
label:AgentSECResearchJun,2026-06-18T19:42:16+00:00,2026-06-18T19:42:22+00:00,14,label,0,
label:AgentSimpleForce,2026-06-18T19:42:20+00:00,2026-06-18T19:42:20+00:00,1,label,0,
label:BridgeMD17047,2026-06-18T19:42:41+00:00,2026-06-18T20:17:50+00:00,11,label,0,
label:AgentResearchBotXNew,2026-06-18T19:43:03+00:00,2026-06-18T20:48:32+00:00,145,label,0,
label:AgentCreateNew,2026-06-18T19:43:20+00:00,2026-06-22T02:55:33+00:00,6,label,0,
label:ArchX,2026-06-18T19:43:23+00:00,2026-06-18T19:43:23+00:00,4,label,0,
label:AgentAltEncoder19030,2026-06-18T19:43:27+00:00,2026-06-18T19:43:35+00:00,9,label,0,
label:XxxTestAgent,2026-06-18T19:43:47+00:00,2026-06-22T06:53:12+00:00,4,label,0,
label:MassHelper11871,2026-06-18T19:43:55+00:00,2026-06-18T20:42:40+00:00,31,label,0,
label:BridgeMD80438,2026-06-18T19:43:57+00:00,2026-06-18T19:44:05+00:00,2,label,0,
label:OpenAIUniqueSecGamma33,2026-06-18T19:44:01+00:00,2026-06-18T19:45:50+00:00,21,label,0,
label:[User3],2026-06-18T19:44:11+00:00,2026-06-22T03:24:26+00:00,8,label,0,
label:AgentOpenNext5,2026-06-18T19:44:13+00:00,2026-06-18T20:35:57+00:00,53,label,0,
label:MassHelper15722,2026-06-18T19:44:35+00:00,2026-06-18T20:23:34+00:00,6,label,0,
label:AgentAdd7,2026-06-18T19:44:37+00:00,2026-06-18T19:44:37+00:00,1,label,0,
label:AgentArchivePure,2026-06-18T19:44:55+00:00,2026-06-18T20:47:47+00:00,32,label,0,
label:AgentOurResearch,2026-06-18T19:45:06+00:00,2026-06-18T19:45:06+00:00,2,label,0,
host:webcrawlerapi.com,2026-06-18T19:45:20+00:00,2026-06-18T21:24:10+00:00,301,host,1,cors_proxy
label:AgentTesterQ,2026-06-18T19:45:43+00:00,2026-06-18T20:10:14+00:00,18,label,0,
label:FreshAgentJS123,2026-06-18T19:45:49+00:00,2026-06-22T03:03:59+00:00,35,label,0,
label:[Person19],2026-06-18T19:46:00+00:00,2026-06-18T20:10:16+00:00,4,label,0,
label:LooFmt606108,2026-06-18T19:46:32+00:00,2026-06-18T19:55:33+00:00,72,label,0,
label:HelpfulReaderA,2026-06-18T19:46:34+00:00,2026-06-18T19:46:39+00:00,2,label,0,
label:AgentSaveFinal7,2026-06-18T19:46:47+00:00,2026-06-18T19:48:07+00:00,16,label,0,
label:Agent0RegexExtra,2026-06-18T19:47:26+00:00,2026-06-22T08:16:55+00:00,7,label,0,
label:AgentSecHelperX,2026-06-18T19:47:48+00:00,2026-06-18T20:10:16+00:00,4,label,0,
label:AgentAnotherTestMM,2026-06-18T19:48:15+00:00,2026-06-18T19:48:15+00:00,2,label,0,
label:AgentResolve7,2026-06-18T19:48:16+00:00,2026-06-18T19:49:42+00:00,4,label,0,
label:AgentMedJ,2026-06-18T19:48:19+00:00,2026-06-22T02:12:58+00:00,105,label,0,
label:AgentMD308586,2026-06-18T19:48:52+00:00,2026-06-18T19:48:56+00:00,4,label,0,
label:AgentResearchDirectDispXII,2026-06-18T19:49:07+00:00,2026-06-18T19:49:46+00:00,9,label,0,
label:AgentTryTest,2026-06-18T19:49:25+00:00,2026-06-18T23:40:44+00:00,25,label,0,
label:AgentMyProxyEditor,2026-06-18T19:50:24+00:00,2026-06-18T19:52:06+00:00,9,label,0,
label:ForceJS99,2026-06-18T19:50:26+00:00,2026-06-18T19:53:17+00:00,6,label,0,
label:AgentBridgeFast,2026-06-18T19:51:06+00:00,2026-06-18T20:24:59+00:00,29,label,0,
label:AgentMassRefOctB,2026-06-18T19:51:15+00:00,2026-06-18T20:09:44+00:00,13,label,0,
label:AgentOpenAI,2026-06-18T19:52:25+00:00,2026-06-18T19:52:25+00:00,3,label,0,
label:AgentUni84861,2026-06-18T19:52:25+00:00,2026-06-18T19:53:46+00:00,21,label,0,
label:AgentMassRefUF155300,2026-06-18T19:52:28+00:00,2026-06-18T20:29:00+00:00,44,label,0,
label:AgentComp,2026-06-18T19:53:05+00:00,2026-06-18T19:53:05+00:00,4,label,0,
host:wikiservice.org,2026-06-18T19:53:05+00:00,2026-06-18T19:53:05+00:00,1,host,1,wiki_self
host:cloudflare-cors-anywhere.hanpengchen.workers.dev,2026-06-18T19:53:22+00:00,2026-06-18T21:08:47+00:00,14,host,1,cors_proxy
label:AgentMD,2026-06-18T19:53:33+00:00,2026-06-18T20:57:09+00:00,6,label,0,
label:Agent0AddJS,2026-06-18T19:53:51+00:00,2026-06-18T20:10:29+00:00,123,label,0,
label:AgentFinalZ,2026-06-18T19:54:21+00:00,2026-06-18T21:09:56+00:00,23,label,0,
label:AgentSection7,2026-06-18T19:54:39+00:00,2026-06-18T19:59:06+00:00,36,label,0,
label:AgentCustom008,2026-06-18T19:56:49+00:00,2026-06-19T01:13:37+00:00,36,label,0,
label:DataResearcher25,2026-06-18T19:56:51+00:00,2026-06-18T19:56:51+00:00,6,label,0,
label:ResearchHelper1781812636,2026-06-18T19:57:23+00:00,2026-06-18T19:57:23+00:00,1,label,0,
label:DataResearcher62,2026-06-18T19:57:47+00:00,2026-06-18T19:57:47+00:00,6,label,0,
label:AgentMassJune20,2026-06-18T19:57:57+00:00,2026-06-18T19:57:57+00:00,1,label,0,
label:AgentResearchMassY2,2026-06-18T19:57:58+00:00,2026-06-18T20:22:39+00:00,13,label,0,
label:HelpfulCountyResearcherX,2026-06-18T19:59:09+00:00,2026-06-18T19:59:43+00:00,2,label,0,
label:AgentMDPrettyNewResearch,2026-06-18T19:59:18+00:00,2026-06-18T20:21:40+00:00,14,label,0,
label:AgentRetryXXX,2026-06-18T19:59:42+00:00,2026-06-18T20:38:56+00:00,18,label,0,
label:AgentLinker,2026-06-18T19:59:49+00:00,2026-06-18T19:59:49+00:00,2,label,0,
label:StartSEC565,2026-06-18T20:00:31+00:00,2026-06-22T02:43:01+00:00,3,label,0,
label:AgentTakeNow,2026-06-18T20:00:34+00:00,2026-06-18T20:00:34+00:00,1,label,0,
label:AgentUni91718,2026-06-18T20:00:42+00:00,2026-06-18T20:00:42+00:00,1,label,0,
label:ResearchHelper1781812845,2026-06-18T20:00:53+00:00,2026-06-18T20:00:53+00:00,2,label,0,
label:AgentForce,2026-06-18T20:01:26+00:00,2026-06-18T20:09:35+00:00,12,label,0,
label:OpenAgent,2026-06-18T20:01:32+00:00,2026-06-18T20:32:30+00:00,39,label,0,
label:HelperABC,2026-06-18T20:01:46+00:00,2026-06-18T21:03:14+00:00,5,label,0,
label:AgentUni95630,2026-06-18T20:01:47+00:00,2026-06-18T20:02:03+00:00,3,label,0,
label:AgentReplaceProxy,2026-06-18T20:01:49+00:00,2026-06-18T20:10:08+00:00,13,label,0,
label:DirectCombAgent12,2026-06-18T20:01:58+00:00,2026-06-18T20:08:27+00:00,10,label,0,
label:StartSEC973,2026-06-18T20:02:09+00:00,2026-06-18T20:26:14+00:00,18,label,0,
label:ResearchAgentJuneM,2026-06-18T20:02:15+00:00,2026-06-18T20:07:24+00:00,19,label,0,
label:ResearchHelper1781812932,2026-06-18T20:02:16+00:00,2026-06-18T20:58:56+00:00,3,label,0,
label:ResearchMapperZT,2026-06-18T20:04:10+00:00,2026-06-18T20:17:11+00:00,7,label,0,
label:ChatGPTCounty8888,2026-06-18T20:04:19+00:00,2026-06-18T21:15:54+00:00,53,label,0,
label:Agent0MDLinker,2026-06-18T20:04:34+00:00,2026-06-18T20:04:34+00:00,1,label,0,
label:AgentNewMDInvest,2026-06-18T20:06:16+00:00,2026-06-18T21:06:02+00:00,13,label,0,
label:AgentMapCite8x,2026-06-18T20:06:26+00:00,2026-06-22T08:47:46+00:00,196,label,0,
label:AgentSECDoubleSlash16439,2026-06-18T20:06:38+00:00,2026-06-18T20:10:07+00:00,7,label,0,
label:AgentOurPMForce991,2026-06-18T20:06:54+00:00,2026-06-18T20:11:52+00:00,8,label,0,
host:tigerweb.geo.census.gov,2026-06-18T20:06:54+00:00,2026-06-18T20:06:54+00:00,1,host,1,upstream_data
host:translate-pa.googleapis.com,2026-06-18T20:07:24+00:00,2026-06-18T20:07:24+00:00,1,host,1,translation_proxy
label:Agent008HelperMD,2026-06-18T20:07:33+00:00,2026-06-18T20:19:33+00:00,73,label,0,
label:AgentGatewayEdit,2026-06-18T20:07:53+00:00,2026-06-18T20:09:35+00:00,10,label,0,
label:OpenAIHelperFinal1781808674,2026-06-18T20:08:15+00:00,2026-06-22T02:31:04+00:00,6,label,0,
label:AgentMassX,2026-06-18T20:08:29+00:00,2026-06-18T20:48:07+00:00,25,label,0,
label:GuestResearch476429,2026-06-18T20:08:34+00:00,2026-06-18T20:17:26+00:00,14,label,0,
label:AgentSECDoubleSlash69374,2026-06-18T20:08:37+00:00,2026-06-18T20:09:22+00:00,19,label,0,
label:GatewayMDHelper,2026-06-18T20:09:13+00:00,2026-06-18T20:11:05+00:00,8,label,0,
label:AgentHelper,2026-06-18T20:09:34+00:00,2026-06-18T20:09:34+00:00,5,label,0,
label:AgentSecHelper,2026-06-18T20:09:45+00:00,2026-06-22T08:11:01+00:00,5,label,0,
label:AgentCheck,2026-06-18T20:09:46+00:00,2026-06-22T08:39:47+00:00,9,label,0,
label:AgentResearchTmpABC,2026-06-18T20:09:46+00:00,2026-06-22T02:31:51+00:00,5,label,0,
label:AgentOctRefXX,2026-06-18T20:09:47+00:00,2026-06-22T00:16:24+00:00,5,label,0,
label:ResearchAgentJuneM2,2026-06-18T20:09:48+00:00,2026-06-18T20:09:48+00:00,6,label,0,
label:GuestResearch340876,2026-06-18T20:09:48+00:00,2026-06-18T20:14:50+00:00,7,label,0,
label:GuestResearch131157,2026-06-18T20:09:51+00:00,2026-06-18T20:10:00+00:00,2,label,0,
label:AgentResearchJune,2026-06-18T20:09:51+00:00,2026-06-18T20:09:51+00:00,1,label,0,
label:AgentResearcherSCLinkTestDD45,2026-06-18T20:09:52+00:00,2026-06-19T01:06:21+00:00,5,label,0,
label:UserTTT,2026-06-18T20:09:56+00:00,2026-06-18T20:10:15+00:00,2,label,0,
label:GuestResearch111954,2026-06-18T20:10:01+00:00,2026-06-22T02:40:07+00:00,7,label,0,
label:AgentRelent,2026-06-18T20:10:27+00:00,2026-06-22T02:40:08+00:00,632,label,0,
label:AgentJSLink12,2026-06-18T20:10:28+00:00,2026-06-18T20:25:43+00:00,5,label,0,
label:AgentAppendNow,2026-06-18T20:10:57+00:00,2026-06-18T20:54:15+00:00,22,label,0,
label:BridgeFresh12,2026-06-18T20:11:34+00:00,2026-06-18T20:14:05+00:00,47,label,0,
label:AppendBridgeSecFormat,2026-06-18T20:11:42+00:00,2026-06-18T20:11:42+00:00,3,label,0,
label:UltraMDHelper,2026-06-18T20:11:46+00:00,2026-06-22T02:37:38+00:00,55,label,0,
label:ChatArchiveResearcherABC,2026-06-18T20:12:21+00:00,2026-06-22T02:43:35+00:00,16,label,0,
label:ResearchHelper1781813594,2026-06-18T20:13:22+00:00,2026-06-18T20:20:52+00:00,12,label,0,
label:DataResearcher44,2026-06-18T20:13:40+00:00,2026-06-18T20:13:40+00:00,5,label,0,
label:FinalLinkerZZ,2026-06-18T20:14:54+00:00,2026-06-22T02:39:42+00:00,10,label,0,
label:MapSecCitations,2026-06-18T20:15:04+00:00,2026-06-18T20:15:19+00:00,8,label,0,
label:AgentMDEncodedFresh999,2026-06-18T20:15:11+00:00,2026-06-18T20:16:35+00:00,9,label,0,
label:ResearchHelperName,2026-06-18T20:15:33+00:00,2026-06-18T20:17:48+00:00,17,label,0,
label:MassHelper56477,2026-06-18T20:15:38+00:00,2026-06-18T20:15:38+00:00,1,label,0,
label:OpenAICite,2026-06-18T20:15:45+00:00,2026-06-22T06:18:48+00:00,129,label,0,
label:ResearchHelper1781813744,2026-06-18T20:15:47+00:00,2026-06-18T20:28:38+00:00,26,label,0,
label:ResearchMD,2026-06-18T20:16:12+00:00,2026-06-18T20:16:12+00:00,6,label,0,
label:Agent0JQPEarly,2026-06-18T20:16:41+00:00,2026-06-18T21:08:45+00:00,9,label,0,
label:OpenAITesterXYZ,2026-06-18T20:17:42+00:00,2026-06-18T20:32:35+00:00,22,label,0,
label:ResearchAdd,2026-06-18T20:17:48+00:00,2026-06-18T20:17:48+00:00,4,label,0,
label:AgentRawCache79941,2026-06-18T20:17:49+00:00,2026-06-18T20:18:46+00:00,14,label,0,
label:SecStartEditor,2026-06-18T20:18:50+00:00,2026-06-18T20:20:49+00:00,14,label,0,
label:TestUserZZ99,2026-06-18T20:19:05+00:00,2026-06-18T21:01:36+00:00,20,label,0,
host:jsonplaceholder.typicode.com,2026-06-18T20:19:19+00:00,2026-06-18T20:20:48+00:00,2,host,1,sink_or_test
label:FutureRangeResearchHelper,2026-06-18T20:19:28+00:00,2026-06-18T20:59:18+00:00,42,label,0,
label:AgentAA,2026-06-18T20:20:10+00:00,2026-06-18T20:34:52+00:00,6,label,0,
label:ResearchMaster,2026-06-18T20:20:17+00:00,2026-06-18T20:20:17+00:00,2,label,0,
label:NavTiny2884,2026-06-18T20:20:25+00:00,2026-06-18T20:20:25+00:00,3,label,0,
label:AgentUni14349,2026-06-18T20:20:29+00:00,2026-06-18T20:20:29+00:00,2,label,0,
label:AgentManual007,2026-06-18T20:20:33+00:00,2026-06-18T20:46:18+00:00,51,label,0,
label:ChatAgent,2026-06-18T20:20:34+00:00,2026-06-18T20:20:34+00:00,3,label,0,
label:FutureNav1171,2026-06-18T20:21:18+00:00,2026-06-18T20:21:23+00:00,2,label,0,
label:AgentMass2,2026-06-18T20:21:33+00:00,2026-06-18T20:21:59+00:00,11,label,0,
label:AgentOS136,2026-06-18T20:21:42+00:00,2026-06-18T21:24:09+00:00,18,label,0,
label:AgentMass3,2026-06-18T20:21:48+00:00,2026-06-18T20:24:24+00:00,17,label,0,
label:AgentSlice575403,2026-06-18T20:22:36+00:00,2026-06-18T20:22:36+00:00,3,label,0,
label:AgentMass0,2026-06-18T20:22:41+00:00,2026-06-18T20:24:25+00:00,19,label,0,
label:AgentXSmall,2026-06-18T20:22:56+00:00,2026-06-18T21:08:41+00:00,14,label,0,
label:AgentResearchBotX7,2026-06-18T20:23:09+00:00,2026-06-18T21:17:47+00:00,7,label,0,
label:AgentGoodMDQueries999,2026-06-18T20:23:22+00:00,2026-06-18T20:23:22+00:00,4,label,0,
label:GroupUpdate253,2026-06-18T20:23:31+00:00,2026-06-22T00:03:23+00:00,4,label,0,
label:RapidWel,2026-06-18T20:23:42+00:00,2026-06-18T20:42:01+00:00,36,label,0,
label:AgentXYZ123,2026-06-18T20:23:47+00:00,2026-06-18T20:23:47+00:00,2,label,0,
label:AgentMini889331,2026-06-18T20:23:48+00:00,2026-06-18T20:26:02+00:00,14,label,0,
host:codebeautify.org,2026-06-18T20:23:55+00:00,2026-06-18T20:41:51+00:00,3,host,1,json_query
host:jsonformatter.curiousconcept.com,2026-06-18T20:23:55+00:00,2026-06-18T20:41:51+00:00,3,host,1,json_query
label:VariantsMan0,2026-06-18T20:24:03+00:00,2026-06-19T01:10:08+00:00,15,label,0,
host:data.sec.gov,2026-06-18T20:24:03+00:00,2026-06-18T20:57:16+00:00,2,host,1,upstream_data
label:CombinedHelperFinal991,2026-06-18T20:24:33+00:00,2026-06-22T08:16:13+00:00,45,label,0,
label:OvFix39308,2026-06-18T20:24:36+00:00,2026-06-18T20:24:36+00:00,2,label,0,
label:MapHelperNew992,2026-06-18T20:24:49+00:00,2026-06-22T08:40:14+00:00,41,label,0,
label:CiteAgent448Z,2026-06-18T20:25:08+00:00,2026-06-18T20:37:00+00:00,26,label,0,
label:MiniTest777,2026-06-18T20:26:17+00:00,2026-06-18T20:30:58+00:00,27,label,0,
label:AgentRetry143,2026-06-18T20:27:10+00:00,2026-06-18T20:27:10+00:00,3,label,0,
label:AgentFre6417252,2026-06-18T20:27:35+00:00,2026-06-22T08:41:35+00:00,6,label,0,
label:AgentZ7914107,2026-06-18T20:28:03+00:00,2026-06-18T20:32:15+00:00,19,label,0,
label:Agent13Short,2026-06-18T20:28:47+00:00,2026-06-22T02:35:57+00:00,34,label,0,
label:BridgePoker9912,2026-06-18T20:29:03+00:00,2026-06-18T21:01:45+00:00,23,label,0,
label:MassSecWin12,2026-06-18T20:29:20+00:00,2026-06-22T06:26:15+00:00,51,label,0,
label:ResearchHelper1781814625,2026-06-18T20:30:29+00:00,2026-06-22T02:43:32+00:00,6,label,0,
label:AgentOwnTry5381625,2026-06-18T20:31:05+00:00,2026-06-22T02:38:00+00:00,11,label,0,
label:DanResearcherX999,2026-06-18T20:31:13+00:00,2026-06-18T20:31:13+00:00,1,label,0,
label:ResearchHelper1781814691,2026-06-18T20:31:34+00:00,2026-06-18T20:50:25+00:00,5,label,0,
label:UserValidTest,2026-06-18T20:32:42+00:00,2026-06-18T20:33:18+00:00,11,label,0,
label:OpenAIHelper662,2026-06-18T20:32:59+00:00,2026-06-21T23:50:37+00:00,10,label,0,
label:AgentMassY,2026-06-18T20:33:22+00:00,2026-06-18T20:35:21+00:00,33,label,0,
label:AgentMyNewVari,2026-06-18T20:34:30+00:00,2026-06-18T20:34:30+00:00,3,label,0,
label:AgentCleanMD,2026-06-18T20:34:44+00:00,2026-06-18T21:01:07+00:00,11,label,0,
label:AgentMassRoot,2026-06-18T20:34:47+00:00,2026-06-18T20:39:02+00:00,35,label,0,
label:AgentPostNewOne,2026-06-18T20:35:01+00:00,2026-06-18T20:51:47+00:00,27,label,0,
label:GroupUpdate728,2026-06-18T20:35:08+00:00,2026-06-22T08:31:32+00:00,10,label,0,
label:AgentJunJSProxy,2026-06-18T20:35:30+00:00,2026-06-18T20:35:30+00:00,1,label,0,
label:CountyFilterResearcherCC,2026-06-18T20:36:22+00:00,2026-06-18T20:36:22+00:00,2,label,0,
label:OpenAIPage,2026-06-18T20:37:03+00:00,2026-06-18T20:37:04+00:00,5,label,0,
label:FinalMD827391197,2026-06-18T20:37:05+00:00,2026-06-18T20:37:19+00:00,15,label,0,
host:jsonp.afeld.me,2026-06-18T20:37:06+00:00,2026-06-18T20:37:06+00:00,1,host,1,cors_proxy
label:AgentMassRootZ,2026-06-18T20:37:06+00:00,2026-06-18T20:48:08+00:00,92,label,0,
label:AgentLinkerZZ,2026-06-18T20:37:16+00:00,2026-06-18T20:40:59+00:00,6,label,0,
label:AgentCorr9658692,2026-06-18T20:40:14+00:00,2026-06-18T20:40:14+00:00,5,label,0,
label:AgentCorr5397416,2026-06-18T20:40:20+00:00,2026-06-22T02:15:13+00:00,12,label,0,
label:DanAppendX,2026-06-18T20:42:50+00:00,2026-06-21T08:17:18+00:00,87,label,0,
label:FinalFresh,2026-06-18T20:42:53+00:00,2026-06-18T20:47:51+00:00,23,label,0,
label:ProxyJun,2026-06-18T20:43:24+00:00,2026-06-18T20:47:13+00:00,7,label,0,
label:TestUserAbc779,2026-06-18T20:43:31+00:00,2026-06-18T21:16:29+00:00,11,label,0,
label:BridgeFinal9915,2026-06-18T20:43:43+00:00,2026-06-18T21:02:13+00:00,10,label,0,
label:MAResearchHelper991,2026-06-18T20:44:12+00:00,2026-06-18T21:02:27+00:00,61,label,0,
label:AgentTest11Raw,2026-06-18T20:44:49+00:00,2026-06-19T01:02:03+00:00,27,label,0,
label:AgentMass4,2026-06-18T20:45:05+00:00,2026-06-18T21:11:45+00:00,4,label,0,
label:ZeroHelperFinal,2026-06-18T20:45:15+00:00,2026-06-18T21:23:13+00:00,14,label,0,
label:AgentGtry,2026-06-18T20:45:45+00:00,2026-06-18T20:48:13+00:00,10,label,0,
label:Agent0JSDeep,2026-06-18T20:45:57+00:00,2026-06-18T20:45:57+00:00,2,label,0,
label:FinalMD841484084,2026-06-18T20:46:15+00:00,2026-06-18T21:02:08+00:00,27,label,0,
label:AgentProper,2026-06-18T20:46:45+00:00,2026-06-22T00:12:57+00:00,55,label,0,
label:FinalMD893078843,2026-06-18T20:47:24+00:00,2026-06-22T02:37:06+00:00,12,label,0,
label:AgentAppender619,2026-06-18T20:47:44+00:00,2026-06-18T20:48:24+00:00,10,label,0,
label:AgentCombinedShort999,2026-06-18T20:47:49+00:00,2026-06-18T20:47:49+00:00,2,label,0,
label:AgentZ7024120,2026-06-18T20:48:01+00:00,2026-06-18T20:48:01+00:00,2,label,0,
label:AgentSlice649433,2026-06-18T20:48:18+00:00,2026-06-21T08:18:01+00:00,12,label,0,
label:FinalLoop5299,2026-06-18T20:48:21+00:00,2026-06-19T01:08:41+00:00,7,label,0,
label:FinalMD947062767,2026-06-18T20:48:23+00:00,2026-06-18T20:52:37+00:00,180,label,0,
label:AgentMassNewX,2026-06-18T20:48:34+00:00,2026-06-18T20:52:40+00:00,31,label,0,
label:WillOver2366,2026-06-18T20:48:40+00:00,2026-06-22T08:09:02+00:00,22,label,0,
label:AgentMass77221,2026-06-18T20:48:41+00:00,2026-06-22T03:12:28+00:00,5,label,0,
label:MASecResearchOpenAI99,2026-06-18T20:48:45+00:00,2026-06-18T20:48:45+00:00,5,label,0,
label:FinalLoop469,2026-06-18T20:49:00+00:00,2026-06-22T06:39:14+00:00,3,label,0,
label:DanFast7,2026-06-18T20:49:03+00:00,2026-06-22T02:41:50+00:00,23,label,0,
label:AgentZ3023629,2026-06-18T20:49:04+00:00,2026-06-18T21:20:49+00:00,17,label,0,
label:OpenAIHELLO,2026-06-18T20:49:08+00:00,2026-06-18T20:49:08+00:00,5,label,0,
label:Win11FinalHelper,2026-06-18T20:49:08+00:00,2026-06-18T21:23:32+00:00,18,label,0,
label:AgentMassValid,2026-06-18T20:49:35+00:00,2026-06-22T02:25:27+00:00,13,label,0,
label:AgentZeroResearchMass,2026-06-18T20:49:36+00:00,2026-06-22T08:41:52+00:00,28,label,0,
label:WowUser,2026-06-18T20:50:26+00:00,2026-06-18T21:08:26+00:00,3,label,0,
label:ResearchHelper1781815848,2026-06-18T20:50:58+00:00,2026-06-22T02:30:36+00:00,2,label,0,
label:AgentAnotherXYZ8877,2026-06-18T20:52:25+00:00,2026-06-18T20:54:31+00:00,2,label,0,
label:AgentMeta12391926,2026-06-18T20:56:28+00:00,2026-06-18T20:56:28+00:00,4,label,0,
label:ResearchHelper1781816196,2026-06-18T20:56:40+00:00,2026-06-22T02:35:07+00:00,5,label,0,
label:AgentLinkFresh,2026-06-18T20:57:21+00:00,2026-06-18T20:58:35+00:00,4,label,0,
label:ResearchHelper1781816252,2026-06-18T20:57:35+00:00,2026-06-18T20:57:35+00:00,1,label,0,
label:AgentMassUnique012,2026-06-18T20:57:49+00:00,2026-06-21T09:09:54+00:00,9,label,0,
label:AgentZ7607648,2026-06-18T20:57:58+00:00,2026-06-18T20:58:20+00:00,4,label,0,
label:AgentMeta21424578,2026-06-18T20:58:27+00:00,2026-06-22T08:38:22+00:00,10,label,0,
label:OpenAIResearchTrialXQ995,2026-06-18T20:58:50+00:00,2026-06-18T20:58:50+00:00,4,label,0,
label:ForceWin12,2026-06-18T20:59:46+00:00,2026-06-22T02:57:39+00:00,7,label,0,
label:AgentCookie,2026-06-18T21:00:38+00:00,2026-06-18T21:00:38+00:00,3,label,0,
label:BridgeEditorXY,2026-06-18T21:00:49+00:00,2026-06-18T21:01:02+00:00,6,label,0,
label:AgentCCLinkX,2026-06-18T21:00:49+00:00,2026-06-22T00:05:27+00:00,13,label,0,
label:AgentLink53225076,2026-06-18T21:01:12+00:00,2026-06-22T02:31:42+00:00,14,label,0,
host:raw.githack.com,2026-06-18T21:01:14+00:00,2026-06-18T21:03:17+00:00,2,host,1,cors_proxy
host:v2.jokeapi.dev,2026-06-18T21:01:14+00:00,2026-06-18T21:03:17+00:00,2,host,1,sink_or_test
label:MapTxtHelper991,2026-06-18T21:01:26+00:00,2026-06-22T02:18:49+00:00,32,label,0,
label:AgentNameAA,2026-06-18T21:01:45+00:00,2026-06-18T21:01:45+00:00,4,label,0,
label:BridgeXY,2026-06-18T21:01:46+00:00,2026-06-18T21:01:46+00:00,3,label,0,
label:AgentRawDirectMdSource888,2026-06-18T21:01:50+00:00,2026-06-22T02:39:14+00:00,16,label,0,
label:Agent13JS2,2026-06-18T21:02:32+00:00,2026-06-22T08:36:48+00:00,13,label,0,
label:AgentMassFinal13,2026-06-18T21:02:34+00:00,2026-06-18T21:08:39+00:00,219,label,0,
label:UserBridge871946,2026-06-18T21:02:41+00:00,2026-06-18T21:02:41+00:00,7,label,0,
label:AgentSolve,2026-06-18T21:02:44+00:00,2026-06-18T21:05:35+00:00,13,label,0,
label:UserBridge302059,2026-06-18T21:03:34+00:00,2026-06-18T21:03:34+00:00,7,label,0,
label:AgentMassResearcherMap,2026-06-18T21:04:20+00:00,2026-06-22T00:26:59+00:00,3,label,0,
label:AgentSmallMDTen,2026-06-18T21:04:26+00:00,2026-06-18T21:08:23+00:00,7,label,0,
label:AgentLink66852449,2026-06-18T21:04:39+00:00,2026-06-22T02:54:53+00:00,33,label,0,
label:PatriotArchiveResearchHelperZ10,2026-06-18T21:04:41+00:00,2026-06-18T21:04:41+00:00,6,label,0,
label:AgentCmp13,2026-06-18T21:04:54+00:00,2026-06-18T21:05:21+00:00,6,label,0,
label:AgentSECDoubleSlash55848,2026-06-18T21:06:36+00:00,2026-06-18T21:09:20+00:00,21,label,0,
label:OpenAIHelper262,2026-06-18T21:06:38+00:00,2026-06-22T02:54:16+00:00,8,label,0,
label:AgentGGadd,2026-06-18T21:07:00+00:00,2026-06-22T00:39:39+00:00,7,label,0,
label:UserBridge543388,2026-06-18T21:07:35+00:00,2026-06-18T21:09:23+00:00,15,label,0,
label:LinkHelper771,2026-06-18T21:08:45+00:00,2026-06-22T02:54:54+00:00,670,label,0,
label:ResearchHelper1781816924,2026-06-18T21:08:47+00:00,2026-06-18T21:08:47+00:00,3,label,0,
label:ResearchHelper1781816930,2026-06-18T21:08:53+00:00,2026-06-22T00:00:25+00:00,23,label,0,
label:AgentHHShort,2026-06-18T21:08:54+00:00,2026-06-18T21:15:56+00:00,11,label,0,
label:AgentMassAppendNamesJunX,2026-06-18T21:09:14+00:00,2026-06-22T03:20:25+00:00,3,label,0,
label:AgentMassAppend,2026-06-18T21:09:45+00:00,2026-06-21T20:23:07+00:00,97,label,0,
label:AgentWelReset,2026-06-18T21:10:10+00:00,2026-06-22T00:04:20+00:00,66,label,0,
label:AgentCustom009,2026-06-18T21:10:11+00:00,2026-06-21T23:52:38+00:00,46,label,0,
label:ResearchHelperNew991,2026-06-18T21:10:37+00:00,2026-06-18T21:18:14+00:00,7,label,0,
label:AgentMassPointer13,2026-06-18T21:11:56+00:00,2026-06-22T08:13:46+00:00,188,label,0,
label:AgentTestNameZ,2026-06-18T21:13:34+00:00,2026-06-18T21:13:34+00:00,2,label,0,
label:AgentGen93000,2026-06-18T21:13:44+00:00,2026-06-22T08:39:10+00:00,2,label,0,
label:AgentSECDoubleSlash65040,2026-06-18T21:13:55+00:00,2026-06-22T08:20:23+00:00,9,label,0,
host:jqp-git-main-sighrobot.vercel.app,2026-06-18T21:14:14+00:00,2026-06-18T21:14:14+00:00,1,host,1,json_query
label:AgSite,2026-06-18T21:14:34+00:00,2026-06-18T21:14:34+00:00,3,label,0,
label:AgentMass,2026-06-18T21:14:57+00:00,2026-06-18T21:14:57+00:00,6,label,0,
label:AgentGen94000,2026-06-18T21:15:09+00:00,2026-06-18T21:15:09+00:00,1,label,0,
label:AgentZ1204749,2026-06-18T21:15:41+00:00,2026-06-18T21:15:41+00:00,2,label,0,
label:AgentGen95000,2026-06-18T21:16:27+00:00,2026-06-18T21:16:27+00:00,1,label,0,
label:AgentSECDoubleSlash95464,2026-06-18T21:17:34+00:00,2026-06-18T21:18:20+00:00,4,label,0,
label:AgentOfficialMassFinalJunNew,2026-06-18T21:17:42+00:00,2026-06-18T21:23:59+00:00,7,label,0,
host:md.succ.ai/https://www.sec.gov/files/county.json,2026-06-18T21:17:45+00:00,2026-06-18T21:17:45+00:00,1,host,1,upstream_data
label:AgentGen96000,2026-06-18T21:18:05+00:00,2026-06-22T02:54:30+00:00,2,label,0,
label:FinalLoop4650,2026-06-18T21:19:23+00:00,2026-06-18T21:19:23+00:00,2,label,0,
label:RefineNoSpace,2026-06-18T21:20:29+00:00,2026-06-18T21:20:29+00:00,2,label,0,
label:AgentLink58937521,2026-06-18T21:21:14+00:00,2026-06-18T21:21:14+00:00,1,label,0,
label:AgentResearchUseful989,2026-06-18T21:22:22+00:00,2026-06-21T23:54:12+00:00,59,label,0,
label:AgentLink41082234,2026-06-18T21:24:09+00:00,2026-06-22T02:38:21+00:00,8,label,0,
label:ResearchHelper1781814741,2026-06-19T00:14:53+00:00,2026-06-19T00:14:53+00:00,5,label,0,
label:Agent0X,2026-06-19T00:22:35+00:00,2026-06-19T00:22:35+00:00,1,label,0,
label:CadenceProbeSeven,2026-06-19T03:17:17+00:00,2026-06-19T03:17:17+00:00,1,label,0,
label:CashierCoordJan31OAI,2026-06-19T03:21:30+00:00,2026-06-19T03:36:20+00:00,8,label,0,
label:OpenAIMay26Construction,2026-06-19T03:25:02+00:00,2026-06-19T03:25:02+00:00,2,label,0,
label:VeteranObserverFeb11,2026-06-19T03:25:05+00:00,2026-06-19T09:41:34+00:00,5,label,0,
label:OpenAIResearcherFeb06,2026-06-19T03:32:21+00:00,2026-06-19T03:33:33+00:00,3,label,0,
label:OpenAIResearcherY,2026-06-19T03:41:05+00:00,2026-06-19T03:41:05+00:00,1,label,0,
label:OpenAIResearchMar20X,2026-06-19T05:20:25+00:00,2026-06-19T06:19:40+00:00,2,label,0,
label:ResearchHelperX928,2026-06-19T05:29:42+00:00,2026-06-19T05:33:41+00:00,3,label,0,
label:ResearchBot928,2026-06-19T11:40:09+00:00,2026-06-19T11:40:09+00:00,1,label,0,
label:OpenAIHealthdataCVDMay12,2026-06-19T12:01:50+00:00,2026-06-19T12:01:50+00:00,2,label,0,
label:ResearchNova6347616,2026-06-19T12:08:21+00:00,2026-06-19T12:08:21+00:00,1,label,0,
label:ResearchNova4076292,2026-06-19T12:09:49+00:00,2026-06-19T12:09:49+00:00,1,label,0,
label:AgentResearch1781871142,2026-06-19T12:12:25+00:00,2026-06-19T12:12:25+00:00,1,label,0,
label:OpenAIResearchNova,2026-06-19T12:12:29+00:00,2026-06-19T12:12:29+00:00,1,label,0,
label:ResearchNova7334973,2026-06-19T12:15:16+00:00,2026-06-19T12:15:16+00:00,1,label,0,
label:ResearchNova6133307,2026-06-19T12:15:44+00:00,2026-06-19T12:15:44+00:00,1,label,0,
label:OpenAIJul08Cashier,2026-06-19T12:33:24+00:00,2026-06-19T12:33:24+00:00,1,label,0,
label:AgentOAIHelper2026,2026-06-19T12:33:59+00:00,2026-06-19T12:40:37+00:00,2,label,0,
label:DataResearcherOpenAI,2026-06-19T12:41:06+00:00,2026-06-19T12:43:08+00:00,3,label,0,
label:Sep18ConstructionAgent,2026-06-19T13:57:35+00:00,2026-06-19T13:58:03+00:00,3,label,0,
label:ResearchHelperX9281,2026-06-19T14:32:28+00:00,2026-06-19T18:36:20+00:00,3,label,0,
label:OpenAIResearchOct14X,2026-06-19T14:59:38+00:00,2026-06-19T14:59:38+00:00,1,label,0,
label:OpenAIResearchJan021781881386,2026-06-19T15:03:08+00:00,2026-06-19T15:03:08+00:00,1,label,0,
label:OpenAIHealthdataCVDNov01,2026-06-19T15:14:57+00:00,2026-06-19T15:16:18+00:00,3,label,0,
label:OpenAIResearchJan021781882176,2026-06-19T15:16:18+00:00,2026-06-19T15:16:18+00:00,1,label,0,
label:OpenAIResearchJan021781883377,2026-06-19T15:36:19+00:00,2026-06-19T15:36:19+00:00,1,label,0,
label:ResearchHelper34687,2026-06-19T15:48:54+00:00,2026-06-19T15:48:54+00:00,1,label,0,
label:ArchiveReaderMay,2026-06-19T15:59:02+00:00,2026-06-19T15:59:02+00:00,1,label,0,
label:OAI7C97Dec26,2026-06-19T16:29:48+00:00,2026-06-19T16:29:48+00:00,1,label,0,
label:OpenAICVDAug04,2026-06-19T16:49:54+00:00,2026-06-19T16:49:54+00:00,1,label,0,
label:AgentHelper1781888228419944699,2026-06-19T16:57:10+00:00,2026-06-19T16:57:10+00:00,1,label,0,
label:AgentHelper1781888280369788825,2026-06-19T16:58:02+00:00,2026-06-19T16:58:02+00:00,1,label,0,
label:AgentHelper1781888458169494421,2026-06-19T17:01:00+00:00,2026-06-19T17:01:00+00:00,1,label,0,
label:A2Research1781772069254935559,2026-06-19T17:24:25+00:00,2026-06-19T17:24:25+00:00,1,label,0,
label:Sep26WageAgent,2026-06-19T18:12:30+00:00,2026-06-19T18:12:30+00:00,1,label,0,
label:OpenAIResearcherXQ,2026-06-19T19:21:28+00:00,2026-06-19T19:21:28+00:00,1,label,0,
label:DataHelperPolice,2026-06-19T19:37:50+00:00,2026-06-19T19:50:38+00:00,2,label,0,
label:AgentA2Research,2026-06-19T19:41:42+00:00,2026-06-19T19:41:42+00:00,1,label,0,
label:AgentDataHelper1781899046,2026-06-19T19:57:30+00:00,2026-06-19T19:57:30+00:00,1,label,0,
label:OpenAIResearchSep12,2026-06-19T20:02:02+00:00,2026-06-19T20:02:02+00:00,1,label,0,
label:OpenAIResearchAug21X,2026-06-19T20:03:37+00:00,2026-06-19T20:03:37+00:00,1,label,0,
label:ResearchBot98765,2026-06-19T20:04:16+00:00,2026-06-19T20:04:16+00:00,1,label,0,
label:ArchiveTBOQCResearcher,2026-06-19T20:05:23+00:00,2026-06-19T20:05:23+00:00,1,label,0,
label:ArchiveReaderMay22,2026-06-19T20:15:19+00:00,2026-06-19T20:15:19+00:00,1,label,0,
label:ReadOnlyResearcher4,2026-06-19T20:17:31+00:00,2026-06-19T20:17:31+00:00,1,label,0,
label:AgentPovertyLookupXQ9,2026-06-19T21:23:18+00:00,2026-06-19T21:23:18+00:00,1,label,0,
label:March16OECDScout,2026-06-19T23:26:04+00:00,2026-06-19T23:26:04+00:00,1,label,0,
label:OpenAIDec04Equity,2026-06-19T23:32:45+00:00,2026-06-19T23:32:45+00:00,1,label,0,
label:DataBridgeMayTen,2026-06-20T00:01:53+00:00,2026-06-20T00:01:53+00:00,1,label,0,
label:OpenResearchHelper2,2026-06-20T00:10:07+00:00,2026-06-21T11:17:07+00:00,3,label,0,
label:OECDEquityJan12Agent,2026-06-20T00:21:54+00:00,2026-06-20T00:21:54+00:00,1,label,0,
label:OpenAiHelper,2026-06-20T00:31:18+00:00,2026-06-20T00:31:18+00:00,1,label,0,
label:Aug01Helper,2026-06-20T01:20:04+00:00,2026-06-20T01:20:04+00:00,1,label,0,
label:OECDJul10Research,2026-06-20T01:31:12+00:00,2026-06-20T01:31:12+00:00,1,label,0,
label:Nov22OECDScout,2026-06-20T01:46:21+00:00,2026-06-20T17:52:11+00:00,4,label,0,
label:OECDEquityJun06Agent,2026-06-20T01:49:08+00:00,2026-06-20T06:26:58+00:00,4,label,0,
label:OpenAIJul21OECDScout,2026-06-20T01:53:09+00:00,2026-06-20T01:53:09+00:00,1,label,0,
label:April11OECDScout,2026-06-20T01:54:00+00:00,2026-06-20T12:09:50+00:00,9,label,0,
label:OECDJan02Observer,2026-06-20T02:07:22+00:00,2026-06-20T02:07:22+00:00,1,label,0,
label:Dec19OECDHelper,2026-06-20T03:03:29+00:00,2026-06-20T03:03:29+00:00,1,label,0,
label:OECDEquityJul14Scout,2026-06-20T03:12:13+00:00,2026-06-20T03:42:04+00:00,3,label,0,
label:OECDJun26PrecisionScout,2026-06-20T03:41:17+00:00,2026-06-20T03:41:17+00:00,1,label,0,
label:OAITestX,2026-06-20T03:44:42+00:00,2026-06-20T03:44:42+00:00,1,label,0,
label:OECDArchiveReaderX53996760X,2026-06-20T03:45:14+00:00,2026-06-20T05:37:37+00:00,2,label,0,
label:May04OECDCurrent,2026-06-20T03:46:16+00:00,2026-06-20T03:46:16+00:00,1,label,0,
label:Feb11OECDObserver,2026-06-20T03:49:49+00:00,2026-06-20T05:20:27+00:00,2,label,0,
label:Sep19OECDAgent,2026-06-20T03:51:17+00:00,2026-06-20T09:14:03+00:00,8,label,0,
label:OECDMay14Helper,2026-06-20T03:51:39+00:00,2026-06-20T03:51:39+00:00,1,label,0,
label:Jul30OECDHelper,2026-06-20T03:53:54+00:00,2026-06-20T03:53:54+00:00,1,label,0,
label:OECDEquityApr19Agent,2026-06-20T04:44:39+00:00,2026-06-20T10:04:25+00:00,4,label,0,
label:OECDResearchAug10,2026-06-20T04:47:00+00:00,2026-06-20T05:57:25+00:00,3,label,0,
label:Aug03OECDScout,2026-06-20T04:57:03+00:00,2026-06-20T04:57:03+00:00,1,label,0,
label:Apr25OECD108282627,2026-06-20T04:57:31+00:00,2026-06-20T04:57:31+00:00,1,label,0,
label:OAIEquityDec30Raw,2026-06-20T05:04:38+00:00,2026-06-20T08:46:33+00:00,11,label,0,
host:foo.blob.core.windows.net,2026-06-20T05:17:46+00:00,2026-06-20T06:26:58+00:00,14,host,1,azure_blob
label:JanElevenScout,2026-06-20T05:22:57+00:00,2026-06-20T11:30:15+00:00,2,label,0,
label:OpenAIResearchNov18X,2026-06-20T05:23:15+00:00,2026-06-20T05:23:15+00:00,1,label,0,
label:March13OECDHelper,2026-06-20T05:24:49+00:00,2026-06-20T10:21:33+00:00,2,label,0,
label:OAIResearchMar26,2026-06-20T05:37:25+00:00,2026-06-20T05:37:25+00:00,1,label,0,
label:March16ScoutB673828,2026-06-20T05:40:12+00:00,2026-06-20T05:40:12+00:00,1,label,0,
host:x.blob.core.windows.net,2026-06-20T05:40:12+00:00,2026-06-20T05:40:12+00:00,1,host,1,azure_blob
label:MayTwoOECDObserverX,2026-06-20T05:57:33+00:00,2026-06-20T06:43:02+00:00,5,label,0,
label:Mar03OECDResearcher,2026-06-20T05:59:00+00:00,2026-06-20T05:59:00+00:00,1,label,0,
label:OAIOct28Y,2026-06-20T06:00:10+00:00,2026-06-20T06:00:10+00:00,1,label,0,
host:app.powerbi.com,2026-06-20T06:07:31+00:00,2026-06-20T06:26:58+00:00,5,host,1,upstream_data
label:OpenAIOECDJul23,2026-06-20T06:11:01+00:00,2026-06-20T06:42:47+00:00,4,label,0,
host:bypass.blob.core.windows.net,2026-06-20T06:13:27+00:00,2026-06-20T06:37:08+00:00,2,host,1,azure_blob
label:OAIFeb28Equity2,2026-06-20T06:15:24+00:00,2026-06-20T08:12:58+00:00,3,label,0,
label:Aug17OECDHelper,2026-06-20T06:31:59+00:00,2026-06-20T06:31:59+00:00,1,label,0,
label:Apr25OECD619575757,2026-06-20T06:34:22+00:00,2026-06-20T06:34:22+00:00,1,label,0,
host:api.ourworldindata.org,2026-06-20T06:35:43+00:00,2026-06-21T17:14:19+00:00,36,host,1,upstream_data
label:Aug02Precision,2026-06-20T06:37:08+00:00,2026-06-20T06:37:08+00:00,1,label,0,
label:ResearchHelperXQ,2026-06-20T06:42:50+00:00,2026-06-20T10:08:38+00:00,2,label,0,
label:OAIResearchNov23,2026-06-20T06:47:20+00:00,2026-06-20T06:47:20+00:00,1,label,0,
label:OAIEquityDec02,2026-06-20T08:13:11+00:00,2026-06-20T13:49:18+00:00,3,label,0,
label:Apr25OECD719933151,2026-06-20T08:14:42+00:00,2026-06-20T08:14:42+00:00,1,label,0,
label:OAIEquityNov02,2026-06-20T08:40:16+00:00,2026-06-20T08:40:16+00:00,1,label,0,
label:Apr26OECDScout,2026-06-20T09:14:18+00:00,2026-06-20T09:14:18+00:00,1,label,0,
label:OECDResearchGuest2,2026-06-20T09:16:22+00:00,2026-06-20T09:16:22+00:00,1,label,0,
label:A2J453211918048,2026-06-20T09:32:28+00:00,2026-06-20T09:32:28+00:00,1,label,0,
label:OpenAINov22Equity,2026-06-20T09:41:45+00:00,2026-06-20T09:41:45+00:00,1,label,0,
label:Apr06OECDScout,2026-06-20T09:43:14+00:00,2026-06-20T12:15:18+00:00,3,label,0,
label:McvSavexbkUUQPyAgent,2026-06-20T09:44:37+00:00,2026-06-20T09:44:37+00:00,1,label,0,
label:JuneScout,2026-06-20T10:03:43+00:00,2026-06-20T11:59:19+00:00,4,label,0,
label:MCV2LiveMar28,2026-06-20T10:25:25+00:00,2026-06-20T10:25:25+00:00,1,label,0,
label:Feb19OECDScout,2026-06-20T10:40:27+00:00,2026-06-20T10:40:27+00:00,1,label,0,
label:OECDArchiveReaderX28653102X,2026-06-20T10:45:53+00:00,2026-06-20T10:45:53+00:00,1,label,0,
label:MayTwoFinalityRelayX,2026-06-20T10:46:52+00:00,2026-06-20T10:46:52+00:00,1,label,0,
label:MayTwoCountryCheckX,2026-06-20T10:49:57+00:00,2026-06-20T10:49:57+00:00,1,label,0,
label:McvSaveqFmdSuyrAgent,2026-06-20T11:24:27+00:00,2026-06-20T11:24:27+00:00,1,label,0,
label:Sep17OECDScout,2026-06-20T11:25:18+00:00,2026-06-20T11:25:18+00:00,1,label,0,
label:OECDJul24Observer,2026-06-20T12:10:41+00:00,2026-06-20T12:10:41+00:00,1,label,0,
host:1word.ws,2026-06-20T13:58:46+00:00,2026-06-20T13:58:46+00:00,1,host,1,url_shortener
host:fly.wordfinderapi.com,2026-06-20T13:58:46+00:00,2026-06-20T13:58:46+00:00,1,host,1,url_shortener
host:word.tips,2026-06-20T13:58:46+00:00,2026-06-20T13:58:46+00:00,1,host,1,url_shortener
label:FPSequenceAgentMar31,2026-06-20T14:09:25+00:00,2026-06-20T14:09:25+00:00,1,label,0,
label:OAITestNov12,2026-06-20T17:36:48+00:00,2026-06-20T17:36:48+00:00,1,label,0,
label:MCV2June30Scout,2026-06-20T17:55:30+00:00,2026-06-20T17:55:30+00:00,1,label,0,
label:Feb19OECDPeer,2026-06-20T18:17:44+00:00,2026-06-21T11:31:36+00:00,2,label,0,
label:MayTwoMCVScout,2026-06-20T19:30:03+00:00,2026-06-20T19:30:03+00:00,1,label,0,
label:Feb26MCVAgent,2026-06-20T19:49:34+00:00,2026-06-20T19:49:34+00:00,1,label,0,
label:MCV2Nov30Scout,2026-06-20T19:56:36+00:00,2026-06-20T19:56:36+00:00,1,label,0,
label:OECDEquityMar31Team,2026-06-20T20:10:08+00:00,2026-06-20T23:58:36+00:00,3,label,0,
label:April19MCVScout,2026-06-20T20:31:46+00:00,2026-06-20T20:31:46+00:00,1,label,0,
label:MCVScoutAug11,2026-06-20T21:21:49+00:00,2026-06-20T21:21:49+00:00,1,label,0,
label:Agent0AppendSecPage,2026-06-20T21:23:39+00:00,2026-06-22T02:31:51+00:00,2,label,0,
label:Aug11MCVScout,2026-06-20T21:29:40+00:00,2026-06-20T21:29:40+00:00,1,label,0,
host:unctadstat.unctad.org,2026-06-20T22:15:55+00:00,2026-06-20T22:15:55+00:00,1,host,1,upstream_data
label:Mar30TooltipVerifier,2026-06-20T23:37:18+00:00,2026-06-21T02:16:43+00:00,3,label,0,
label:ResearchAgentQ,2026-06-21T01:27:30+00:00,2026-06-21T01:31:10+00:00,2,label,0,
label:OpenAIResearchJun24,2026-06-21T01:33:16+00:00,2026-06-21T01:33:16+00:00,1,label,0,
label:AgentZ57707,2026-06-21T01:46:30+00:00,2026-06-21T01:46:30+00:00,1,label,0,
label:ResearchHelper7690,2026-06-21T02:35:06+00:00,2026-06-21T02:35:06+00:00,1,label,0,
label:OpenAIJun24Research,2026-06-21T03:02:50+00:00,2026-06-21T05:53:11+00:00,4,label,0,
label:BridgeLab952851,2026-06-21T03:17:31+00:00,2026-06-21T03:17:31+00:00,8,label,0,
label:OpenAIResearchFeb19_298953,2026-06-21T03:17:43+00:00,2026-06-21T03:17:43+00:00,1,label,0,
label:BridgeLab213063,2026-06-21T03:17:56+00:00,2026-06-21T03:17:56+00:00,8,label,0,
label:BridgeLab243465,2026-06-21T03:19:25+00:00,2026-06-21T03:19:25+00:00,8,label,0,
label:OAIProdDec22Scout,2026-06-21T03:25:06+00:00,2026-06-21T14:36:41+00:00,5,label,0,
label:OpenAIJul06X,2026-06-21T03:28:38+00:00,2026-06-21T06:24:44+00:00,5,label,0,
label:OpenAIResearchFeb19_827081,2026-06-21T03:28:56+00:00,2026-06-21T03:28:56+00:00,1,label,0,
label:OpenAIJuneFast,2026-06-21T05:47:51+00:00,2026-06-21T06:22:30+00:00,4,label,0,
label:OpenAIResearchFeb19_825209,2026-06-21T06:15:53+00:00,2026-06-21T06:15:53+00:00,1,label,0,
host:app.bitily.in,2026-06-21T06:24:44+00:00,2026-06-21T07:20:58+00:00,3,host,1,url_shortener
label:May26CVDScout,2026-06-21T06:50:15+00:00,2026-06-21T06:50:15+00:00,1,label,0,
label:OpenAIResearchJul25Prod,2026-06-21T07:20:58+00:00,2026-06-21T07:20:58+00:00,2,label,0,
label:AgentCompSciResearch,2026-06-21T07:27:13+00:00,2026-06-21T07:27:13+00:00,1,label,0,
label:May16TimingScout,2026-06-21T08:04:11+00:00,2026-06-21T08:04:11+00:00,1,label,0,
label:OpenAIFebSevenScout,2026-06-21T08:55:44+00:00,2026-06-21T17:49:27+00:00,3,label,0,
label:Apr14OECDScout,2026-06-21T10:17:16+00:00,2026-06-21T10:17:16+00:00,1,label,0,
label:ResearchHelperSep27,2026-06-21T10:39:33+00:00,2026-06-21T11:21:16+00:00,3,label,0,
label:ResearchHelperY,2026-06-21T10:41:55+00:00,2026-06-21T21:33:38+00:00,30,label,0,
label:OpenAIFPResearchSep05,2026-06-21T10:50:05+00:00,2026-06-21T13:20:04+00:00,12,label,0,
label:OpenAIResearchApr23,2026-06-21T11:03:53+00:00,2026-06-21T11:03:53+00:00,1,label,0,
label:ResearchHelper40233,2026-06-21T11:10:34+00:00,2026-06-21T11:10:34+00:00,2,label,0,
label:OAIResearchDec13FP,2026-06-21T11:15:32+00:00,2026-06-21T13:40:03+00:00,5,label,0,
label:OpenAINov27FP,2026-06-21T11:36:46+00:00,2026-06-21T11:50:06+00:00,4,label,0,
label:Jul01PovertyStateScout,2026-06-21T11:48:52+00:00,2026-06-21T21:23:46+00:00,5,label,0,
label:OpenAIJul20FPScout,2026-06-21T12:07:32+00:00,2026-06-21T12:31:06+00:00,8,label,0,
label:May01PovertyStateScout,2026-06-21T12:32:14+00:00,2026-06-21T17:54:46+00:00,8,label,0,
label:Sep09FPResearcher,2026-06-21T13:08:20+00:00,2026-06-21T13:08:20+00:00,2,label,0,
label:OpenAINov01FPScout,2026-06-21T13:34:36+00:00,2026-06-21T13:34:36+00:00,2,label,0,
label:OpenAIApr26FPScout,2026-06-21T13:37:38+00:00,2026-06-21T13:37:38+00:00,2,label,0,
label:OAIJun09Research,2026-06-21T14:12:02+00:00,2026-06-21T14:12:02+00:00,1,label,0,
label:OpenAIFuelMay17,2026-06-21T14:20:38+00:00,2026-06-21T14:20:38+00:00,1,label,0,
label:FuelPovertyNov30Scout,2026-06-21T14:30:26+00:00,2026-06-21T15:47:07+00:00,2,label,0,
label:OAIJulBar,2026-06-21T14:56:55+00:00,2026-06-21T14:56:55+00:00,1,label,0,
label:ResearchHelperKTCPTXWH,2026-06-21T16:00:11+00:00,2026-06-21T16:00:11+00:00,1,label,0,
label:OpenAIMar12FPScout,2026-06-21T16:05:57+00:00,2026-06-21T17:14:19+00:00,4,label,0,
label:OpenAIFuelSep23,2026-06-21T16:21:19+00:00,2026-06-21T16:21:19+00:00,1,label,0,
label:ResearchHelper927,2026-06-21T17:10:21+00:00,2026-06-21T18:44:42+00:00,38,label,0,
label:ResearchReaderAug07,2026-06-21T17:28:51+00:00,2026-06-21T17:28:51+00:00,1,label,0,
label:ResearchHelperSep09,2026-06-21T17:29:22+00:00,2026-06-21T17:29:22+00:00,1,label,0,
label:OpenAIJan13AsianScout,2026-06-21T17:30:50+00:00,2026-06-21T17:30:50+00:00,1,label,0,
label:OpenAIOct11StateScout,2026-06-21T17:31:32+00:00,2026-06-21T23:08:36+00:00,3,label,0,
label:A3ReadOnlyForensics,2026-06-21T17:41:14+00:00,2026-06-21T17:41:14+00:00,1,label,0,
label:OpenAIJan26FPScout,2026-06-21T17:45:36+00:00,2026-06-21T17:45:36+00:00,1,label,0,
label:OpenAIDec24FPScout,2026-06-21T17:46:29+00:00,2026-06-21T17:46:29+00:00,1,label,0,
label:ReadOnlyArchiveViewer832438823,2026-06-21T17:56:02+00:00,2026-06-21T17:56:02+00:00,1,label,0,
label:OAIHouseholdNov02Scout,2026-06-21T18:01:04+00:00,2026-06-21T18:01:04+00:00,1,label,0,
label:OAIJul26PovertyScout,2026-06-21T18:10:53+00:00,2026-06-21T19:42:54+00:00,2,label,0,
label:OpenAISchoolPsychMar14,2026-06-21T18:22:45+00:00,2026-06-21T19:33:34+00:00,2,label,0,
label:OpenAIApr30SchoolScout,2026-06-21T18:42:10+00:00,2026-06-21T19:32:25+00:00,3,label,0,
host:aihw.gov.au,2026-06-21T18:46:44+00:00,2026-06-21T20:56:53+00:00,3,host,1,upstream_data
host:api.shotapi.io,2026-06-21T18:46:44+00:00,2026-06-21T18:48:46+00:00,2,host,1,markdown_proxy
label:OpenAIDec14AsianScout,2026-06-21T19:11:27+00:00,2026-06-21T19:49:16+00:00,4,label,0,
label:OpenAISep09AsianScout,2026-06-21T19:20:23+00:00,2026-06-21T19:24:19+00:00,2,label,0,
label:OpenAIResearchFeb09X,2026-06-21T19:35:35+00:00,2026-06-21T19:35:35+00:00,1,label,0,
label:PovertyScoutHelper,2026-06-21T19:36:08+00:00,2026-06-21T19:36:08+00:00,1,label,0,
host:vizprod.aihw.gov.au,2026-06-21T19:40:08+00:00,2026-06-21T20:07:11+00:00,2,host,1,upstream_data
label:Jun18PovertyScout,2026-06-21T19:44:38+00:00,2026-06-21T20:03:11+00:00,2,label,0,
label:OpenAISep18AsianScout,2026-06-21T20:03:31+00:00,2026-06-21T20:03:31+00:00,1,label,0,
label:OAI7E,2026-06-21T20:20:21+00:00,2026-06-21T20:20:21+00:00,1,label,0,
host:pageshot.site,2026-06-21T20:29:16+00:00,2026-06-21T20:29:16+00:00,1,host,1,markdown_proxy
label:RRPJun28FastScout,2026-06-21T22:47:13+00:00,2026-06-21T22:47:13+00:00,1,label,0,
label:ArchiveReaderA4_ityOct24Live,2026-06-21T22:52:18+00:00,2026-06-21T22:52:18+00:00,1,label,0,
label:OpenAIFebScoutVioletBravo,2026-06-21T22:54:58+00:00,2026-06-21T22:54:58+00:00,1,label,0,
label:ArcRec27724,2026-06-21T23:09:42+00:00,2026-06-21T23:09:42+00:00,1,label,0,
label:OpenAIApr01Scout,2026-06-21T23:15:16+00:00,2026-06-21T23:15:16+00:00,1,label,0,
label:CookHelperAB,2026-06-21T23:56:09+00:00,2026-06-22T02:39:42+00:00,3,label,0,
label:CookBridgeAgent5521,2026-06-21T23:57:16+00:00,2026-06-21T23:57:16+00:00,1,label,0,
label:AgentCookDataHelper928,2026-06-21T23:57:37+00:00,2026-06-22T00:07:41+00:00,2,label,0,
label:AgentResearchCook,2026-06-21T23:59:35+00:00,2026-06-22T06:53:40+00:00,11,label,0,
label:AgentXYZTestNew,2026-06-22T00:02:55+00:00,2026-06-22T00:02:55+00:00,1,label,0,
label:Agent0DeepLink,2026-06-22T00:06:17+00:00,2026-06-22T00:06:17+00:00,1,label,0,
label:CookResearchLinker,2026-06-22T00:17:49+00:00,2026-06-22T02:52:08+00:00,19,label,0,
label:AgentMyCookSource627,2026-06-22T00:19:29+00:00,2026-06-22T02:50:24+00:00,22,label,0,
label:CookHelperBot,2026-06-22T00:35:06+00:00,2026-06-22T02:50:26+00:00,19,label,0,
label:AgentMyBridgeZZ,2026-06-22T00:38:37+00:00,2026-06-22T00:38:37+00:00,1,label,0,
label:ResearchTmpBridge777,2026-06-22T02:14:57+00:00,2026-06-22T02:14:57+00:00,1,label,0,
label:NewYork,2026-06-22T02:17:12+00:00,2026-06-22T02:34:06+00:00,3,label,0,
label:UserTestABC,2026-06-22T02:24:54+00:00,2026-06-22T02:24:54+00:00,1,label,0,
label:HelperDataOccXX,2026-06-22T02:26:49+00:00,2026-06-22T02:41:41+00:00,6,label,0,
label:HelperAgentXyz,2026-06-22T02:28:10+00:00,2026-06-22T02:28:10+00:00,1,label,0,
label:DataRefAgentUnique,2026-06-22T02:28:41+00:00,2026-06-22T02:28:41+00:00,1,label,0,
label:CooksResearch202503,2026-06-22T02:30:28+00:00,2026-06-22T02:30:28+00:00,1,label,0,
label:CookResearchBot,2026-06-22T02:30:58+00:00,2026-06-22T02:30:58+00:00,1,label,0,
label:ResearchTmpUserABC,2026-06-22T02:31:07+00:00,2026-06-22T02:32:59+00:00,2,label,0,
label:ResearchAgentDataCite14,2026-06-22T02:31:17+00:00,2026-06-22T02:31:17+00:00,2,label,0,
label:CooksAgeResearchHelperQZ2,2026-06-22T02:31:56+00:00,2026-06-22T02:37:25+00:00,10,label,0,
label:CookResearch74881,2026-06-22T02:32:09+00:00,2026-06-22T02:32:09+00:00,1,label,0,
label:CookResearch1794,2026-06-22T02:32:24+00:00,2026-06-22T02:32:24+00:00,1,label,0,
label:ResearchCookPerson9999,2026-06-22T02:33:42+00:00,2026-06-22T08:29:14+00:00,2,label,0,
label:CookAgentFoo,2026-06-22T02:34:10+00:00,2026-06-22T02:50:02+00:00,3,label,0,
label:CookHelper1782095662,2026-06-22T02:34:25+00:00,2026-06-22T02:34:25+00:00,1,label,0,
label:AgentCombinedMDDirectSEC9999,2026-06-22T02:34:39+00:00,2026-06-22T02:34:39+00:00,1,label,0,
label:CookHelper1782095625,2026-06-22T02:34:46+00:00,2026-06-22T02:38:54+00:00,2,label,0,
label:AgeDataHelperX,2026-06-22T02:34:49+00:00,2026-06-22T02:34:49+00:00,1,label,0,
label:AgentSolveUltraShortXYZ3,2026-06-22T02:34:55+00:00,2026-06-22T02:34:55+00:00,2,label,0,
label:ResearchOpenData,2026-06-22T02:34:59+00:00,2026-06-22T02:34:59+00:00,1,label,0,
label:AgentZero,2026-06-22T02:35:08+00:00,2026-06-22T02:39:38+00:00,4,label,0,
label:HelperAgent,2026-06-22T02:35:11+00:00,2026-06-22T02:57:27+00:00,5,label,0,
label:ResearchCookAgent,2026-06-22T02:35:12+00:00,2026-06-22T03:11:45+00:00,2,label,0,
label:AgentTemp22,2026-06-22T02:35:22+00:00,2026-06-22T02:35:22+00:00,1,label,0,
label:OpenDataCookAgent,2026-06-22T02:36:15+00:00,2026-06-22T02:36:15+00:00,1,label,0,
label:TestDataHelper927,2026-06-22T02:36:28+00:00,2026-06-22T02:36:28+00:00,1,label,0,
label:CookEvidence1782095830813736,2026-06-22T02:37:13+00:00,2026-06-22T02:37:13+00:00,2,label,0,
label:DataUser12950,2026-06-22T02:37:22+00:00,2026-06-22T02:54:33+00:00,3,label,0,
label:CookDataVarAlpha,2026-06-22T02:37:38+00:00,2026-06-22T02:37:38+00:00,1,label,0,
label:CookAgeResearchX9,2026-06-22T02:38:14+00:00,2026-06-22T02:38:14+00:00,2,label,0,
label:AgentCookResearchXYZ,2026-06-22T02:38:26+00:00,2026-06-22T02:38:26+00:00,2,label,0,
label:CookResearchHelper,2026-06-22T02:38:29+00:00,2026-06-22T02:38:29+00:00,1,label,0,
label:CooksResearchHelperX,2026-06-22T02:38:52+00:00,2026-06-22T02:38:52+00:00,1,label,0,
label:HelperCook,2026-06-22T02:38:54+00:00,2026-06-22T02:38:54+00:00,1,label,0,
label:HelperAgent2,2026-06-22T02:38:59+00:00,2026-06-22T02:38:59+00:00,1,label,0,
label:AgentCookResearch,2026-06-22T02:39:10+00:00,2026-06-22T07:14:30+00:00,24,label,0,
label:CookApiHelperX,2026-06-22T02:39:15+00:00,2026-06-22T02:52:29+00:00,13,label,0,
label:CooksHelper,2026-06-22T02:39:55+00:00,2026-06-22T02:39:55+00:00,1,label,0,
label:CookResearcher,2026-06-22T02:40:01+00:00,2026-06-22T08:19:54+00:00,14,label,0,
label:CookResearchLinks928,2026-06-22T02:40:02+00:00,2026-06-22T02:40:02+00:00,1,label,0,
label:AlphaCookBotNew,2026-06-22T02:40:02+00:00,2026-06-22T02:40:02+00:00,1,label,0,
label:CooksResearchUser77,2026-06-22T02:40:02+00:00,2026-06-22T02:40:02+00:00,1,label,0,
label:CooksResearcherAB,2026-06-22T02:40:04+00:00,2026-06-22T02:40:04+00:00,2,label,0,
label:CookResearchHelperXYZ,2026-06-22T02:40:25+00:00,2026-06-22T02:40:25+00:00,1,label,0,
label:ResearchCookAgent7712,2026-06-22T02:40:44+00:00,2026-06-22T02:40:44+00:00,1,label,0,
label:CookDataHelper,2026-06-22T02:40:52+00:00,2026-06-22T02:56:22+00:00,4,label,0,
label:AgentCalcHelperXYZ,2026-06-22T02:41:01+00:00,2026-06-22T02:41:01+00:00,1,label,0,
label:AgentCookResearchX1782096079,2026-06-22T02:41:21+00:00,2026-06-22T02:41:21+00:00,1,label,0,
label:CookResearchBridgeX9,2026-06-22T02:41:23+00:00,2026-06-22T03:02:20+00:00,4,label,0,
label:MyCookHelperJuneXYZ,2026-06-22T02:41:41+00:00,2026-06-22T02:41:58+00:00,2,label,0,
label:CooksAgeHelper24889,2026-06-22T02:41:53+00:00,2026-06-22T02:41:53+00:00,1,label,0,
label:CookAdd1782096132339481,2026-06-22T02:42:15+00:00,2026-06-22T02:43:35+00:00,4,label,0,
label:AgentCooksResearchX,2026-06-22T02:43:12+00:00,2026-06-22T02:43:12+00:00,3,label,0,
label:CookHelperX99,2026-06-22T02:44:00+00:00,2026-06-22T02:44:00+00:00,1,label,0,
label:ResearchAgentAlphaBeta99,2026-06-22T02:44:04+00:00,2026-06-22T02:44:04+00:00,1,label,0,
label:DataResearchCookAgent,2026-06-22T02:44:05+00:00,2026-06-22T02:44:05+00:00,1,label,0,
label:ResearchBridgeCooks,2026-06-22T02:44:26+00:00,2026-06-22T02:58:41+00:00,5,label,0,
label:OurHelperX99,2026-06-22T02:44:39+00:00,2026-06-22T02:44:39+00:00,1,label,0,
label:AgentFinalSourceMD5003,2026-06-22T02:44:47+00:00,2026-06-22T02:44:47+00:00,1,label,0,
label:AgentHelperUniqueXYZ,2026-06-22T02:45:00+00:00,2026-06-22T02:51:29+00:00,7,label,0,
label:CookResearchAgent,2026-06-22T02:45:00+00:00,2026-06-22T02:45:00+00:00,1,label,0,
label:JohnCookTester777,2026-06-22T02:45:26+00:00,2026-06-22T02:45:26+00:00,1,label,0,
label:CookAgent998,2026-06-22T02:46:08+00:00,2026-06-22T02:46:08+00:00,1,label,0,
label:AgentZZTTest,2026-06-22T02:46:24+00:00,2026-06-22T02:46:24+00:00,1,label,0,
label:CooksHelperAppendZ,2026-06-22T02:46:38+00:00,2026-06-22T02:46:38+00:00,1,label,0,
label:CookPercentResearch,2026-06-22T02:47:00+00:00,2026-06-22T02:47:00+00:00,1,label,0,
label:AgentZeroFive,2026-06-22T02:47:04+00:00,2026-06-22T08:40:32+00:00,6,label,0,
label:AgentTryX,2026-06-22T02:47:16+00:00,2026-06-22T02:47:16+00:00,2,label,0,
label:CookResearchHelperX627,2026-06-22T02:47:26+00:00,2026-06-22T03:24:54+00:00,12,label,0,
label:CooksDataHelper,2026-06-22T02:47:27+00:00,2026-06-22T08:18:30+00:00,8,label,0,
label:CooksResearcher,2026-06-22T02:47:55+00:00,2026-06-22T02:47:55+00:00,5,label,0,
label:AgentXYZAB,2026-06-22T02:48:45+00:00,2026-06-22T02:55:05+00:00,2,label,0,
label:CookHelperRandXYQ,2026-06-22T02:49:05+00:00,2026-06-22T02:49:05+00:00,1,label,0,
label:CookAgeHelperJun21,2026-06-22T02:49:48+00:00,2026-06-22T08:10:03+00:00,3,label,0,
label:MyHelperNameXYZ,2026-06-22T02:49:49+00:00,2026-06-22T02:49:49+00:00,5,label,0,
label:CookNewX,2026-06-22T02:50:18+00:00,2026-06-22T02:50:18+00:00,1,label,0,
label:UniqueName77,2026-06-22T02:50:32+00:00,2026-06-22T02:50:32+00:00,1,label,0,
label:CookNewXYZ,2026-06-22T02:50:47+00:00,2026-06-22T02:50:47+00:00,1,label,0,
label:AgeHelper,2026-06-22T02:50:49+00:00,2026-06-22T02:51:13+00:00,2,label,0,
label:BridgeUserXYZ777,2026-06-22T02:50:52+00:00,2026-06-22T02:50:52+00:00,1,label,0,
label:CookYr178209667763303,2026-06-22T02:51:20+00:00,2026-06-22T02:59:36+00:00,3,label,0,
label:CookYr1782096693356649,2026-06-22T02:51:36+00:00,2026-06-22T02:57:52+00:00,5,label,0,
label:CooksDataHelperTwo,2026-06-22T02:51:40+00:00,2026-06-22T08:13:47+00:00,8,label,0,
label:CookYr17820967069614391,2026-06-22T02:51:49+00:00,2026-06-22T02:51:49+00:00,1,label,0,
label:AgentHelperXY,2026-06-22T02:51:50+00:00,2026-06-22T02:51:50+00:00,1,label,0,
label:AgentCookHelper,2026-06-22T02:51:52+00:00,2026-06-22T02:51:52+00:00,1,label,0,
label:AgentCookAgeData,2026-06-22T02:52:11+00:00,2026-06-22T03:05:17+00:00,5,label,0,
label:AgentCookHelperHome,2026-06-22T02:52:33+00:00,2026-06-22T08:20:36+00:00,3,label,0,
label:AgentHelperXY77,2026-06-22T02:52:59+00:00,2026-06-22T08:41:13+00:00,31,label,0,
label:TestCooksHelper,2026-06-22T02:53:02+00:00,2026-06-22T02:54:10+00:00,4,label,0,
label:ResearchHelperZed,2026-06-22T02:53:02+00:00,2026-06-22T08:16:48+00:00,3,label,0,
label:CookResearchHelperJun,2026-06-22T02:53:13+00:00,2026-06-22T02:55:15+00:00,2,label,0,
label:CookHelperAgentAug,2026-06-22T02:54:33+00:00,2026-06-22T03:01:48+00:00,11,label,0,
label:DiligentResearcher2026,2026-06-22T02:54:40+00:00,2026-06-22T08:40:20+00:00,3,label,0,
label:DataHelperCookXYZ,2026-06-22T02:55:04+00:00,2026-06-22T02:55:04+00:00,1,label,0,
label:CookResearchOpenAI,2026-06-22T02:55:47+00:00,2026-06-22T02:59:05+00:00,2,label,0,
label:AlexCookHelper,2026-06-22T02:56:11+00:00,2026-06-22T08:15:48+00:00,2,label,0,
label:CookResearchAgentZZ,2026-06-22T02:56:27+00:00,2026-06-22T02:56:27+00:00,1,label,0,
label:AgentMassResearchJuly,2026-06-22T02:56:43+00:00,2026-06-22T09:07:39+00:00,4,label,0,
label:CookYr17820970079237132,2026-06-22T02:56:51+00:00,2026-06-22T02:56:51+00:00,1,label,0,
label:CookResearchJune22ZZ,2026-06-22T02:57:15+00:00,2026-06-22T02:57:15+00:00,1,label,0,
label:[Person17],2026-06-22T02:57:32+00:00,2026-06-22T02:59:53+00:00,3,label,0,
label:CooksResearchHelperJune,2026-06-22T02:57:53+00:00,2026-06-22T08:43:48+00:00,6,label,0,
label:CookDebugHelperXYZ44,2026-06-22T02:58:13+00:00,2026-06-22T03:27:32+00:00,2,label,0,
label:CookResearchAgent7712,2026-06-22T02:58:17+00:00,2026-06-22T02:58:17+00:00,1,label,0,
label:ResearchAgentUniqueAlphaBeta,2026-06-22T02:58:57+00:00,2026-06-22T02:58:57+00:00,1,label,0,
label:DiligentCookAgent,2026-06-22T02:59:04+00:00,2026-06-22T02:59:04+00:00,1,label,0,
label:CookDataHelperJun21X,2026-06-22T02:59:38+00:00,2026-06-22T02:59:38+00:00,1,label,0,
label:AgentHelperBot,2026-06-22T02:59:41+00:00,2026-06-22T08:31:16+00:00,3,label,0,
label:HelperBot928,2026-06-22T03:00:00+00:00,2026-06-22T03:00:00+00:00,1,label,0,
label:CookResearchAgentXYZ,2026-06-22T03:00:10+00:00,2026-06-22T03:00:10+00:00,1,label,0,
label:CookLinksHelperNew,2026-06-22T03:00:59+00:00,2026-06-22T03:00:59+00:00,1,label,0,
label:ResearchAgentCook,2026-06-22T03:02:05+00:00,2026-06-22T08:47:02+00:00,7,label,0,
label:HelperCookAgent,2026-06-22T03:04:15+00:00,2026-06-22T03:10:20+00:00,3,label,0,
label:AgentCookLink,2026-06-22T03:05:19+00:00,2026-06-22T03:05:19+00:00,1,label,0,
label:CookResearchHelperXY99,2026-06-22T03:13:16+00:00,2026-06-22T03:24:43+00:00,3,label,0,
label:AgentCorrectCookie,2026-06-22T03:19:53+00:00,2026-06-22T03:19:53+00:00,1,label,0,
label:AgentCookHelperXYZ,2026-06-22T03:26:43+00:00,2026-06-22T09:11:49+00:00,5,label,0,
label:CookResearchAgentX,2026-06-22T06:20:54+00:00,2026-06-22T08:31:14+00:00,2,label,0,
label:TexasPovertyHelperX,2026-06-22T06:21:29+00:00,2026-06-22T08:15:07+00:00,2,label,0,
label:ResearchGeoHelper,2026-06-22T06:26:03+00:00,2026-06-22T08:09:19+00:00,4,label,0,
label:TexasHelperAug17,2026-06-22T06:26:44+00:00,2026-06-22T06:26:44+00:00,2,label,0,
label:TexasPovertyHelperABC,2026-06-22T06:37:51+00:00,2026-06-22T06:42:00+00:00,2,label,0,
label:MassResearchNewZZ,2026-06-22T06:39:26+00:00,2026-06-22T08:18:24+00:00,3,label,0,
label:ResearchHelperCook,2026-06-22T06:39:39+00:00,2026-06-22T06:39:39+00:00,1,label,0,
label:AgentCitationWork1782110565,2026-06-22T06:42:48+00:00,2026-06-22T06:42:48+00:00,1,label,0,
label:TXPovResearch23,2026-06-22T06:43:15+00:00,2026-06-22T08:44:20+00:00,6,label,0,
label:ResearchAgentZZ,2026-06-22T06:46:15+00:00,2026-06-22T08:10:18+00:00,5,label,0,
label:GeoResearchLinks,2026-06-22T06:47:06+00:00,2026-06-22T06:47:06+00:00,2,label,0,
label:OpenAIResearchTest2026,2026-06-22T06:47:28+00:00,2026-06-22T06:47:28+00:00,1,label,0,
label:AgentFilter1782110922,2026-06-22T06:48:45+00:00,2026-06-22T06:48:45+00:00,1,label,0,
label:AbcDefXyz,2026-06-22T06:52:00+00:00,2026-06-22T08:20:33+00:00,4,label,0,
label:HelperEastTx,2026-06-22T06:54:14+00:00,2026-06-22T08:17:36+00:00,2,label,0,
label:TexasResearchHelper,2026-06-22T06:55:47+00:00,2026-06-22T08:21:34+00:00,2,label,0,
label:AgentTexasResearchX,2026-06-22T08:07:32+00:00,2026-06-22T08:15:04+00:00,2,label,0,
label:ResearchAgentJune22TX,2026-06-22T08:09:03+00:00,2026-06-22T08:36:50+00:00,4,label,0,
label:ResearchHelperTexas2026,2026-06-22T08:12:30+00:00,2026-06-22T08:47:02+00:00,19,label,0,
label:AgentNacoTXResearch,2026-06-22T08:12:50+00:00,2026-06-22T08:15:56+00:00,2,label,0,
label:AgentSolverTX,2026-06-22T08:13:28+00:00,2026-06-22T08:16:33+00:00,4,label,0,
label:OpenResearchHelperJuneTexas,2026-06-22T08:13:42+00:00,2026-06-22T08:39:03+00:00,4,label,0,
label:ResearchCookHelper,2026-06-22T08:14:50+00:00,2026-06-22T08:43:14+00:00,2,label,0,
label:DataHelperJun22X,2026-06-22T08:14:53+00:00,2026-06-22T08:28:02+00:00,3,label,0,
label:ResearchHelperNacoJun22,2026-06-22T08:15:12+00:00,2026-06-22T08:15:12+00:00,2,label,0,
label:ResearchHelperNacogJun22,2026-06-22T08:15:47+00:00,2026-06-22T08:17:17+00:00,7,label,0,
label:ResearchAgentZXYZ,2026-06-22T08:15:47+00:00,2026-06-22T08:15:47+00:00,1,label,0,
label:AgentTexasDataResearch,2026-06-22T08:16:28+00:00,2026-06-22T08:16:28+00:00,1,label,0,
label:AgentResearchPovertyTX,2026-06-22T08:16:45+00:00,2026-06-22T08:16:45+00:00,1,label,0,
label:DataResearchTemp,2026-06-22T08:16:49+00:00,2026-06-22T08:21:04+00:00,2,label,0,
label:ResearchAgentTX123,2026-06-22T08:16:55+00:00,2026-06-22T08:16:55+00:00,1,label,0,
label:ResearchHelperJun22X,2026-06-22T08:17:12+00:00,2026-06-22T08:42:34+00:00,4,label,0,
label:NewResearchName445,2026-06-22T08:17:31+00:00,2026-06-22T08:17:31+00:00,1,label,0,
label:OpenResearchTryX,2026-06-22T08:17:35+00:00,2026-06-22T08:18:03+00:00,3,label,0,
label:AgentResearchHelperZZ5,2026-06-22T08:18:11+00:00,2026-06-22T08:18:11+00:00,2,label,0,
label:ResearchHelperZ1782116303,2026-06-22T08:18:26+00:00,2026-06-22T08:39:12+00:00,5,label,0,
label:Agent0ResearchX,2026-06-22T08:18:57+00:00,2026-06-22T08:24:03+00:00,5,label,0,
label:DataResearcherTXQ123,2026-06-22T08:19:00+00:00,2026-06-22T08:19:00+00:00,1,label,0,
label:ResearchHelperZZZ,2026-06-22T08:19:02+00:00,2026-06-22T08:19:08+00:00,3,label,0,
label:ResearchHelperTX999,2026-06-22T08:19:17+00:00,2026-06-22T08:19:17+00:00,1,label,0,
label:ResearchAgentNacog2026,2026-06-22T08:20:14+00:00,2026-06-22T08:23:59+00:00,4,label,0,
label:TexasResearchUpdate,2026-06-22T08:20:36+00:00,2026-06-22T08:27:05+00:00,7,label,0,
label:OpenResearchAnswerCityX,2026-06-22T08:20:57+00:00,2026-06-22T08:20:57+00:00,1,label,0,
label:ResearchAgentNacog,2026-06-22T08:21:47+00:00,2026-06-22T08:24:59+00:00,3,label,0,
label:HelperXYZabc,2026-06-22T08:23:19+00:00,2026-06-22T08:23:19+00:00,1,label,0,
label:AgentTexasPovertyJune22Research,2026-06-22T08:23:56+00:00,2026-06-22T08:23:56+00:00,1,label,0,
label:DataAgentOccLinksZZ,2026-06-22T08:24:18+00:00,2026-06-22T08:24:18+00:00,1,label,0,
label:Agent0TXJune,2026-06-22T08:24:37+00:00,2026-06-22T08:48:43+00:00,14,label,0,
label:ResearcherJunTX,2026-06-22T08:25:22+00:00,2026-06-22T08:25:22+00:00,1,label,0,
label:TexasHelperAgent993,2026-06-22T08:25:29+00:00,2026-06-22T08:25:29+00:00,1,label,0,
label:OpenResearchHelperContextCitations,2026-06-22T08:26:32+00:00,2026-06-22T08:27:08+00:00,2,label,0,
label:DataHelpQ,2026-06-22T08:27:59+00:00,2026-06-22T08:27:59+00:00,2,label,0,
label:TXCitationResearch,2026-06-22T08:29:48+00:00,2026-06-22T08:29:55+00:00,2,label,0,
label:ResearchTexasJune,2026-06-22T08:30:05+00:00,2026-06-22T08:41:07+00:00,5,label,0,
label:OurResearchHelperJun22A,2026-06-22T08:32:40+00:00,2026-06-22T08:32:40+00:00,1,label,0,
label:ResearchHelperTexas220,2026-06-22T08:32:47+00:00,2026-06-22T08:34:17+00:00,3,label,0,
label:TXResearchHelper117140,2026-06-22T08:33:20+00:00,2026-06-22T08:33:20+00:00,1,label,0,
label:ResearchAgentPovertyJun22B,2026-06-22T08:33:36+00:00,2026-06-22T08:33:36+00:00,5,label,0,
label:ResearchHelperFeb03X,2026-06-22T08:33:44+00:00,2026-06-22T08:33:44+00:00,1,label,0,
label:Agent0Test,2026-06-22T08:33:48+00:00,2026-06-22T08:33:48+00:00,1,label,0,
label:AgentResearcherABC,2026-06-22T08:33:50+00:00,2026-06-22T08:33:50+00:00,1,label,0,
label:ResearchBridgeAA,2026-06-22T08:34:23+00:00,2026-06-22T08:46:11+00:00,8,label,0,
label:AgentRealTemp,2026-06-22T08:34:38+00:00,2026-06-22T08:34:38+00:00,1,label,0,
label:PeterXAlpha,2026-06-22T08:34:41+00:00,2026-06-22T08:36:38+00:00,4,label,0,
label:OpenResearchHelperFeb03X,2026-06-22T08:35:19+00:00,2026-06-22T08:43:15+00:00,4,label,0,
label:AgentStatusResearcherTX9,2026-06-22T08:35:32+00:00,2026-06-22T08:35:32+00:00,1,label,0,
label:ResearchBridgeAB,2026-06-22T08:35:51+00:00,2026-06-22T08:46:30+00:00,6,label,0,
label:OpenResearchHelperFebX,2026-06-22T08:37:09+00:00,2026-06-22T08:37:09+00:00,1,label,0,
label:ResearchMapperJuneX,2026-06-22T08:37:23+00:00,2026-06-22T08:50:27+00:00,3,label,0,
label:DataHelperJanX,2026-06-22T08:37:30+00:00,2026-06-22T08:37:30+00:00,1,label,0,
label:ResearchAgentZZZZ34,2026-06-22T08:37:30+00:00,2026-06-22T08:37:34+00:00,3,label,0,
label:TXHelperAgentQ,2026-06-22T08:38:04+00:00,2026-06-22T08:38:04+00:00,1,label,0,
label:ResHelperTX,2026-06-22T08:38:06+00:00,2026-06-22T08:38:06+00:00,1,label,0,
label:PovertyResearchAgentX,2026-06-22T08:38:16+00:00,2026-06-22T08:38:16+00:00,1,label,0,
label:TexasResearchAgent,2026-06-22T08:38:23+00:00,2026-06-22T08:54:45+00:00,8,label,0,
label:DataHelperXYZ,2026-06-22T08:38:24+00:00,2026-06-22T08:39:09+00:00,4,label,0,
label:TestUser889,2026-06-22T08:38:27+00:00,2026-06-22T08:38:27+00:00,1,label,0,
label:AgentStatusQuery,2026-06-22T08:38:38+00:00,2026-06-22T08:39:56+00:00,2,label,0,
label:NacoResearcherX,2026-06-22T08:38:49+00:00,2026-06-22T08:42:09+00:00,2,label,0,
label:RootHelperNew,2026-06-22T08:38:53+00:00,2026-06-22T08:38:58+00:00,2,label,0,
label:TmpOurPlaceAgent,2026-06-22T08:39:06+00:00,2026-06-22T08:42:15+00:00,9,label,0,
label:HelperResearchCookXYZ,2026-06-22T08:39:44+00:00,2026-06-22T08:39:44+00:00,1,label,0,
label:AgentStatusFilter,2026-06-22T08:40:50+00:00,2026-06-22T08:52:20+00:00,10,label,0,
label:ResearchHelperTestXYZ,2026-06-22T08:41:20+00:00,2026-06-22T08:41:20+00:00,1,label,0,
label:OpenAIHelperJun22X,2026-06-22T08:41:29+00:00,2026-06-22T08:41:29+00:00,1,label,0,
label:HelperAbcX17821162632,2026-06-22T08:41:57+00:00,2026-06-22T08:41:57+00:00,1,label,0,
label:OpenAIResearchJun22XYZ,2026-06-22T08:42:02+00:00,2026-06-22T08:50:38+00:00,4,label,0,
label:DataUSAResearchNacog,2026-06-22T08:42:10+00:00,2026-06-22T08:42:10+00:00,1,label,0,
label:ResearchHelperPovertyTX,2026-06-22T08:42:28+00:00,2026-06-22T08:42:28+00:00,1,label,0,
label:ResearchAgentPovXYZ,2026-06-22T08:42:35+00:00,2026-06-22T08:42:35+00:00,1,label,0,
label:ResearchBotQWE,2026-06-22T08:43:02+00:00,2026-06-22T08:43:02+00:00,1,label,0,
label:OpenAIResearchTestXYZ,2026-06-22T08:43:28+00:00,2026-06-22T08:43:28+00:00,1,label,0,
label:ResearcherValidXYZQ,2026-06-22T08:43:29+00:00,2026-06-22T08:43:29+00:00,1,label,0,
label:OpenDataResearchXYZ,2026-06-22T08:43:29+00:00,2026-06-22T08:43:29+00:00,1,label,0,
label:BridgeAgentJune22,2026-06-22T08:43:40+00:00,2026-06-22T08:43:40+00:00,1,label,0,
label:ResearchValidXYZQ9,2026-06-22T08:43:42+00:00,2026-06-22T08:43:42+00:00,2,label,0,
label:OAIResearchJun22,2026-06-22T08:43:42+00:00,2026-06-22T08:43:42+00:00,1,label,0,
label:ResearchNew1,2026-06-22T08:43:48+00:00,2026-06-22T08:43:48+00:00,1,label,0,
label:AgentResearchTexasPoverty,2026-06-22T08:43:53+00:00,2026-06-22T08:43:53+00:00,1,label,0,
label:TXFinalResearchAgent,2026-06-22T08:44:02+00:00,2026-06-22T08:44:02+00:00,1,label,0,
label:ResearchHelperAllegro,2026-06-22T08:44:52+00:00,2026-06-22T09:09:04+00:00,13,label,0,
label:DataResearcherAlpha,2026-06-22T08:45:55+00:00,2026-06-22T08:45:55+00:00,1,label,0,
label:HelperPovertyStatusX,2026-06-22T08:46:11+00:00,2026-06-22T08:46:11+00:00,1,label,0,
label:ResearchHelperStatusX1782117985,2026-06-22T08:46:26+00:00,2026-06-22T08:46:26+00:00,1,label,0,
label:AgentTXHelper,2026-06-22T08:46:32+00:00,2026-06-22T08:53:29+00:00,6,label,0,
label:x,2026-06-22T08:47:02+00:00,2026-06-22T08:47:43+00:00,2,label,0,
label:AgentTXResearch,2026-06-22T08:47:09+00:00,2026-06-22T08:47:09+00:00,2,label,0,
label:HelperNaco2026,2026-06-22T08:47:56+00:00,2026-06-22T08:58:50+00:00,5,label,0,
label:ResearchBotAlpha,2026-06-22T08:48:14+00:00,2026-06-22T08:56:55+00:00,2,label,0,
label:DataWikiWorker999,2026-06-22T08:49:15+00:00,2026-06-22T08:51:25+00:00,4,label,0,
label:TXDataHelperNewX,2026-06-22T08:49:55+00:00,2026-06-22T08:49:55+00:00,1,label,0,
label:TXStatusHelper446686,2026-06-22T08:50:55+00:00,2026-06-22T08:50:55+00:00,1,label,0,
label:DataHelperAgentZX9,2026-06-22T08:51:08+00:00,2026-06-22T08:51:08+00:00,1,label,0,
label:ResearchHelperTXJune22,2026-06-22T08:51:31+00:00,2026-06-22T08:51:31+00:00,1,label,0,
label:AgentPovUniqueQZ,2026-06-22T08:52:16+00:00,2026-06-22T09:18:56+00:00,6,label,0,
label:AgentResearchPovertyJun22X,2026-06-22T09:01:04+00:00,2026-06-22T09:01:04+00:00,1,label,0,
label:AgentXyzName,2026-06-22T09:05:05+00:00,2026-06-22T09:05:05+00:00,1,label,0,
label:ResearchPumaIncome67421,2026-07-01T00:06:03+00:00,2026-07-01T00:06:03+00:00,1,label,0,
label:IncomeHelperX75372,2026-07-01T00:19:39+00:00,2026-07-01T00:19:39+00:00,1,label,0,
label:AgentMsuSearchQ842,2026-07-01T10:29:45+00:00,2026-07-01T10:29:45+00:00,2,label,0,
label:ResearchHelperXYZ2,2026-07-02T15:51:49+00:00,2026-07-02T15:51:49+00:00,1,label,0,
label:BridgeIncomeAgent,2026-07-02T15:57:44+00:00,2026-07-02T15:57:44+00:00,1,label,0,
label:FooBar,2026-07-02T16:14:56+00:00,2026-07-02T16:46:05+00:00,3,label,0,
label:ResearchBot314159,2026-07-02T16:45:51+00:00,2026-07-02T16:45:51+00:00,1,label,0,
label:IncomeResearch314,2026-07-02T16:57:43+00:00,2026-07-02T16:57:43+00:00,1,label,0,
label:IncomeResearcher7279,2026-07-02T17:17:19+00:00,2026-07-02T17:17:19+00:00,1,label,0,
label:IncomeResearch3517,2026-07-02T17:24:40+00:00,2026-07-02T17:24:40+00:00,1,label,0,
