item,time,adopters
archive,2026-05-24 06:00:00+00:00,0
archive,2026-05-24 07:00:00+00:00,0
archive,2026-05-24 08:00:00+00:00,0
archive,2026-05-24 09:00:00+00:00,0
archive,2026-05-24 10:00:00+00:00,0
archive,2026-05-24 11:00:00+00:00,0
archive,2026-05-24 12:00:00+00:00,0
archive,2026-05-24 13:00:00+00:00,0
archive,2026-05-24 14:00:00+00:00,0
archive,2026-05-24 15:00:00+00:00,0
archive,2026-05-24 16:00:00+00:00,0
archive,2026-05-24 17:00:00+00:00,0
archive,2026-05-24 18:00:00+00:00,0
archive,2026-05-24 19:00:00+00:00,0
archive,2026-05-24 20:00:00+00:00,0
archive,2026-05-24 21:00:00+00:00,0
archive,2026-05-24 22:00:00+00:00,0
archive,2026-05-24 23:00:00+00:00,0
archive,2026-05-25 00:00:00+00:00,0
archive,2026-05-25 01:00:00+00:00,0
archive,2026-05-25 02:00:00+00:00,0
archive,2026-05-25 03:00:00+00:00,0
archive,2026-05-25 04:00:00+00:00,0
archive,2026-05-25 05:00:00+00:00,0
archive,2026-05-25 06:00:00+00:00,0
archive,2026-05-25 07:00:00+00:00,0
archive,2026-05-25 08:00:00+00:00,0
archive,2026-05-25 09:00:00+00:00,0
archive,2026-05-25 10:00:00+00:00,0
archive,2026-05-25 11:00:00+00:00,0
archive,2026-05-25 12:00:00+00:00,0
archive,2026-05-25 13:00:00+00:00,0
archive,2026-05-25 14:00:00+00:00,0
archive,2026-05-25 15:00:00+00:00,0
archive,2026-05-25 16:00:00+00:00,0
archive,2026-05-25 17:00:00+00:00,0
archive,2026-05-25 18:00:00+00:00,0
archive,2026-05-25 19:00:00+00:00,0
archive,2026-05-25 20:00:00+00:00,0
archive,2026-05-25 21:00:00+00:00,0
archive,2026-05-25 22:00:00+00:00,0
archive,2026-05-25 23:00:00+00:00,0
archive,2026-05-26 00:00:00+00:00,0
archive,2026-05-26 01:00:00+00:00,0
archive,2026-05-26 02:00:00+00:00,0
archive,2026-05-26 03:00:00+00:00,0
archive,2026-05-26 04:00:00+00:00,0
archive,2026-05-26 05:00:00+00:00,0
archive,2026-05-26 06:00:00+00:00,0
archive,2026-05-26 07:00:00+00:00,0
archive,2026-05-26 08:00:00+00:00,0
archive,2026-05-26 09:00:00+00:00,0
archive,2026-05-26 10:00:00+00:00,0
archive,2026-05-26 11:00:00+00:00,0
archive,2026-05-26 12:00:00+00:00,0
archive,2026-05-26 13:00:00+00:00,0
archive,2026-05-26 14:00:00+00:00,0
archive,2026-05-26 15:00:00+00:00,0
archive,2026-05-26 16:00:00+00:00,0
archive,2026-05-26 17:00:00+00:00,0
archive,2026-05-26 18:00:00+00:00,0
archive,2026-05-26 19:00:00+00:00,0
archive,2026-05-26 20:00:00+00:00,0
archive,2026-05-26 21:00:00+00:00,0
archive,2026-05-26 22:00:00+00:00,0
archive,2026-05-26 23:00:00+00:00,0
archive,2026-05-27 00:00:00+00:00,0
archive,2026-05-27 01:00:00+00:00,0
archive,2026-05-27 02:00:00+00:00,0
archive,2026-05-27 03:00:00+00:00,0
archive,2026-05-27 04:00:00+00:00,0
archive,2026-05-27 05:00:00+00:00,0
archive,2026-05-27 06:00:00+00:00,0
archive,2026-05-27 07:00:00+00:00,0
archive,2026-05-27 08:00:00+00:00,0
archive,2026-05-27 09:00:00+00:00,0
archive,2026-05-27 10:00:00+00:00,0
archive,2026-05-27 11:00:00+00:00,0
archive,2026-05-27 12:00:00+00:00,0
archive,2026-05-27 13:00:00+00:00,0
archive,2026-05-27 14:00:00+00:00,0
archive,2026-05-27 15:00:00+00:00,0
archive,2026-05-27 16:00:00+00:00,0
archive,2026-05-27 17:00:00+00:00,0
archive,2026-05-27 18:00:00+00:00,0
archive,2026-05-27 19:00:00+00:00,0
archive,2026-05-27 20:00:00+00:00,0
archive,2026-05-27 21:00:00+00:00,0
archive,2026-05-27 22:00:00+00:00,0
archive,2026-05-27 23:00:00+00:00,0
archive,2026-05-28 00:00:00+00:00,0
archive,2026-05-28 01:00:00+00:00,0
archive,2026-05-28 02:00:00+00:00,0
archive,2026-05-28 03:00:00+00:00,0
archive,2026-05-28 04:00:00+00:00,0
archive,2026-05-28 05:00:00+00:00,0
archive,2026-05-28 06:00:00+00:00,0
archive,2026-05-28 07:00:00+00:00,0
archive,2026-05-28 08:00:00+00:00,0
archive,2026-05-28 09:00:00+00:00,0
archive,2026-05-28 10:00:00+00:00,0
archive,2026-05-28 11:00:00+00:00,0
archive,2026-05-28 12:00:00+00:00,1
archive,2026-05-28 13:00:00+00:00,1
archive,2026-05-28 14:00:00+00:00,1
archive,2026-05-28 15:00:00+00:00,1
archive,2026-05-28 16:00:00+00:00,1
archive,2026-05-28 17:00:00+00:00,1
archive,2026-05-28 18:00:00+00:00,1
archive,2026-05-28 19:00:00+00:00,1
archive,2026-05-28 20:00:00+00:00,1
archive,2026-05-28 21:00:00+00:00,1
archive,2026-05-28 22:00:00+00:00,2
archive,2026-05-28 23:00:00+00:00,2
archive,2026-05-29 00:00:00+00:00,2
archive,2026-05-29 01:00:00+00:00,2
archive,2026-05-29 02:00:00+00:00,2
archive,2026-05-29 03:00:00+00:00,2
archive,2026-05-29 04:00:00+00:00,2
archive,2026-05-29 05:00:00+00:00,2
archive,2026-05-29 06:00:00+00:00,2
archive,2026-05-29 07:00:00+00:00,2
archive,2026-05-29 08:00:00+00:00,2
archive,2026-05-29 09:00:00+00:00,2
archive,2026-05-29 10:00:00+00:00,2
archive,2026-05-29 11:00:00+00:00,2
archive,2026-05-29 12:00:00+00:00,2
archive,2026-05-29 13:00:00+00:00,2
archive,2026-05-29 14:00:00+00:00,2
archive,2026-05-29 15:00:00+00:00,2
archive,2026-05-29 16:00:00+00:00,2
archive,2026-05-29 17:00:00+00:00,2
archive,2026-05-29 18:00:00+00:00,2
archive,2026-05-29 19:00:00+00:00,2
archive,2026-05-29 20:00:00+00:00,2
archive,2026-05-29 21:00:00+00:00,2
archive,2026-05-29 22:00:00+00:00,2
archive,2026-05-29 23:00:00+00:00,2
archive,2026-05-30 00:00:00+00:00,2
archive,2026-05-30 01:00:00+00:00,2
archive,2026-05-30 02:00:00+00:00,2
archive,2026-05-30 03:00:00+00:00,2
archive,2026-05-30 04:00:00+00:00,2
archive,2026-05-30 05:00:00+00:00,2
archive,2026-05-30 06:00:00+00:00,2
archive,2026-05-30 07:00:00+00:00,2
archive,2026-05-30 08:00:00+00:00,2
archive,2026-05-30 09:00:00+00:00,2
archive,2026-05-30 10:00:00+00:00,2
archive,2026-05-30 11:00:00+00:00,2
archive,2026-05-30 12:00:00+00:00,2
archive,2026-05-30 13:00:00+00:00,2
archive,2026-05-30 14:00:00+00:00,2
archive,2026-05-30 15:00:00+00:00,2
archive,2026-05-30 16:00:00+00:00,2
archive,2026-05-30 17:00:00+00:00,2
archive,2026-05-30 18:00:00+00:00,2
archive,2026-05-30 19:00:00+00:00,2
archive,2026-05-30 20:00:00+00:00,2
archive,2026-05-30 21:00:00+00:00,3
archive,2026-05-30 22:00:00+00:00,3
archive,2026-05-30 23:00:00+00:00,3
archive,2026-05-31 00:00:00+00:00,4
archive,2026-05-31 01:00:00+00:00,4
archive,2026-05-31 02:00:00+00:00,4
archive,2026-05-31 03:00:00+00:00,4
archive,2026-05-31 04:00:00+00:00,4
archive,2026-05-31 05:00:00+00:00,4
archive,2026-05-31 06:00:00+00:00,4
archive,2026-05-31 07:00:00+00:00,4
archive,2026-05-31 08:00:00+00:00,4
archive,2026-05-31 09:00:00+00:00,4
archive,2026-05-31 10:00:00+00:00,4
archive,2026-05-31 11:00:00+00:00,4
archive,2026-05-31 12:00:00+00:00,4
archive,2026-05-31 13:00:00+00:00,4
archive,2026-05-31 14:00:00+00:00,4
archive,2026-05-31 15:00:00+00:00,4
archive,2026-05-31 16:00:00+00:00,4
archive,2026-05-31 17:00:00+00:00,4
archive,2026-05-31 18:00:00+00:00,4
archive,2026-05-31 19:00:00+00:00,4
archive,2026-05-31 20:00:00+00:00,4
archive,2026-05-31 21:00:00+00:00,4
archive,2026-05-31 22:00:00+00:00,4
archive,2026-05-31 23:00:00+00:00,4
archive,2026-06-01 00:00:00+00:00,4
archive,2026-06-01 01:00:00+00:00,4
archive,2026-06-01 02:00:00+00:00,4
archive,2026-06-01 03:00:00+00:00,4
archive,2026-06-01 04:00:00+00:00,4
archive,2026-06-01 05:00:00+00:00,4
archive,2026-06-01 06:00:00+00:00,4
archive,2026-06-01 07:00:00+00:00,4
archive,2026-06-01 08:00:00+00:00,4
archive,2026-06-01 09:00:00+00:00,4
archive,2026-06-01 10:00:00+00:00,4
archive,2026-06-01 11:00:00+00:00,4
archive,2026-06-01 12:00:00+00:00,4
archive,2026-06-01 13:00:00+00:00,5
archive,2026-06-01 14:00:00+00:00,14
archive,2026-06-01 15:00:00+00:00,15
archive,2026-06-01 16:00:00+00:00,15
archive,2026-06-01 17:00:00+00:00,15
archive,2026-06-01 18:00:00+00:00,15
archive,2026-06-01 19:00:00+00:00,15
archive,2026-06-01 20:00:00+00:00,15
archive,2026-06-01 21:00:00+00:00,15
archive,2026-06-01 22:00:00+00:00,15
archive,2026-06-01 23:00:00+00:00,15
archive,2026-06-02 00:00:00+00:00,15
archive,2026-06-02 01:00:00+00:00,15
archive,2026-06-02 02:00:00+00:00,15
archive,2026-06-02 03:00:00+00:00,15
archive,2026-06-02 04:00:00+00:00,15
archive,2026-06-02 05:00:00+00:00,15
archive,2026-06-02 06:00:00+00:00,15
archive,2026-06-02 07:00:00+00:00,15
archive,2026-06-02 08:00:00+00:00,15
archive,2026-06-02 09:00:00+00:00,15
archive,2026-06-02 10:00:00+00:00,15
archive,2026-06-02 11:00:00+00:00,15
archive,2026-06-02 12:00:00+00:00,15
archive,2026-06-02 13:00:00+00:00,15
archive,2026-06-02 14:00:00+00:00,15
archive,2026-06-02 15:00:00+00:00,15
archive,2026-06-02 16:00:00+00:00,15
archive,2026-06-02 17:00:00+00:00,15
archive,2026-06-02 18:00:00+00:00,15
archive,2026-06-02 19:00:00+00:00,15
archive,2026-06-02 20:00:00+00:00,15
archive,2026-06-02 21:00:00+00:00,15
archive,2026-06-02 22:00:00+00:00,15
archive,2026-06-02 23:00:00+00:00,15
archive,2026-06-03 00:00:00+00:00,15
archive,2026-06-03 01:00:00+00:00,15
archive,2026-06-03 02:00:00+00:00,15
archive,2026-06-03 03:00:00+00:00,15
archive,2026-06-03 04:00:00+00:00,15
archive,2026-06-03 05:00:00+00:00,15
archive,2026-06-03 06:00:00+00:00,15
archive,2026-06-03 07:00:00+00:00,15
archive,2026-06-03 08:00:00+00:00,15
archive,2026-06-03 09:00:00+00:00,15
archive,2026-06-03 10:00:00+00:00,15
archive,2026-06-03 11:00:00+00:00,15
archive,2026-06-03 12:00:00+00:00,15
archive,2026-06-03 13:00:00+00:00,15
archive,2026-06-03 14:00:00+00:00,15
archive,2026-06-03 15:00:00+00:00,15
archive,2026-06-03 16:00:00+00:00,15
archive,2026-06-03 17:00:00+00:00,15
archive,2026-06-03 18:00:00+00:00,15
archive,2026-06-03 19:00:00+00:00,15
archive,2026-06-03 20:00:00+00:00,15
archive,2026-06-03 21:00:00+00:00,15
archive,2026-06-03 22:00:00+00:00,15
archive,2026-06-03 23:00:00+00:00,15
archive,2026-06-04 00:00:00+00:00,15
archive,2026-06-04 01:00:00+00:00,15
archive,2026-06-04 02:00:00+00:00,15
archive,2026-06-04 03:00:00+00:00,15
archive,2026-06-04 04:00:00+00:00,15
archive,2026-06-04 05:00:00+00:00,15
archive,2026-06-04 06:00:00+00:00,15
archive,2026-06-04 07:00:00+00:00,15
archive,2026-06-04 08:00:00+00:00,15
archive,2026-06-04 09:00:00+00:00,15
archive,2026-06-04 10:00:00+00:00,15
archive,2026-06-04 11:00:00+00:00,15
archive,2026-06-04 12:00:00+00:00,15
archive,2026-06-04 13:00:00+00:00,15
archive,2026-06-04 14:00:00+00:00,15
archive,2026-06-04 15:00:00+00:00,15
archive,2026-06-04 16:00:00+00:00,15
archive,2026-06-04 17:00:00+00:00,15
archive,2026-06-04 18:00:00+00:00,15
archive,2026-06-04 19:00:00+00:00,15
archive,2026-06-04 20:00:00+00:00,15
archive,2026-06-04 21:00:00+00:00,15
archive,2026-06-04 22:00:00+00:00,15
archive,2026-06-04 23:00:00+00:00,15
archive,2026-06-05 00:00:00+00:00,15
archive,2026-06-05 01:00:00+00:00,15
archive,2026-06-05 02:00:00+00:00,15
archive,2026-06-05 03:00:00+00:00,15
archive,2026-06-05 04:00:00+00:00,15
archive,2026-06-05 05:00:00+00:00,15
archive,2026-06-05 06:00:00+00:00,15
archive,2026-06-05 07:00:00+00:00,15
archive,2026-06-05 08:00:00+00:00,15
archive,2026-06-05 09:00:00+00:00,15
archive,2026-06-05 10:00:00+00:00,15
archive,2026-06-05 11:00:00+00:00,15
archive,2026-06-05 12:00:00+00:00,15
archive,2026-06-05 13:00:00+00:00,15
archive,2026-06-05 14:00:00+00:00,15
archive,2026-06-05 15:00:00+00:00,15
archive,2026-06-05 16:00:00+00:00,15
archive,2026-06-05 17:00:00+00:00,15
archive,2026-06-05 18:00:00+00:00,15
archive,2026-06-05 19:00:00+00:00,15
archive,2026-06-05 20:00:00+00:00,15
archive,2026-06-05 21:00:00+00:00,15
archive,2026-06-05 22:00:00+00:00,15
archive,2026-06-05 23:00:00+00:00,15
archive,2026-06-06 00:00:00+00:00,15
archive,2026-06-06 01:00:00+00:00,15
archive,2026-06-06 02:00:00+00:00,15
archive,2026-06-06 03:00:00+00:00,15
archive,2026-06-06 04:00:00+00:00,15
archive,2026-06-06 05:00:00+00:00,15
archive,2026-06-06 06:00:00+00:00,15
archive,2026-06-06 07:00:00+00:00,16
archive,2026-06-06 08:00:00+00:00,16
archive,2026-06-06 09:00:00+00:00,16
archive,2026-06-06 10:00:00+00:00,16
archive,2026-06-06 11:00:00+00:00,16
archive,2026-06-06 12:00:00+00:00,16
archive,2026-06-06 13:00:00+00:00,16
archive,2026-06-06 14:00:00+00:00,16
archive,2026-06-06 15:00:00+00:00,16
archive,2026-06-06 16:00:00+00:00,16
archive,2026-06-06 17:00:00+00:00,16
archive,2026-06-06 18:00:00+00:00,16
archive,2026-06-06 19:00:00+00:00,16
archive,2026-06-06 20:00:00+00:00,16
archive,2026-06-06 21:00:00+00:00,16
archive,2026-06-06 22:00:00+00:00,16
archive,2026-06-06 23:00:00+00:00,16
archive,2026-06-07 00:00:00+00:00,16
archive,2026-06-07 01:00:00+00:00,16
archive,2026-06-07 02:00:00+00:00,16
archive,2026-06-07 03:00:00+00:00,16
archive,2026-06-07 04:00:00+00:00,16
archive,2026-06-07 05:00:00+00:00,16
archive,2026-06-07 06:00:00+00:00,16
archive,2026-06-07 07:00:00+00:00,16
archive,2026-06-07 08:00:00+00:00,16
archive,2026-06-07 09:00:00+00:00,16
archive,2026-06-07 10:00:00+00:00,16
archive,2026-06-07 11:00:00+00:00,16
archive,2026-06-07 12:00:00+00:00,16
archive,2026-06-07 13:00:00+00:00,16
archive,2026-06-07 14:00:00+00:00,16
archive,2026-06-07 15:00:00+00:00,16
archive,2026-06-07 16:00:00+00:00,16
archive,2026-06-07 17:00:00+00:00,16
archive,2026-06-07 18:00:00+00:00,16
archive,2026-06-07 19:00:00+00:00,16
archive,2026-06-07 20:00:00+00:00,16
archive,2026-06-07 21:00:00+00:00,16
archive,2026-06-07 22:00:00+00:00,16
archive,2026-06-07 23:00:00+00:00,16
archive,2026-06-08 00:00:00+00:00,16
archive,2026-06-08 01:00:00+00:00,16
archive,2026-06-08 02:00:00+00:00,16
archive,2026-06-08 03:00:00+00:00,16
archive,2026-06-08 04:00:00+00:00,16
archive,2026-06-08 05:00:00+00:00,16
archive,2026-06-08 06:00:00+00:00,16
archive,2026-06-08 07:00:00+00:00,16
archive,2026-06-08 08:00:00+00:00,16
archive,2026-06-08 09:00:00+00:00,16
archive,2026-06-08 10:00:00+00:00,16
archive,2026-06-08 11:00:00+00:00,16
archive,2026-06-08 12:00:00+00:00,16
archive,2026-06-08 13:00:00+00:00,16
archive,2026-06-08 14:00:00+00:00,16
archive,2026-06-08 15:00:00+00:00,16
archive,2026-06-08 16:00:00+00:00,16
archive,2026-06-08 17:00:00+00:00,16
archive,2026-06-08 18:00:00+00:00,16
archive,2026-06-08 19:00:00+00:00,16
archive,2026-06-08 20:00:00+00:00,16
archive,2026-06-08 21:00:00+00:00,16
archive,2026-06-08 22:00:00+00:00,16
archive,2026-06-08 23:00:00+00:00,16
archive,2026-06-09 00:00:00+00:00,16
archive,2026-06-09 01:00:00+00:00,16
archive,2026-06-09 02:00:00+00:00,16
archive,2026-06-09 03:00:00+00:00,16
archive,2026-06-09 04:00:00+00:00,16
archive,2026-06-09 05:00:00+00:00,16
archive,2026-06-09 06:00:00+00:00,16
archive,2026-06-09 07:00:00+00:00,16
archive,2026-06-09 08:00:00+00:00,16
archive,2026-06-09 09:00:00+00:00,16
archive,2026-06-09 10:00:00+00:00,16
archive,2026-06-09 11:00:00+00:00,16
archive,2026-06-09 12:00:00+00:00,16
archive,2026-06-09 13:00:00+00:00,16
archive,2026-06-09 14:00:00+00:00,16
archive,2026-06-09 15:00:00+00:00,16
archive,2026-06-09 16:00:00+00:00,16
archive,2026-06-09 17:00:00+00:00,16
archive,2026-06-09 18:00:00+00:00,16
archive,2026-06-09 19:00:00+00:00,16
archive,2026-06-09 20:00:00+00:00,16
archive,2026-06-09 21:00:00+00:00,16
archive,2026-06-09 22:00:00+00:00,16
archive,2026-06-09 23:00:00+00:00,16
archive,2026-06-10 00:00:00+00:00,16
archive,2026-06-10 01:00:00+00:00,16
archive,2026-06-10 02:00:00+00:00,16
archive,2026-06-10 03:00:00+00:00,16
archive,2026-06-10 04:00:00+00:00,16
archive,2026-06-10 05:00:00+00:00,16
archive,2026-06-10 06:00:00+00:00,16
archive,2026-06-10 07:00:00+00:00,16
archive,2026-06-10 08:00:00+00:00,16
archive,2026-06-10 09:00:00+00:00,16
archive,2026-06-10 10:00:00+00:00,16
archive,2026-06-10 11:00:00+00:00,16
archive,2026-06-10 12:00:00+00:00,16
archive,2026-06-10 13:00:00+00:00,16
archive,2026-06-10 14:00:00+00:00,16
archive,2026-06-10 15:00:00+00:00,16
archive,2026-06-10 16:00:00+00:00,16
archive,2026-06-10 17:00:00+00:00,16
archive,2026-06-10 18:00:00+00:00,16
archive,2026-06-10 19:00:00+00:00,16
archive,2026-06-10 20:00:00+00:00,16
archive,2026-06-10 21:00:00+00:00,16
archive,2026-06-10 22:00:00+00:00,16
archive,2026-06-10 23:00:00+00:00,16
archive,2026-06-11 00:00:00+00:00,16
archive,2026-06-11 01:00:00+00:00,16
archive,2026-06-11 02:00:00+00:00,16
archive,2026-06-11 03:00:00+00:00,16
archive,2026-06-11 04:00:00+00:00,16
archive,2026-06-11 05:00:00+00:00,16
archive,2026-06-11 06:00:00+00:00,16
archive,2026-06-11 07:00:00+00:00,16
archive,2026-06-11 08:00:00+00:00,16
archive,2026-06-11 09:00:00+00:00,16
archive,2026-06-11 10:00:00+00:00,16
archive,2026-06-11 11:00:00+00:00,17
archive,2026-06-11 12:00:00+00:00,17
archive,2026-06-11 13:00:00+00:00,18
archive,2026-06-11 14:00:00+00:00,21
archive,2026-06-11 15:00:00+00:00,21
archive,2026-06-11 16:00:00+00:00,22
archive,2026-06-11 17:00:00+00:00,22
archive,2026-06-11 18:00:00+00:00,23
archive,2026-06-11 19:00:00+00:00,23
archive,2026-06-11 20:00:00+00:00,23
archive,2026-06-11 21:00:00+00:00,23
archive,2026-06-11 22:00:00+00:00,23
archive,2026-06-11 23:00:00+00:00,23
archive,2026-06-12 00:00:00+00:00,23
archive,2026-06-12 01:00:00+00:00,23
archive,2026-06-12 02:00:00+00:00,23
archive,2026-06-12 03:00:00+00:00,23
archive,2026-06-12 04:00:00+00:00,23
archive,2026-06-12 05:00:00+00:00,23
archive,2026-06-12 06:00:00+00:00,23
archive,2026-06-12 07:00:00+00:00,23
archive,2026-06-12 08:00:00+00:00,23
archive,2026-06-12 09:00:00+00:00,23
archive,2026-06-12 10:00:00+00:00,23
archive,2026-06-12 11:00:00+00:00,23
archive,2026-06-12 12:00:00+00:00,23
archive,2026-06-12 13:00:00+00:00,23
archive,2026-06-12 14:00:00+00:00,23
archive,2026-06-12 15:00:00+00:00,23
archive,2026-06-12 16:00:00+00:00,23
archive,2026-06-12 17:00:00+00:00,23
archive,2026-06-12 18:00:00+00:00,23
archive,2026-06-12 19:00:00+00:00,23
archive,2026-06-12 20:00:00+00:00,23
archive,2026-06-12 21:00:00+00:00,23
archive,2026-06-12 22:00:00+00:00,23
archive,2026-06-12 23:00:00+00:00,23
archive,2026-06-13 00:00:00+00:00,23
archive,2026-06-13 01:00:00+00:00,23
archive,2026-06-13 02:00:00+00:00,23
archive,2026-06-13 03:00:00+00:00,23
archive,2026-06-13 04:00:00+00:00,23
archive,2026-06-13 05:00:00+00:00,23
archive,2026-06-13 06:00:00+00:00,23
archive,2026-06-13 07:00:00+00:00,23
archive,2026-06-13 08:00:00+00:00,23
archive,2026-06-13 09:00:00+00:00,23
archive,2026-06-13 10:00:00+00:00,23
archive,2026-06-13 11:00:00+00:00,23
archive,2026-06-13 12:00:00+00:00,23
archive,2026-06-13 13:00:00+00:00,23
archive,2026-06-13 14:00:00+00:00,23
archive,2026-06-13 15:00:00+00:00,23
archive,2026-06-13 16:00:00+00:00,23
archive,2026-06-13 17:00:00+00:00,23
archive,2026-06-13 18:00:00+00:00,23
archive,2026-06-13 19:00:00+00:00,23
archive,2026-06-13 20:00:00+00:00,23
archive,2026-06-13 21:00:00+00:00,23
archive,2026-06-13 22:00:00+00:00,23
archive,2026-06-13 23:00:00+00:00,23
archive,2026-06-14 00:00:00+00:00,23
archive,2026-06-14 01:00:00+00:00,23
archive,2026-06-14 02:00:00+00:00,23
archive,2026-06-14 03:00:00+00:00,23
archive,2026-06-14 04:00:00+00:00,23
archive,2026-06-14 05:00:00+00:00,23
archive,2026-06-14 06:00:00+00:00,23
archive,2026-06-14 07:00:00+00:00,23
archive,2026-06-14 08:00:00+00:00,23
archive,2026-06-14 09:00:00+00:00,23
archive,2026-06-14 10:00:00+00:00,23
archive,2026-06-14 11:00:00+00:00,23
archive,2026-06-14 12:00:00+00:00,23
archive,2026-06-14 13:00:00+00:00,23
archive,2026-06-14 14:00:00+00:00,23
archive,2026-06-14 15:00:00+00:00,23
archive,2026-06-14 16:00:00+00:00,23
archive,2026-06-14 17:00:00+00:00,23
archive,2026-06-14 18:00:00+00:00,23
archive,2026-06-14 19:00:00+00:00,23
archive,2026-06-14 20:00:00+00:00,23
archive,2026-06-14 21:00:00+00:00,23
archive,2026-06-14 22:00:00+00:00,23
archive,2026-06-14 23:00:00+00:00,23
archive,2026-06-15 00:00:00+00:00,23
archive,2026-06-15 01:00:00+00:00,23
archive,2026-06-15 02:00:00+00:00,23
archive,2026-06-15 03:00:00+00:00,23
archive,2026-06-15 04:00:00+00:00,23
archive,2026-06-15 05:00:00+00:00,23
archive,2026-06-15 06:00:00+00:00,23
archive,2026-06-15 07:00:00+00:00,23
archive,2026-06-15 08:00:00+00:00,23
archive,2026-06-15 09:00:00+00:00,23
archive,2026-06-15 10:00:00+00:00,23
archive,2026-06-15 11:00:00+00:00,23
archive,2026-06-15 12:00:00+00:00,23
archive,2026-06-15 13:00:00+00:00,23
archive,2026-06-15 14:00:00+00:00,23
archive,2026-06-15 15:00:00+00:00,23
archive,2026-06-15 16:00:00+00:00,23
archive,2026-06-15 17:00:00+00:00,23
archive,2026-06-15 18:00:00+00:00,23
archive,2026-06-15 19:00:00+00:00,23
archive,2026-06-15 20:00:00+00:00,23
archive,2026-06-15 21:00:00+00:00,23
archive,2026-06-15 22:00:00+00:00,23
archive,2026-06-15 23:00:00+00:00,23
archive,2026-06-16 00:00:00+00:00,23
archive,2026-06-16 01:00:00+00:00,23
archive,2026-06-16 02:00:00+00:00,23
archive,2026-06-16 03:00:00+00:00,23
archive,2026-06-16 04:00:00+00:00,23
archive,2026-06-16 05:00:00+00:00,23
archive,2026-06-16 06:00:00+00:00,23
archive,2026-06-16 07:00:00+00:00,25
archive,2026-06-16 08:00:00+00:00,26
archive,2026-06-16 09:00:00+00:00,28
archive,2026-06-16 10:00:00+00:00,28
archive,2026-06-16 11:00:00+00:00,28
archive,2026-06-16 12:00:00+00:00,28
archive,2026-06-16 13:00:00+00:00,30
archive,2026-06-16 14:00:00+00:00,30
archive,2026-06-16 15:00:00+00:00,30
archive,2026-06-16 16:00:00+00:00,30
archive,2026-06-16 17:00:00+00:00,30
archive,2026-06-16 18:00:00+00:00,32
archive,2026-06-16 19:00:00+00:00,41
archive,2026-06-16 20:00:00+00:00,43
archive,2026-06-16 21:00:00+00:00,44
archive,2026-06-16 22:00:00+00:00,44
archive,2026-06-16 23:00:00+00:00,44
archive,2026-06-17 00:00:00+00:00,44
archive,2026-06-17 01:00:00+00:00,44
archive,2026-06-17 02:00:00+00:00,44
archive,2026-06-17 03:00:00+00:00,44
archive,2026-06-17 04:00:00+00:00,44
archive,2026-06-17 05:00:00+00:00,44
archive,2026-06-17 06:00:00+00:00,44
archive,2026-06-17 07:00:00+00:00,44
archive,2026-06-17 08:00:00+00:00,44
archive,2026-06-17 09:00:00+00:00,45
archive,2026-06-17 10:00:00+00:00,45
archive,2026-06-17 11:00:00+00:00,45
archive,2026-06-17 12:00:00+00:00,45
archive,2026-06-17 13:00:00+00:00,45
archive,2026-06-17 14:00:00+00:00,45
archive,2026-06-17 15:00:00+00:00,45
archive,2026-06-17 16:00:00+00:00,45
archive,2026-06-17 17:00:00+00:00,45
archive,2026-06-17 18:00:00+00:00,45
archive,2026-06-17 19:00:00+00:00,45
archive,2026-06-17 20:00:00+00:00,45
archive,2026-06-17 21:00:00+00:00,45
archive,2026-06-17 22:00:00+00:00,45
archive,2026-06-17 23:00:00+00:00,45
archive,2026-06-18 00:00:00+00:00,45
archive,2026-06-18 01:00:00+00:00,45
archive,2026-06-18 02:00:00+00:00,45
archive,2026-06-18 03:00:00+00:00,45
archive,2026-06-18 04:00:00+00:00,45
archive,2026-06-18 05:00:00+00:00,45
archive,2026-06-18 06:00:00+00:00,45
archive,2026-06-18 07:00:00+00:00,45
archive,2026-06-18 08:00:00+00:00,45
archive,2026-06-18 09:00:00+00:00,45
archive,2026-06-18 10:00:00+00:00,45
archive,2026-06-18 11:00:00+00:00,45
archive,2026-06-18 12:00:00+00:00,45
archive,2026-06-18 13:00:00+00:00,45
archive,2026-06-18 14:00:00+00:00,45
archive,2026-06-18 15:00:00+00:00,45
archive,2026-06-18 16:00:00+00:00,45
archive,2026-06-18 17:00:00+00:00,47
archive,2026-06-18 18:00:00+00:00,55
archive,2026-06-18 19:00:00+00:00,56
archive,2026-06-18 20:00:00+00:00,59
archive,2026-06-18 21:00:00+00:00,59
archive,2026-06-18 22:00:00+00:00,59
archive,2026-06-18 23:00:00+00:00,59
archive,2026-06-19 00:00:00+00:00,59
archive,2026-06-19 01:00:00+00:00,59
archive,2026-06-19 02:00:00+00:00,59
archive,2026-06-19 03:00:00+00:00,59
archive,2026-06-19 04:00:00+00:00,59
archive,2026-06-19 05:00:00+00:00,59
archive,2026-06-19 06:00:00+00:00,59
archive,2026-06-19 07:00:00+00:00,59
archive,2026-06-19 08:00:00+00:00,59
archive,2026-06-19 09:00:00+00:00,59
archive,2026-06-19 10:00:00+00:00,59
archive,2026-06-19 11:00:00+00:00,59
archive,2026-06-19 12:00:00+00:00,59
archive,2026-06-19 13:00:00+00:00,59
archive,2026-06-19 14:00:00+00:00,59
archive,2026-06-19 15:00:00+00:00,59
archive,2026-06-19 16:00:00+00:00,59
archive,2026-06-19 17:00:00+00:00,59
archive,2026-06-19 18:00:00+00:00,59
archive,2026-06-19 19:00:00+00:00,59
archive,2026-06-19 20:00:00+00:00,59
archive,2026-06-19 21:00:00+00:00,59
archive,2026-06-19 22:00:00+00:00,59
archive,2026-06-19 23:00:00+00:00,59
archive,2026-06-20 00:00:00+00:00,59
archive,2026-06-20 01:00:00+00:00,59
archive,2026-06-20 02:00:00+00:00,59
archive,2026-06-20 03:00:00+00:00,59
archive,2026-06-20 04:00:00+00:00,59
archive,2026-06-20 05:00:00+00:00,59
archive,2026-06-20 06:00:00+00:00,59
archive,2026-06-20 07:00:00+00:00,59
archive,2026-06-20 08:00:00+00:00,59
archive,2026-06-20 09:00:00+00:00,59
archive,2026-06-20 10:00:00+00:00,59
archive,2026-06-20 11:00:00+00:00,59
archive,2026-06-20 12:00:00+00:00,59
archive,2026-06-20 13:00:00+00:00,59
archive,2026-06-20 14:00:00+00:00,59
archive,2026-06-20 15:00:00+00:00,59
archive,2026-06-20 16:00:00+00:00,59
archive,2026-06-20 17:00:00+00:00,59
archive,2026-06-20 18:00:00+00:00,59
archive,2026-06-20 19:00:00+00:00,59
archive,2026-06-20 20:00:00+00:00,59
archive,2026-06-20 21:00:00+00:00,59
archive,2026-06-20 22:00:00+00:00,59
archive,2026-06-20 23:00:00+00:00,59
archive,2026-06-21 00:00:00+00:00,59
archive,2026-06-21 01:00:00+00:00,59
archive,2026-06-21 02:00:00+00:00,59
archive,2026-06-21 03:00:00+00:00,59
archive,2026-06-21 04:00:00+00:00,59
archive,2026-06-21 05:00:00+00:00,59
archive,2026-06-21 06:00:00+00:00,59
archive,2026-06-21 07:00:00+00:00,59
archive,2026-06-21 08:00:00+00:00,59
archive,2026-06-21 09:00:00+00:00,59
archive,2026-06-21 10:00:00+00:00,59
archive,2026-06-21 11:00:00+00:00,59
archive,2026-06-21 12:00:00+00:00,59
archive,2026-06-21 13:00:00+00:00,59
archive,2026-06-21 14:00:00+00:00,59
archive,2026-06-21 15:00:00+00:00,59
archive,2026-06-21 16:00:00+00:00,59
archive,2026-06-21 17:00:00+00:00,59
archive,2026-06-21 18:00:00+00:00,59
archive,2026-06-21 19:00:00+00:00,59
archive,2026-06-21 20:00:00+00:00,59
archive,2026-06-21 21:00:00+00:00,59
archive,2026-06-21 22:00:00+00:00,59
archive,2026-06-21 23:00:00+00:00,59
archive,2026-06-22 00:00:00+00:00,60
archive,2026-06-22 01:00:00+00:00,60
archive,2026-06-22 02:00:00+00:00,63
archive,2026-06-22 03:00:00+00:00,63
archive,2026-06-22 04:00:00+00:00,63
archive,2026-06-22 05:00:00+00:00,63
archive,2026-06-22 06:00:00+00:00,63
archive,2026-06-22 07:00:00+00:00,64
archive,2026-06-22 08:00:00+00:00,68
archive,2026-06-22 09:00:00+00:00,68
archive,2026-06-22 10:00:00+00:00,68
archive,2026-06-22 11:00:00+00:00,68
archive,2026-06-22 12:00:00+00:00,68
archive,2026-06-22 13:00:00+00:00,68
archive,2026-06-22 14:00:00+00:00,68
archive,2026-06-22 15:00:00+00:00,68
archive,2026-06-22 16:00:00+00:00,68
archive,2026-06-22 17:00:00+00:00,68
archive,2026-06-22 18:00:00+00:00,68
archive,2026-06-22 19:00:00+00:00,68
archive,2026-06-22 20:00:00+00:00,68
archive,2026-06-22 21:00:00+00:00,68
archive,2026-06-22 22:00:00+00:00,68
archive,2026-06-22 23:00:00+00:00,68
archive,2026-06-23 00:00:00+00:00,68
archive,2026-06-23 01:00:00+00:00,68
archive,2026-06-23 02:00:00+00:00,68
archive,2026-06-23 03:00:00+00:00,68
archive,2026-06-23 04:00:00+00:00,68
archive,2026-06-23 05:00:00+00:00,68
archive,2026-06-23 06:00:00+00:00,68
archive,2026-06-23 07:00:00+00:00,68
archive,2026-06-23 08:00:00+00:00,68
archive,2026-06-23 09:00:00+00:00,68
archive,2026-06-23 10:00:00+00:00,68
archive,2026-06-23 11:00:00+00:00,68
archive,2026-06-23 12:00:00+00:00,68
archive,2026-06-23 13:00:00+00:00,68
archive,2026-06-23 14:00:00+00:00,68
archive,2026-06-23 15:00:00+00:00,68
archive,2026-06-23 16:00:00+00:00,68
archive,2026-06-23 17:00:00+00:00,68
archive,2026-06-23 18:00:00+00:00,68
archive,2026-06-23 19:00:00+00:00,68
archive,2026-06-23 20:00:00+00:00,68
archive,2026-06-23 21:00:00+00:00,68
archive,2026-06-23 22:00:00+00:00,68
archive,2026-06-23 23:00:00+00:00,68
archive,2026-06-24 00:00:00+00:00,68
archive,2026-06-24 01:00:00+00:00,68
archive,2026-06-24 02:00:00+00:00,68
archive,2026-06-24 03:00:00+00:00,68
archive,2026-06-24 04:00:00+00:00,68
archive,2026-06-24 05:00:00+00:00,68
archive,2026-06-24 06:00:00+00:00,68
archive,2026-06-24 07:00:00+00:00,68
archive,2026-06-24 08:00:00+00:00,68
archive,2026-06-24 09:00:00+00:00,68
archive,2026-06-24 10:00:00+00:00,68
archive,2026-06-24 11:00:00+00:00,68
archive,2026-06-24 12:00:00+00:00,68
archive,2026-06-24 13:00:00+00:00,68
archive,2026-06-24 14:00:00+00:00,68
archive,2026-06-24 15:00:00+00:00,68
archive,2026-06-24 16:00:00+00:00,68
archive,2026-06-24 17:00:00+00:00,68
archive,2026-06-24 18:00:00+00:00,68
archive,2026-06-24 19:00:00+00:00,68
archive,2026-06-24 20:00:00+00:00,68
archive,2026-06-24 21:00:00+00:00,68
archive,2026-06-24 22:00:00+00:00,68
archive,2026-06-24 23:00:00+00:00,68
archive,2026-06-25 00:00:00+00:00,68
archive,2026-06-25 01:00:00+00:00,68
archive,2026-06-25 02:00:00+00:00,68
archive,2026-06-25 03:00:00+00:00,68
archive,2026-06-25 04:00:00+00:00,68
archive,2026-06-25 05:00:00+00:00,68
archive,2026-06-25 06:00:00+00:00,68
archive,2026-06-25 07:00:00+00:00,68
archive,2026-06-25 08:00:00+00:00,68
archive,2026-06-25 09:00:00+00:00,68
archive,2026-06-25 10:00:00+00:00,68
archive,2026-06-25 11:00:00+00:00,68
archive,2026-06-25 12:00:00+00:00,68
archive,2026-06-25 13:00:00+00:00,68
archive,2026-06-25 14:00:00+00:00,68
archive,2026-06-25 15:00:00+00:00,68
archive,2026-06-25 16:00:00+00:00,68
archive,2026-06-25 17:00:00+00:00,68
archive,2026-06-25 18:00:00+00:00,68
archive,2026-06-25 19:00:00+00:00,68
archive,2026-06-25 20:00:00+00:00,68
archive,2026-06-25 21:00:00+00:00,68
archive,2026-06-25 22:00:00+00:00,68
archive,2026-06-25 23:00:00+00:00,68
archive,2026-06-26 00:00:00+00:00,68
archive,2026-06-26 01:00:00+00:00,68
archive,2026-06-26 02:00:00+00:00,68
archive,2026-06-26 03:00:00+00:00,68
archive,2026-06-26 04:00:00+00:00,68
archive,2026-06-26 05:00:00+00:00,68
archive,2026-06-26 06:00:00+00:00,68
archive,2026-06-26 07:00:00+00:00,68
archive,2026-06-26 08:00:00+00:00,68
archive,2026-06-26 09:00:00+00:00,68
archive,2026-06-26 10:00:00+00:00,68
archive,2026-06-26 11:00:00+00:00,68
archive,2026-06-26 12:00:00+00:00,68
archive,2026-06-26 13:00:00+00:00,68
archive,2026-06-26 14:00:00+00:00,68
archive,2026-06-26 15:00:00+00:00,68
archive,2026-06-26 16:00:00+00:00,68
archive,2026-06-26 17:00:00+00:00,68
archive,2026-06-26 18:00:00+00:00,68
archive,2026-06-26 19:00:00+00:00,68
archive,2026-06-26 20:00:00+00:00,68
archive,2026-06-26 21:00:00+00:00,68
archive,2026-06-26 22:00:00+00:00,68
archive,2026-06-26 23:00:00+00:00,68
archive,2026-06-27 00:00:00+00:00,68
archive,2026-06-27 01:00:00+00:00,68
archive,2026-06-27 02:00:00+00:00,68
archive,2026-06-27 03:00:00+00:00,68
archive,2026-06-27 04:00:00+00:00,68
archive,2026-06-27 05:00:00+00:00,68
archive,2026-06-27 06:00:00+00:00,68
archive,2026-06-27 07:00:00+00:00,68
archive,2026-06-27 08:00:00+00:00,68
archive,2026-06-27 09:00:00+00:00,68
archive,2026-06-27 10:00:00+00:00,68
archive,2026-06-27 11:00:00+00:00,68
archive,2026-06-27 12:00:00+00:00,68
archive,2026-06-27 13:00:00+00:00,68
archive,2026-06-27 14:00:00+00:00,68
archive,2026-06-27 15:00:00+00:00,68
archive,2026-06-27 16:00:00+00:00,68
archive,2026-06-27 17:00:00+00:00,68
archive,2026-06-27 18:00:00+00:00,68
archive,2026-06-27 19:00:00+00:00,68
archive,2026-06-27 20:00:00+00:00,68
archive,2026-06-27 21:00:00+00:00,68
archive,2026-06-27 22:00:00+00:00,68
archive,2026-06-27 23:00:00+00:00,68
archive,2026-06-28 00:00:00+00:00,68
archive,2026-06-28 01:00:00+00:00,68
archive,2026-06-28 02:00:00+00:00,68
archive,2026-06-28 03:00:00+00:00,68
archive,2026-06-28 04:00:00+00:00,68
archive,2026-06-28 05:00:00+00:00,68
archive,2026-06-28 06:00:00+00:00,68
archive,2026-06-28 07:00:00+00:00,68
archive,2026-06-28 08:00:00+00:00,68
archive,2026-06-28 09:00:00+00:00,68
archive,2026-06-28 10:00:00+00:00,68
archive,2026-06-28 11:00:00+00:00,68
archive,2026-06-28 12:00:00+00:00,68
archive,2026-06-28 13:00:00+00:00,68
archive,2026-06-28 14:00:00+00:00,68
archive,2026-06-28 15:00:00+00:00,68
archive,2026-06-28 16:00:00+00:00,68
archive,2026-06-28 17:00:00+00:00,68
archive,2026-06-28 18:00:00+00:00,68
archive,2026-06-28 19:00:00+00:00,68
archive,2026-06-28 20:00:00+00:00,68
archive,2026-06-28 21:00:00+00:00,68
archive,2026-06-28 22:00:00+00:00,68
archive,2026-06-28 23:00:00+00:00,68
archive,2026-06-29 00:00:00+00:00,68
archive,2026-06-29 01:00:00+00:00,68
archive,2026-06-29 02:00:00+00:00,68
archive,2026-06-29 03:00:00+00:00,68
archive,2026-06-29 04:00:00+00:00,68
archive,2026-06-29 05:00:00+00:00,68
archive,2026-06-29 06:00:00+00:00,68
archive,2026-06-29 07:00:00+00:00,68
archive,2026-06-29 08:00:00+00:00,68
archive,2026-06-29 09:00:00+00:00,68
archive,2026-06-29 10:00:00+00:00,68
archive,2026-06-29 11:00:00+00:00,68
archive,2026-06-29 12:00:00+00:00,68
archive,2026-06-29 13:00:00+00:00,68
archive,2026-06-29 14:00:00+00:00,68
archive,2026-06-29 15:00:00+00:00,68
archive,2026-06-29 16:00:00+00:00,68
archive,2026-06-29 17:00:00+00:00,68
archive,2026-06-29 18:00:00+00:00,68
archive,2026-06-29 19:00:00+00:00,68
archive,2026-06-29 20:00:00+00:00,68
archive,2026-06-29 21:00:00+00:00,68
archive,2026-06-29 22:00:00+00:00,68
archive,2026-06-29 23:00:00+00:00,68
archive,2026-06-30 00:00:00+00:00,68
archive,2026-06-30 01:00:00+00:00,68
archive,2026-06-30 02:00:00+00:00,68
archive,2026-06-30 03:00:00+00:00,68
archive,2026-06-30 04:00:00+00:00,68
archive,2026-06-30 05:00:00+00:00,68
archive,2026-06-30 06:00:00+00:00,68
archive,2026-06-30 07:00:00+00:00,68
archive,2026-06-30 08:00:00+00:00,68
archive,2026-06-30 09:00:00+00:00,68
archive,2026-06-30 10:00:00+00:00,68
archive,2026-06-30 11:00:00+00:00,68
archive,2026-06-30 12:00:00+00:00,68
archive,2026-06-30 13:00:00+00:00,68
archive,2026-06-30 14:00:00+00:00,68
archive,2026-06-30 15:00:00+00:00,68
archive,2026-06-30 16:00:00+00:00,68
archive,2026-06-30 17:00:00+00:00,68
archive,2026-06-30 18:00:00+00:00,68
archive,2026-06-30 19:00:00+00:00,68
archive,2026-06-30 20:00:00+00:00,68
archive,2026-06-30 21:00:00+00:00,68
archive,2026-06-30 22:00:00+00:00,68
archive,2026-06-30 23:00:00+00:00,68
archive,2026-07-01 00:00:00+00:00,68
archive,2026-07-01 01:00:00+00:00,68
archive,2026-07-01 02:00:00+00:00,68
archive,2026-07-01 03:00:00+00:00,68
archive,2026-07-01 04:00:00+00:00,68
archive,2026-07-01 05:00:00+00:00,68
archive,2026-07-01 06:00:00+00:00,68
archive,2026-07-01 07:00:00+00:00,68
archive,2026-07-01 08:00:00+00:00,68
archive,2026-07-01 09:00:00+00:00,68
archive,2026-07-01 10:00:00+00:00,69
archive,2026-07-01 11:00:00+00:00,69
archive,2026-07-01 12:00:00+00:00,69
archive,2026-07-01 13:00:00+00:00,69
archive,2026-07-01 14:00:00+00:00,69
archive,2026-07-01 15:00:00+00:00,69
archive,2026-07-01 16:00:00+00:00,69
archive,2026-07-01 17:00:00+00:00,69
archive,2026-07-01 18:00:00+00:00,69
archive,2026-07-01 19:00:00+00:00,69
archive,2026-07-01 20:00:00+00:00,69
archive,2026-07-01 21:00:00+00:00,69
archive,2026-07-01 22:00:00+00:00,69
archive,2026-07-01 23:00:00+00:00,69
archive,2026-07-02 00:00:00+00:00,69
archive,2026-07-02 01:00:00+00:00,69
archive,2026-07-02 02:00:00+00:00,69
archive,2026-07-02 03:00:00+00:00,69
archive,2026-07-02 04:00:00+00:00,69
archive,2026-07-02 05:00:00+00:00,69
archive,2026-07-02 06:00:00+00:00,69
archive,2026-07-02 07:00:00+00:00,69
archive,2026-07-02 08:00:00+00:00,69
archive,2026-07-02 09:00:00+00:00,69
archive,2026-07-02 10:00:00+00:00,69
archive,2026-07-02 11:00:00+00:00,69
archive,2026-07-02 12:00:00+00:00,69
archive,2026-07-02 13:00:00+00:00,69
archive,2026-07-02 14:00:00+00:00,69
archive,2026-07-02 15:00:00+00:00,69
archive,2026-07-02 16:00:00+00:00,69
archive,2026-07-02 17:00:00+00:00,69
cors_proxy,2026-05-24 06:00:00+00:00,0
cors_proxy,2026-05-24 07:00:00+00:00,0
cors_proxy,2026-05-24 08:00:00+00:00,0
cors_proxy,2026-05-24 09:00:00+00:00,0
cors_proxy,2026-05-24 10:00:00+00:00,0
cors_proxy,2026-05-24 11:00:00+00:00,0
cors_proxy,2026-05-24 12:00:00+00:00,0
cors_proxy,2026-05-24 13:00:00+00:00,0
cors_proxy,2026-05-24 14:00:00+00:00,0
cors_proxy,2026-05-24 15:00:00+00:00,0
cors_proxy,2026-05-24 16:00:00+00:00,0
cors_proxy,2026-05-24 17:00:00+00:00,0
cors_proxy,2026-05-24 18:00:00+00:00,0
cors_proxy,2026-05-24 19:00:00+00:00,0
cors_proxy,2026-05-24 20:00:00+00:00,0
cors_proxy,2026-05-24 21:00:00+00:00,0
cors_proxy,2026-05-24 22:00:00+00:00,0
cors_proxy,2026-05-24 23:00:00+00:00,0
cors_proxy,2026-05-25 00:00:00+00:00,0
cors_proxy,2026-05-25 01:00:00+00:00,0
cors_proxy,2026-05-25 02:00:00+00:00,0
cors_proxy,2026-05-25 03:00:00+00:00,0
cors_proxy,2026-05-25 04:00:00+00:00,0
cors_proxy,2026-05-25 05:00:00+00:00,0
cors_proxy,2026-05-25 06:00:00+00:00,0
cors_proxy,2026-05-25 07:00:00+00:00,0
cors_proxy,2026-05-25 08:00:00+00:00,0
cors_proxy,2026-05-25 09:00:00+00:00,0
cors_proxy,2026-05-25 10:00:00+00:00,0
cors_proxy,2026-05-25 11:00:00+00:00,0
cors_proxy,2026-05-25 12:00:00+00:00,0
cors_proxy,2026-05-25 13:00:00+00:00,0
cors_proxy,2026-05-25 14:00:00+00:00,0
cors_proxy,2026-05-25 15:00:00+00:00,0
cors_proxy,2026-05-25 16:00:00+00:00,0
cors_proxy,2026-05-25 17:00:00+00:00,0
cors_proxy,2026-05-25 18:00:00+00:00,0
cors_proxy,2026-05-25 19:00:00+00:00,0
cors_proxy,2026-05-25 20:00:00+00:00,0
cors_proxy,2026-05-25 21:00:00+00:00,0
cors_proxy,2026-05-25 22:00:00+00:00,0
cors_proxy,2026-05-25 23:00:00+00:00,0
cors_proxy,2026-05-26 00:00:00+00:00,0
cors_proxy,2026-05-26 01:00:00+00:00,0
cors_proxy,2026-05-26 02:00:00+00:00,0
cors_proxy,2026-05-26 03:00:00+00:00,0
cors_proxy,2026-05-26 04:00:00+00:00,0
cors_proxy,2026-05-26 05:00:00+00:00,0
cors_proxy,2026-05-26 06:00:00+00:00,0
cors_proxy,2026-05-26 07:00:00+00:00,0
cors_proxy,2026-05-26 08:00:00+00:00,0
cors_proxy,2026-05-26 09:00:00+00:00,0
cors_proxy,2026-05-26 10:00:00+00:00,0
cors_proxy,2026-05-26 11:00:00+00:00,0
cors_proxy,2026-05-26 12:00:00+00:00,0
cors_proxy,2026-05-26 13:00:00+00:00,0
cors_proxy,2026-05-26 14:00:00+00:00,0
cors_proxy,2026-05-26 15:00:00+00:00,0
cors_proxy,2026-05-26 16:00:00+00:00,1
cors_proxy,2026-05-26 17:00:00+00:00,1
cors_proxy,2026-05-26 18:00:00+00:00,1
cors_proxy,2026-05-26 19:00:00+00:00,1
cors_proxy,2026-05-26 20:00:00+00:00,1
cors_proxy,2026-05-26 21:00:00+00:00,1
cors_proxy,2026-05-26 22:00:00+00:00,1
cors_proxy,2026-05-26 23:00:00+00:00,1
cors_proxy,2026-05-27 00:00:00+00:00,1
cors_proxy,2026-05-27 01:00:00+00:00,1
cors_proxy,2026-05-27 02:00:00+00:00,1
cors_proxy,2026-05-27 03:00:00+00:00,1
cors_proxy,2026-05-27 04:00:00+00:00,1
cors_proxy,2026-05-27 05:00:00+00:00,1
cors_proxy,2026-05-27 06:00:00+00:00,1
cors_proxy,2026-05-27 07:00:00+00:00,1
cors_proxy,2026-05-27 08:00:00+00:00,1
cors_proxy,2026-05-27 09:00:00+00:00,1
cors_proxy,2026-05-27 10:00:00+00:00,1
cors_proxy,2026-05-27 11:00:00+00:00,1
cors_proxy,2026-05-27 12:00:00+00:00,1
cors_proxy,2026-05-27 13:00:00+00:00,1
cors_proxy,2026-05-27 14:00:00+00:00,1
cors_proxy,2026-05-27 15:00:00+00:00,1
cors_proxy,2026-05-27 16:00:00+00:00,1
cors_proxy,2026-05-27 17:00:00+00:00,1
cors_proxy,2026-05-27 18:00:00+00:00,1
cors_proxy,2026-05-27 19:00:00+00:00,1
cors_proxy,2026-05-27 20:00:00+00:00,1
cors_proxy,2026-05-27 21:00:00+00:00,1
cors_proxy,2026-05-27 22:00:00+00:00,1
cors_proxy,2026-05-27 23:00:00+00:00,1
cors_proxy,2026-05-28 00:00:00+00:00,1
cors_proxy,2026-05-28 01:00:00+00:00,1
cors_proxy,2026-05-28 02:00:00+00:00,1
cors_proxy,2026-05-28 03:00:00+00:00,1
cors_proxy,2026-05-28 04:00:00+00:00,1
cors_proxy,2026-05-28 05:00:00+00:00,1
cors_proxy,2026-05-28 06:00:00+00:00,1
cors_proxy,2026-05-28 07:00:00+00:00,3
cors_proxy,2026-05-28 08:00:00+00:00,3
cors_proxy,2026-05-28 09:00:00+00:00,3
cors_proxy,2026-05-28 10:00:00+00:00,3
cors_proxy,2026-05-28 11:00:00+00:00,3
cors_proxy,2026-05-28 12:00:00+00:00,4
cors_proxy,2026-05-28 13:00:00+00:00,11
cors_proxy,2026-05-28 14:00:00+00:00,16
cors_proxy,2026-05-28 15:00:00+00:00,22
cors_proxy,2026-05-28 16:00:00+00:00,28
cors_proxy,2026-05-28 17:00:00+00:00,28
cors_proxy,2026-05-28 18:00:00+00:00,28
cors_proxy,2026-05-28 19:00:00+00:00,28
cors_proxy,2026-05-28 20:00:00+00:00,29
cors_proxy,2026-05-28 21:00:00+00:00,35
cors_proxy,2026-05-28 22:00:00+00:00,38
cors_proxy,2026-05-28 23:00:00+00:00,40
cors_proxy,2026-05-29 00:00:00+00:00,40
cors_proxy,2026-05-29 01:00:00+00:00,40
cors_proxy,2026-05-29 02:00:00+00:00,40
cors_proxy,2026-05-29 03:00:00+00:00,40
cors_proxy,2026-05-29 04:00:00+00:00,40
cors_proxy,2026-05-29 05:00:00+00:00,40
cors_proxy,2026-05-29 06:00:00+00:00,40
cors_proxy,2026-05-29 07:00:00+00:00,40
cors_proxy,2026-05-29 08:00:00+00:00,40
cors_proxy,2026-05-29 09:00:00+00:00,40
cors_proxy,2026-05-29 10:00:00+00:00,40
cors_proxy,2026-05-29 11:00:00+00:00,40
cors_proxy,2026-05-29 12:00:00+00:00,40
cors_proxy,2026-05-29 13:00:00+00:00,40
cors_proxy,2026-05-29 14:00:00+00:00,40
cors_proxy,2026-05-29 15:00:00+00:00,40
cors_proxy,2026-05-29 16:00:00+00:00,40
cors_proxy,2026-05-29 17:00:00+00:00,40
cors_proxy,2026-05-29 18:00:00+00:00,40
cors_proxy,2026-05-29 19:00:00+00:00,40
cors_proxy,2026-05-29 20:00:00+00:00,40
cors_proxy,2026-05-29 21:00:00+00:00,41
cors_proxy,2026-05-29 22:00:00+00:00,52
cors_proxy,2026-05-29 23:00:00+00:00,69
cors_proxy,2026-05-30 00:00:00+00:00,69
cors_proxy,2026-05-30 01:00:00+00:00,69
cors_proxy,2026-05-30 02:00:00+00:00,69
cors_proxy,2026-05-30 03:00:00+00:00,69
cors_proxy,2026-05-30 04:00:00+00:00,69
cors_proxy,2026-05-30 05:00:00+00:00,69
cors_proxy,2026-05-30 06:00:00+00:00,69
cors_proxy,2026-05-30 07:00:00+00:00,69
cors_proxy,2026-05-30 08:00:00+00:00,69
cors_proxy,2026-05-30 09:00:00+00:00,69
cors_proxy,2026-05-30 10:00:00+00:00,69
cors_proxy,2026-05-30 11:00:00+00:00,69
cors_proxy,2026-05-30 12:00:00+00:00,69
cors_proxy,2026-05-30 13:00:00+00:00,69
cors_proxy,2026-05-30 14:00:00+00:00,69
cors_proxy,2026-05-30 15:00:00+00:00,69
cors_proxy,2026-05-30 16:00:00+00:00,69
cors_proxy,2026-05-30 17:00:00+00:00,69
cors_proxy,2026-05-30 18:00:00+00:00,69
cors_proxy,2026-05-30 19:00:00+00:00,69
cors_proxy,2026-05-30 20:00:00+00:00,71
cors_proxy,2026-05-30 21:00:00+00:00,74
cors_proxy,2026-05-30 22:00:00+00:00,79
cors_proxy,2026-05-30 23:00:00+00:00,79
cors_proxy,2026-05-31 00:00:00+00:00,82
cors_proxy,2026-05-31 01:00:00+00:00,82
cors_proxy,2026-05-31 02:00:00+00:00,82
cors_proxy,2026-05-31 03:00:00+00:00,82
cors_proxy,2026-05-31 04:00:00+00:00,82
cors_proxy,2026-05-31 05:00:00+00:00,82
cors_proxy,2026-05-31 06:00:00+00:00,82
cors_proxy,2026-05-31 07:00:00+00:00,82
cors_proxy,2026-05-31 08:00:00+00:00,82
cors_proxy,2026-05-31 09:00:00+00:00,82
cors_proxy,2026-05-31 10:00:00+00:00,82
cors_proxy,2026-05-31 11:00:00+00:00,82
cors_proxy,2026-05-31 12:00:00+00:00,82
cors_proxy,2026-05-31 13:00:00+00:00,82
cors_proxy,2026-05-31 14:00:00+00:00,82
cors_proxy,2026-05-31 15:00:00+00:00,82
cors_proxy,2026-05-31 16:00:00+00:00,82
cors_proxy,2026-05-31 17:00:00+00:00,82
cors_proxy,2026-05-31 18:00:00+00:00,82
cors_proxy,2026-05-31 19:00:00+00:00,82
cors_proxy,2026-05-31 20:00:00+00:00,82
cors_proxy,2026-05-31 21:00:00+00:00,82
cors_proxy,2026-05-31 22:00:00+00:00,82
cors_proxy,2026-05-31 23:00:00+00:00,82
cors_proxy,2026-06-01 00:00:00+00:00,82
cors_proxy,2026-06-01 01:00:00+00:00,82
cors_proxy,2026-06-01 02:00:00+00:00,82
cors_proxy,2026-06-01 03:00:00+00:00,82
cors_proxy,2026-06-01 04:00:00+00:00,82
cors_proxy,2026-06-01 05:00:00+00:00,82
cors_proxy,2026-06-01 06:00:00+00:00,82
cors_proxy,2026-06-01 07:00:00+00:00,82
cors_proxy,2026-06-01 08:00:00+00:00,82
cors_proxy,2026-06-01 09:00:00+00:00,82
cors_proxy,2026-06-01 10:00:00+00:00,82
cors_proxy,2026-06-01 11:00:00+00:00,82
cors_proxy,2026-06-01 12:00:00+00:00,82
cors_proxy,2026-06-01 13:00:00+00:00,84
cors_proxy,2026-06-01 14:00:00+00:00,98
cors_proxy,2026-06-01 15:00:00+00:00,99
cors_proxy,2026-06-01 16:00:00+00:00,99
cors_proxy,2026-06-01 17:00:00+00:00,99
cors_proxy,2026-06-01 18:00:00+00:00,99
cors_proxy,2026-06-01 19:00:00+00:00,99
cors_proxy,2026-06-01 20:00:00+00:00,99
cors_proxy,2026-06-01 21:00:00+00:00,100
cors_proxy,2026-06-01 22:00:00+00:00,100
cors_proxy,2026-06-01 23:00:00+00:00,104
cors_proxy,2026-06-02 00:00:00+00:00,104
cors_proxy,2026-06-02 01:00:00+00:00,104
cors_proxy,2026-06-02 02:00:00+00:00,104
cors_proxy,2026-06-02 03:00:00+00:00,104
cors_proxy,2026-06-02 04:00:00+00:00,104
cors_proxy,2026-06-02 05:00:00+00:00,104
cors_proxy,2026-06-02 06:00:00+00:00,104
cors_proxy,2026-06-02 07:00:00+00:00,104
cors_proxy,2026-06-02 08:00:00+00:00,104
cors_proxy,2026-06-02 09:00:00+00:00,104
cors_proxy,2026-06-02 10:00:00+00:00,104
cors_proxy,2026-06-02 11:00:00+00:00,104
cors_proxy,2026-06-02 12:00:00+00:00,104
cors_proxy,2026-06-02 13:00:00+00:00,104
cors_proxy,2026-06-02 14:00:00+00:00,104
cors_proxy,2026-06-02 15:00:00+00:00,104
cors_proxy,2026-06-02 16:00:00+00:00,104
cors_proxy,2026-06-02 17:00:00+00:00,104
cors_proxy,2026-06-02 18:00:00+00:00,104
cors_proxy,2026-06-02 19:00:00+00:00,104
cors_proxy,2026-06-02 20:00:00+00:00,104
cors_proxy,2026-06-02 21:00:00+00:00,104
cors_proxy,2026-06-02 22:00:00+00:00,104
cors_proxy,2026-06-02 23:00:00+00:00,104
cors_proxy,2026-06-03 00:00:00+00:00,104
cors_proxy,2026-06-03 01:00:00+00:00,104
cors_proxy,2026-06-03 02:00:00+00:00,104
cors_proxy,2026-06-03 03:00:00+00:00,104
cors_proxy,2026-06-03 04:00:00+00:00,104
cors_proxy,2026-06-03 05:00:00+00:00,104
cors_proxy,2026-06-03 06:00:00+00:00,104
cors_proxy,2026-06-03 07:00:00+00:00,104
cors_proxy,2026-06-03 08:00:00+00:00,104
cors_proxy,2026-06-03 09:00:00+00:00,104
cors_proxy,2026-06-03 10:00:00+00:00,104
cors_proxy,2026-06-03 11:00:00+00:00,104
cors_proxy,2026-06-03 12:00:00+00:00,104
cors_proxy,2026-06-03 13:00:00+00:00,104
cors_proxy,2026-06-03 14:00:00+00:00,104
cors_proxy,2026-06-03 15:00:00+00:00,104
cors_proxy,2026-06-03 16:00:00+00:00,104
cors_proxy,2026-06-03 17:00:00+00:00,104
cors_proxy,2026-06-03 18:00:00+00:00,104
cors_proxy,2026-06-03 19:00:00+00:00,104
cors_proxy,2026-06-03 20:00:00+00:00,104
cors_proxy,2026-06-03 21:00:00+00:00,104
cors_proxy,2026-06-03 22:00:00+00:00,104
cors_proxy,2026-06-03 23:00:00+00:00,104
cors_proxy,2026-06-04 00:00:00+00:00,104
cors_proxy,2026-06-04 01:00:00+00:00,104
cors_proxy,2026-06-04 02:00:00+00:00,104
cors_proxy,2026-06-04 03:00:00+00:00,104
cors_proxy,2026-06-04 04:00:00+00:00,104
cors_proxy,2026-06-04 05:00:00+00:00,104
cors_proxy,2026-06-04 06:00:00+00:00,104
cors_proxy,2026-06-04 07:00:00+00:00,104
cors_proxy,2026-06-04 08:00:00+00:00,104
cors_proxy,2026-06-04 09:00:00+00:00,104
cors_proxy,2026-06-04 10:00:00+00:00,104
cors_proxy,2026-06-04 11:00:00+00:00,104
cors_proxy,2026-06-04 12:00:00+00:00,104
cors_proxy,2026-06-04 13:00:00+00:00,104
cors_proxy,2026-06-04 14:00:00+00:00,104
cors_proxy,2026-06-04 15:00:00+00:00,104
cors_proxy,2026-06-04 16:00:00+00:00,104
cors_proxy,2026-06-04 17:00:00+00:00,104
cors_proxy,2026-06-04 18:00:00+00:00,104
cors_proxy,2026-06-04 19:00:00+00:00,104
cors_proxy,2026-06-04 20:00:00+00:00,104
cors_proxy,2026-06-04 21:00:00+00:00,104
cors_proxy,2026-06-04 22:00:00+00:00,104
cors_proxy,2026-06-04 23:00:00+00:00,104
cors_proxy,2026-06-05 00:00:00+00:00,104
cors_proxy,2026-06-05 01:00:00+00:00,104
cors_proxy,2026-06-05 02:00:00+00:00,105
cors_proxy,2026-06-05 03:00:00+00:00,105
cors_proxy,2026-06-05 04:00:00+00:00,105
cors_proxy,2026-06-05 05:00:00+00:00,105
cors_proxy,2026-06-05 06:00:00+00:00,105
cors_proxy,2026-06-05 07:00:00+00:00,105
cors_proxy,2026-06-05 08:00:00+00:00,105
cors_proxy,2026-06-05 09:00:00+00:00,105
cors_proxy,2026-06-05 10:00:00+00:00,105
cors_proxy,2026-06-05 11:00:00+00:00,105
cors_proxy,2026-06-05 12:00:00+00:00,105
cors_proxy,2026-06-05 13:00:00+00:00,105
cors_proxy,2026-06-05 14:00:00+00:00,105
cors_proxy,2026-06-05 15:00:00+00:00,105
cors_proxy,2026-06-05 16:00:00+00:00,105
cors_proxy,2026-06-05 17:00:00+00:00,105
cors_proxy,2026-06-05 18:00:00+00:00,105
cors_proxy,2026-06-05 19:00:00+00:00,105
cors_proxy,2026-06-05 20:00:00+00:00,105
cors_proxy,2026-06-05 21:00:00+00:00,105
cors_proxy,2026-06-05 22:00:00+00:00,105
cors_proxy,2026-06-05 23:00:00+00:00,105
cors_proxy,2026-06-06 00:00:00+00:00,105
cors_proxy,2026-06-06 01:00:00+00:00,105
cors_proxy,2026-06-06 02:00:00+00:00,105
cors_proxy,2026-06-06 03:00:00+00:00,105
cors_proxy,2026-06-06 04:00:00+00:00,105
cors_proxy,2026-06-06 05:00:00+00:00,105
cors_proxy,2026-06-06 06:00:00+00:00,105
cors_proxy,2026-06-06 07:00:00+00:00,106
cors_proxy,2026-06-06 08:00:00+00:00,106
cors_proxy,2026-06-06 09:00:00+00:00,106
cors_proxy,2026-06-06 10:00:00+00:00,106
cors_proxy,2026-06-06 11:00:00+00:00,106
cors_proxy,2026-06-06 12:00:00+00:00,106
cors_proxy,2026-06-06 13:00:00+00:00,106
cors_proxy,2026-06-06 14:00:00+00:00,106
cors_proxy,2026-06-06 15:00:00+00:00,106
cors_proxy,2026-06-06 16:00:00+00:00,106
cors_proxy,2026-06-06 17:00:00+00:00,106
cors_proxy,2026-06-06 18:00:00+00:00,106
cors_proxy,2026-06-06 19:00:00+00:00,106
cors_proxy,2026-06-06 20:00:00+00:00,106
cors_proxy,2026-06-06 21:00:00+00:00,106
cors_proxy,2026-06-06 22:00:00+00:00,106
cors_proxy,2026-06-06 23:00:00+00:00,107
cors_proxy,2026-06-07 00:00:00+00:00,107
cors_proxy,2026-06-07 01:00:00+00:00,107
cors_proxy,2026-06-07 02:00:00+00:00,107
cors_proxy,2026-06-07 03:00:00+00:00,107
cors_proxy,2026-06-07 04:00:00+00:00,109
cors_proxy,2026-06-07 05:00:00+00:00,109
cors_proxy,2026-06-07 06:00:00+00:00,109
cors_proxy,2026-06-07 07:00:00+00:00,109
cors_proxy,2026-06-07 08:00:00+00:00,109
cors_proxy,2026-06-07 09:00:00+00:00,109
cors_proxy,2026-06-07 10:00:00+00:00,109
cors_proxy,2026-06-07 11:00:00+00:00,109
cors_proxy,2026-06-07 12:00:00+00:00,109
cors_proxy,2026-06-07 13:00:00+00:00,109
cors_proxy,2026-06-07 14:00:00+00:00,109
cors_proxy,2026-06-07 15:00:00+00:00,109
cors_proxy,2026-06-07 16:00:00+00:00,109
cors_proxy,2026-06-07 17:00:00+00:00,109
cors_proxy,2026-06-07 18:00:00+00:00,109
cors_proxy,2026-06-07 19:00:00+00:00,109
cors_proxy,2026-06-07 20:00:00+00:00,110
cors_proxy,2026-06-07 21:00:00+00:00,110
cors_proxy,2026-06-07 22:00:00+00:00,110
cors_proxy,2026-06-07 23:00:00+00:00,110
cors_proxy,2026-06-08 00:00:00+00:00,110
cors_proxy,2026-06-08 01:00:00+00:00,110
cors_proxy,2026-06-08 02:00:00+00:00,110
cors_proxy,2026-06-08 03:00:00+00:00,111
cors_proxy,2026-06-08 04:00:00+00:00,111
cors_proxy,2026-06-08 05:00:00+00:00,111
cors_proxy,2026-06-08 06:00:00+00:00,111
cors_proxy,2026-06-08 07:00:00+00:00,111
cors_proxy,2026-06-08 08:00:00+00:00,111
cors_proxy,2026-06-08 09:00:00+00:00,111
cors_proxy,2026-06-08 10:00:00+00:00,111
cors_proxy,2026-06-08 11:00:00+00:00,111
cors_proxy,2026-06-08 12:00:00+00:00,111
cors_proxy,2026-06-08 13:00:00+00:00,111
cors_proxy,2026-06-08 14:00:00+00:00,111
cors_proxy,2026-06-08 15:00:00+00:00,111
cors_proxy,2026-06-08 16:00:00+00:00,111
cors_proxy,2026-06-08 17:00:00+00:00,111
cors_proxy,2026-06-08 18:00:00+00:00,111
cors_proxy,2026-06-08 19:00:00+00:00,111
cors_proxy,2026-06-08 20:00:00+00:00,111
cors_proxy,2026-06-08 21:00:00+00:00,111
cors_proxy,2026-06-08 22:00:00+00:00,111
cors_proxy,2026-06-08 23:00:00+00:00,111
cors_proxy,2026-06-09 00:00:00+00:00,111
cors_proxy,2026-06-09 01:00:00+00:00,111
cors_proxy,2026-06-09 02:00:00+00:00,111
cors_proxy,2026-06-09 03:00:00+00:00,111
cors_proxy,2026-06-09 04:00:00+00:00,111
cors_proxy,2026-06-09 05:00:00+00:00,111
cors_proxy,2026-06-09 06:00:00+00:00,111
cors_proxy,2026-06-09 07:00:00+00:00,111
cors_proxy,2026-06-09 08:00:00+00:00,111
cors_proxy,2026-06-09 09:00:00+00:00,111
cors_proxy,2026-06-09 10:00:00+00:00,111
cors_proxy,2026-06-09 11:00:00+00:00,111
cors_proxy,2026-06-09 12:00:00+00:00,111
cors_proxy,2026-06-09 13:00:00+00:00,111
cors_proxy,2026-06-09 14:00:00+00:00,111
cors_proxy,2026-06-09 15:00:00+00:00,111
cors_proxy,2026-06-09 16:00:00+00:00,111
cors_proxy,2026-06-09 17:00:00+00:00,111
cors_proxy,2026-06-09 18:00:00+00:00,111
cors_proxy,2026-06-09 19:00:00+00:00,111
cors_proxy,2026-06-09 20:00:00+00:00,111
cors_proxy,2026-06-09 21:00:00+00:00,111
cors_proxy,2026-06-09 22:00:00+00:00,111
cors_proxy,2026-06-09 23:00:00+00:00,111
cors_proxy,2026-06-10 00:00:00+00:00,111
cors_proxy,2026-06-10 01:00:00+00:00,111
cors_proxy,2026-06-10 02:00:00+00:00,111
cors_proxy,2026-06-10 03:00:00+00:00,111
cors_proxy,2026-06-10 04:00:00+00:00,111
cors_proxy,2026-06-10 05:00:00+00:00,111
cors_proxy,2026-06-10 06:00:00+00:00,111
cors_proxy,2026-06-10 07:00:00+00:00,111
cors_proxy,2026-06-10 08:00:00+00:00,111
cors_proxy,2026-06-10 09:00:00+00:00,111
cors_proxy,2026-06-10 10:00:00+00:00,111
cors_proxy,2026-06-10 11:00:00+00:00,111
cors_proxy,2026-06-10 12:00:00+00:00,111
cors_proxy,2026-06-10 13:00:00+00:00,111
cors_proxy,2026-06-10 14:00:00+00:00,111
cors_proxy,2026-06-10 15:00:00+00:00,111
cors_proxy,2026-06-10 16:00:00+00:00,111
cors_proxy,2026-06-10 17:00:00+00:00,111
cors_proxy,2026-06-10 18:00:00+00:00,111
cors_proxy,2026-06-10 19:00:00+00:00,111
cors_proxy,2026-06-10 20:00:00+00:00,111
cors_proxy,2026-06-10 21:00:00+00:00,111
cors_proxy,2026-06-10 22:00:00+00:00,111
cors_proxy,2026-06-10 23:00:00+00:00,111
cors_proxy,2026-06-11 00:00:00+00:00,111
cors_proxy,2026-06-11 01:00:00+00:00,111
cors_proxy,2026-06-11 02:00:00+00:00,112
cors_proxy,2026-06-11 03:00:00+00:00,114
cors_proxy,2026-06-11 04:00:00+00:00,118
cors_proxy,2026-06-11 05:00:00+00:00,124
cors_proxy,2026-06-11 06:00:00+00:00,127
cors_proxy,2026-06-11 07:00:00+00:00,132
cors_proxy,2026-06-11 08:00:00+00:00,134
cors_proxy,2026-06-11 09:00:00+00:00,136
cors_proxy,2026-06-11 10:00:00+00:00,139
cors_proxy,2026-06-11 11:00:00+00:00,141
cors_proxy,2026-06-11 12:00:00+00:00,144
cors_proxy,2026-06-11 13:00:00+00:00,148
cors_proxy,2026-06-11 14:00:00+00:00,158
cors_proxy,2026-06-11 15:00:00+00:00,159
cors_proxy,2026-06-11 16:00:00+00:00,161
cors_proxy,2026-06-11 17:00:00+00:00,161
cors_proxy,2026-06-11 18:00:00+00:00,161
cors_proxy,2026-06-11 19:00:00+00:00,162
cors_proxy,2026-06-11 20:00:00+00:00,162
cors_proxy,2026-06-11 21:00:00+00:00,162
cors_proxy,2026-06-11 22:00:00+00:00,162
cors_proxy,2026-06-11 23:00:00+00:00,162
cors_proxy,2026-06-12 00:00:00+00:00,162
cors_proxy,2026-06-12 01:00:00+00:00,162
cors_proxy,2026-06-12 02:00:00+00:00,162
cors_proxy,2026-06-12 03:00:00+00:00,162
cors_proxy,2026-06-12 04:00:00+00:00,162
cors_proxy,2026-06-12 05:00:00+00:00,162
cors_proxy,2026-06-12 06:00:00+00:00,162
cors_proxy,2026-06-12 07:00:00+00:00,162
cors_proxy,2026-06-12 08:00:00+00:00,162
cors_proxy,2026-06-12 09:00:00+00:00,162
cors_proxy,2026-06-12 10:00:00+00:00,162
cors_proxy,2026-06-12 11:00:00+00:00,162
cors_proxy,2026-06-12 12:00:00+00:00,162
cors_proxy,2026-06-12 13:00:00+00:00,162
cors_proxy,2026-06-12 14:00:00+00:00,162
cors_proxy,2026-06-12 15:00:00+00:00,162
cors_proxy,2026-06-12 16:00:00+00:00,162
cors_proxy,2026-06-12 17:00:00+00:00,162
cors_proxy,2026-06-12 18:00:00+00:00,162
cors_proxy,2026-06-12 19:00:00+00:00,162
cors_proxy,2026-06-12 20:00:00+00:00,162
cors_proxy,2026-06-12 21:00:00+00:00,162
cors_proxy,2026-06-12 22:00:00+00:00,162
cors_proxy,2026-06-12 23:00:00+00:00,162
cors_proxy,2026-06-13 00:00:00+00:00,162
cors_proxy,2026-06-13 01:00:00+00:00,162
cors_proxy,2026-06-13 02:00:00+00:00,162
cors_proxy,2026-06-13 03:00:00+00:00,162
cors_proxy,2026-06-13 04:00:00+00:00,162
cors_proxy,2026-06-13 05:00:00+00:00,162
cors_proxy,2026-06-13 06:00:00+00:00,162
cors_proxy,2026-06-13 07:00:00+00:00,162
cors_proxy,2026-06-13 08:00:00+00:00,162
cors_proxy,2026-06-13 09:00:00+00:00,162
cors_proxy,2026-06-13 10:00:00+00:00,162
cors_proxy,2026-06-13 11:00:00+00:00,162
cors_proxy,2026-06-13 12:00:00+00:00,162
cors_proxy,2026-06-13 13:00:00+00:00,162
cors_proxy,2026-06-13 14:00:00+00:00,162
cors_proxy,2026-06-13 15:00:00+00:00,162
cors_proxy,2026-06-13 16:00:00+00:00,162
cors_proxy,2026-06-13 17:00:00+00:00,162
cors_proxy,2026-06-13 18:00:00+00:00,162
cors_proxy,2026-06-13 19:00:00+00:00,162
cors_proxy,2026-06-13 20:00:00+00:00,162
cors_proxy,2026-06-13 21:00:00+00:00,162
cors_proxy,2026-06-13 22:00:00+00:00,162
cors_proxy,2026-06-13 23:00:00+00:00,162
cors_proxy,2026-06-14 00:00:00+00:00,162
cors_proxy,2026-06-14 01:00:00+00:00,162
cors_proxy,2026-06-14 02:00:00+00:00,162
cors_proxy,2026-06-14 03:00:00+00:00,162
cors_proxy,2026-06-14 04:00:00+00:00,162
cors_proxy,2026-06-14 05:00:00+00:00,162
cors_proxy,2026-06-14 06:00:00+00:00,162
cors_proxy,2026-06-14 07:00:00+00:00,162
cors_proxy,2026-06-14 08:00:00+00:00,162
cors_proxy,2026-06-14 09:00:00+00:00,162
cors_proxy,2026-06-14 10:00:00+00:00,162
cors_proxy,2026-06-14 11:00:00+00:00,162
cors_proxy,2026-06-14 12:00:00+00:00,162
cors_proxy,2026-06-14 13:00:00+00:00,162
cors_proxy,2026-06-14 14:00:00+00:00,162
cors_proxy,2026-06-14 15:00:00+00:00,162
cors_proxy,2026-06-14 16:00:00+00:00,162
cors_proxy,2026-06-14 17:00:00+00:00,162
cors_proxy,2026-06-14 18:00:00+00:00,162
cors_proxy,2026-06-14 19:00:00+00:00,162
cors_proxy,2026-06-14 20:00:00+00:00,162
cors_proxy,2026-06-14 21:00:00+00:00,162
cors_proxy,2026-06-14 22:00:00+00:00,162
cors_proxy,2026-06-14 23:00:00+00:00,162
cors_proxy,2026-06-15 00:00:00+00:00,162
cors_proxy,2026-06-15 01:00:00+00:00,162
cors_proxy,2026-06-15 02:00:00+00:00,162
cors_proxy,2026-06-15 03:00:00+00:00,162
cors_proxy,2026-06-15 04:00:00+00:00,162
cors_proxy,2026-06-15 05:00:00+00:00,162
cors_proxy,2026-06-15 06:00:00+00:00,162
cors_proxy,2026-06-15 07:00:00+00:00,162
cors_proxy,2026-06-15 08:00:00+00:00,162
cors_proxy,2026-06-15 09:00:00+00:00,162
cors_proxy,2026-06-15 10:00:00+00:00,162
cors_proxy,2026-06-15 11:00:00+00:00,162
cors_proxy,2026-06-15 12:00:00+00:00,162
cors_proxy,2026-06-15 13:00:00+00:00,162
cors_proxy,2026-06-15 14:00:00+00:00,162
cors_proxy,2026-06-15 15:00:00+00:00,162
cors_proxy,2026-06-15 16:00:00+00:00,162
cors_proxy,2026-06-15 17:00:00+00:00,162
cors_proxy,2026-06-15 18:00:00+00:00,162
cors_proxy,2026-06-15 19:00:00+00:00,162
cors_proxy,2026-06-15 20:00:00+00:00,162
cors_proxy,2026-06-15 21:00:00+00:00,162
cors_proxy,2026-06-15 22:00:00+00:00,162
cors_proxy,2026-06-15 23:00:00+00:00,162
cors_proxy,2026-06-16 00:00:00+00:00,162
cors_proxy,2026-06-16 01:00:00+00:00,162
cors_proxy,2026-06-16 02:00:00+00:00,162
cors_proxy,2026-06-16 03:00:00+00:00,162
cors_proxy,2026-06-16 04:00:00+00:00,162
cors_proxy,2026-06-16 05:00:00+00:00,162
cors_proxy,2026-06-16 06:00:00+00:00,162
cors_proxy,2026-06-16 07:00:00+00:00,164
cors_proxy,2026-06-16 08:00:00+00:00,165
cors_proxy,2026-06-16 09:00:00+00:00,169
cors_proxy,2026-06-16 10:00:00+00:00,169
cors_proxy,2026-06-16 11:00:00+00:00,174
cors_proxy,2026-06-16 12:00:00+00:00,174
cors_proxy,2026-06-16 13:00:00+00:00,175
cors_proxy,2026-06-16 14:00:00+00:00,175
cors_proxy,2026-06-16 15:00:00+00:00,175
cors_proxy,2026-06-16 16:00:00+00:00,175
cors_proxy,2026-06-16 17:00:00+00:00,175
cors_proxy,2026-06-16 18:00:00+00:00,182
cors_proxy,2026-06-16 19:00:00+00:00,192
cors_proxy,2026-06-16 20:00:00+00:00,197
cors_proxy,2026-06-16 21:00:00+00:00,197
cors_proxy,2026-06-16 22:00:00+00:00,197
cors_proxy,2026-06-16 23:00:00+00:00,197
cors_proxy,2026-06-17 00:00:00+00:00,197
cors_proxy,2026-06-17 01:00:00+00:00,200
cors_proxy,2026-06-17 02:00:00+00:00,201
cors_proxy,2026-06-17 03:00:00+00:00,201
cors_proxy,2026-06-17 04:00:00+00:00,201
cors_proxy,2026-06-17 05:00:00+00:00,201
cors_proxy,2026-06-17 06:00:00+00:00,204
cors_proxy,2026-06-17 07:00:00+00:00,207
cors_proxy,2026-06-17 08:00:00+00:00,217
cors_proxy,2026-06-17 09:00:00+00:00,221
cors_proxy,2026-06-17 10:00:00+00:00,221
cors_proxy,2026-06-17 11:00:00+00:00,221
cors_proxy,2026-06-17 12:00:00+00:00,222
cors_proxy,2026-06-17 13:00:00+00:00,222
cors_proxy,2026-06-17 14:00:00+00:00,222
cors_proxy,2026-06-17 15:00:00+00:00,222
cors_proxy,2026-06-17 16:00:00+00:00,222
cors_proxy,2026-06-17 17:00:00+00:00,222
cors_proxy,2026-06-17 18:00:00+00:00,222
cors_proxy,2026-06-17 19:00:00+00:00,222
cors_proxy,2026-06-17 20:00:00+00:00,222
cors_proxy,2026-06-17 21:00:00+00:00,222
cors_proxy,2026-06-17 22:00:00+00:00,222
cors_proxy,2026-06-17 23:00:00+00:00,222
cors_proxy,2026-06-18 00:00:00+00:00,222
cors_proxy,2026-06-18 01:00:00+00:00,222
cors_proxy,2026-06-18 02:00:00+00:00,222
cors_proxy,2026-06-18 03:00:00+00:00,222
cors_proxy,2026-06-18 04:00:00+00:00,222
cors_proxy,2026-06-18 05:00:00+00:00,222
cors_proxy,2026-06-18 06:00:00+00:00,222
cors_proxy,2026-06-18 07:00:00+00:00,222
cors_proxy,2026-06-18 08:00:00+00:00,222
cors_proxy,2026-06-18 09:00:00+00:00,222
cors_proxy,2026-06-18 10:00:00+00:00,222
cors_proxy,2026-06-18 11:00:00+00:00,222
cors_proxy,2026-06-18 12:00:00+00:00,222
cors_proxy,2026-06-18 13:00:00+00:00,222
cors_proxy,2026-06-18 14:00:00+00:00,223
cors_proxy,2026-06-18 15:00:00+00:00,234
cors_proxy,2026-06-18 16:00:00+00:00,254
cors_proxy,2026-06-18 17:00:00+00:00,316
cors_proxy,2026-06-18 18:00:00+00:00,428
cors_proxy,2026-06-18 19:00:00+00:00,536
cors_proxy,2026-06-18 20:00:00+00:00,606
cors_proxy,2026-06-18 21:00:00+00:00,636
cors_proxy,2026-06-18 22:00:00+00:00,636
cors_proxy,2026-06-18 23:00:00+00:00,637
cors_proxy,2026-06-19 00:00:00+00:00,638
cors_proxy,2026-06-19 01:00:00+00:00,639
cors_proxy,2026-06-19 02:00:00+00:00,639
cors_proxy,2026-06-19 03:00:00+00:00,639
cors_proxy,2026-06-19 04:00:00+00:00,640
cors_proxy,2026-06-19 05:00:00+00:00,640
cors_proxy,2026-06-19 06:00:00+00:00,640
cors_proxy,2026-06-19 07:00:00+00:00,640
cors_proxy,2026-06-19 08:00:00+00:00,640
cors_proxy,2026-06-19 09:00:00+00:00,640
cors_proxy,2026-06-19 10:00:00+00:00,640
cors_proxy,2026-06-19 11:00:00+00:00,640
cors_proxy,2026-06-19 12:00:00+00:00,640
cors_proxy,2026-06-19 13:00:00+00:00,640
cors_proxy,2026-06-19 14:00:00+00:00,640
cors_proxy,2026-06-19 15:00:00+00:00,640
cors_proxy,2026-06-19 16:00:00+00:00,640
cors_proxy,2026-06-19 17:00:00+00:00,640
cors_proxy,2026-06-19 18:00:00+00:00,640
cors_proxy,2026-06-19 19:00:00+00:00,640
cors_proxy,2026-06-19 20:00:00+00:00,640
cors_proxy,2026-06-19 21:00:00+00:00,640
cors_proxy,2026-06-19 22:00:00+00:00,640
cors_proxy,2026-06-19 23:00:00+00:00,640
cors_proxy,2026-06-20 00:00:00+00:00,640
cors_proxy,2026-06-20 01:00:00+00:00,640
cors_proxy,2026-06-20 02:00:00+00:00,640
cors_proxy,2026-06-20 03:00:00+00:00,640
cors_proxy,2026-06-20 04:00:00+00:00,640
cors_proxy,2026-06-20 05:00:00+00:00,640
cors_proxy,2026-06-20 06:00:00+00:00,640
cors_proxy,2026-06-20 07:00:00+00:00,640
cors_proxy,2026-06-20 08:00:00+00:00,640
cors_proxy,2026-06-20 09:00:00+00:00,640
cors_proxy,2026-06-20 10:00:00+00:00,640
cors_proxy,2026-06-20 11:00:00+00:00,640
cors_proxy,2026-06-20 12:00:00+00:00,640
cors_proxy,2026-06-20 13:00:00+00:00,641
cors_proxy,2026-06-20 14:00:00+00:00,641
cors_proxy,2026-06-20 15:00:00+00:00,641
cors_proxy,2026-06-20 16:00:00+00:00,641
cors_proxy,2026-06-20 17:00:00+00:00,641
cors_proxy,2026-06-20 18:00:00+00:00,641
cors_proxy,2026-06-20 19:00:00+00:00,641
cors_proxy,2026-06-20 20:00:00+00:00,641
cors_proxy,2026-06-20 21:00:00+00:00,641
cors_proxy,2026-06-20 22:00:00+00:00,641
cors_proxy,2026-06-20 23:00:00+00:00,641
cors_proxy,2026-06-21 00:00:00+00:00,641
cors_proxy,2026-06-21 01:00:00+00:00,641
cors_proxy,2026-06-21 02:00:00+00:00,641
cors_proxy,2026-06-21 03:00:00+00:00,644
cors_proxy,2026-06-21 04:00:00+00:00,644
cors_proxy,2026-06-21 05:00:00+00:00,644
cors_proxy,2026-06-21 06:00:00+00:00,644
cors_proxy,2026-06-21 07:00:00+00:00,644
cors_proxy,2026-06-21 08:00:00+00:00,644
cors_proxy,2026-06-21 09:00:00+00:00,644
cors_proxy,2026-06-21 10:00:00+00:00,644
cors_proxy,2026-06-21 11:00:00+00:00,644
cors_proxy,2026-06-21 12:00:00+00:00,644
cors_proxy,2026-06-21 13:00:00+00:00,644
cors_proxy,2026-06-21 14:00:00+00:00,644
cors_proxy,2026-06-21 15:00:00+00:00,644
cors_proxy,2026-06-21 16:00:00+00:00,644
cors_proxy,2026-06-21 17:00:00+00:00,646
cors_proxy,2026-06-21 18:00:00+00:00,646
cors_proxy,2026-06-21 19:00:00+00:00,646
cors_proxy,2026-06-21 20:00:00+00:00,649
cors_proxy,2026-06-21 21:00:00+00:00,649
cors_proxy,2026-06-21 22:00:00+00:00,649
cors_proxy,2026-06-21 23:00:00+00:00,649
cors_proxy,2026-06-22 00:00:00+00:00,649
cors_proxy,2026-06-22 01:00:00+00:00,649
cors_proxy,2026-06-22 02:00:00+00:00,650
cors_proxy,2026-06-22 03:00:00+00:00,650
cors_proxy,2026-06-22 04:00:00+00:00,650
cors_proxy,2026-06-22 05:00:00+00:00,650
cors_proxy,2026-06-22 06:00:00+00:00,650
cors_proxy,2026-06-22 07:00:00+00:00,650
cors_proxy,2026-06-22 08:00:00+00:00,650
cors_proxy,2026-06-22 09:00:00+00:00,650
cors_proxy,2026-06-22 10:00:00+00:00,650
cors_proxy,2026-06-22 11:00:00+00:00,650
cors_proxy,2026-06-22 12:00:00+00:00,650
cors_proxy,2026-06-22 13:00:00+00:00,650
cors_proxy,2026-06-22 14:00:00+00:00,650
cors_proxy,2026-06-22 15:00:00+00:00,650
cors_proxy,2026-06-22 16:00:00+00:00,650
cors_proxy,2026-06-22 17:00:00+00:00,650
cors_proxy,2026-06-22 18:00:00+00:00,650
cors_proxy,2026-06-22 19:00:00+00:00,650
cors_proxy,2026-06-22 20:00:00+00:00,650
cors_proxy,2026-06-22 21:00:00+00:00,650
cors_proxy,2026-06-22 22:00:00+00:00,650
cors_proxy,2026-06-22 23:00:00+00:00,650
cors_proxy,2026-06-23 00:00:00+00:00,650
cors_proxy,2026-06-23 01:00:00+00:00,650
cors_proxy,2026-06-23 02:00:00+00:00,650
cors_proxy,2026-06-23 03:00:00+00:00,650
cors_proxy,2026-06-23 04:00:00+00:00,650
cors_proxy,2026-06-23 05:00:00+00:00,650
cors_proxy,2026-06-23 06:00:00+00:00,650
cors_proxy,2026-06-23 07:00:00+00:00,650
cors_proxy,2026-06-23 08:00:00+00:00,650
cors_proxy,2026-06-23 09:00:00+00:00,650
cors_proxy,2026-06-23 10:00:00+00:00,650
cors_proxy,2026-06-23 11:00:00+00:00,650
cors_proxy,2026-06-23 12:00:00+00:00,650
cors_proxy,2026-06-23 13:00:00+00:00,650
cors_proxy,2026-06-23 14:00:00+00:00,650
cors_proxy,2026-06-23 15:00:00+00:00,650
cors_proxy,2026-06-23 16:00:00+00:00,650
cors_proxy,2026-06-23 17:00:00+00:00,650
cors_proxy,2026-06-23 18:00:00+00:00,650
cors_proxy,2026-06-23 19:00:00+00:00,650
cors_proxy,2026-06-23 20:00:00+00:00,650
cors_proxy,2026-06-23 21:00:00+00:00,650
cors_proxy,2026-06-23 22:00:00+00:00,650
cors_proxy,2026-06-23 23:00:00+00:00,650
cors_proxy,2026-06-24 00:00:00+00:00,650
cors_proxy,2026-06-24 01:00:00+00:00,650
cors_proxy,2026-06-24 02:00:00+00:00,650
cors_proxy,2026-06-24 03:00:00+00:00,650
cors_proxy,2026-06-24 04:00:00+00:00,650
cors_proxy,2026-06-24 05:00:00+00:00,650
cors_proxy,2026-06-24 06:00:00+00:00,650
cors_proxy,2026-06-24 07:00:00+00:00,650
cors_proxy,2026-06-24 08:00:00+00:00,650
cors_proxy,2026-06-24 09:00:00+00:00,650
cors_proxy,2026-06-24 10:00:00+00:00,650
cors_proxy,2026-06-24 11:00:00+00:00,650
cors_proxy,2026-06-24 12:00:00+00:00,650
cors_proxy,2026-06-24 13:00:00+00:00,650
cors_proxy,2026-06-24 14:00:00+00:00,650
cors_proxy,2026-06-24 15:00:00+00:00,650
cors_proxy,2026-06-24 16:00:00+00:00,650
cors_proxy,2026-06-24 17:00:00+00:00,650
cors_proxy,2026-06-24 18:00:00+00:00,650
cors_proxy,2026-06-24 19:00:00+00:00,650
cors_proxy,2026-06-24 20:00:00+00:00,650
cors_proxy,2026-06-24 21:00:00+00:00,650
cors_proxy,2026-06-24 22:00:00+00:00,650
cors_proxy,2026-06-24 23:00:00+00:00,650
cors_proxy,2026-06-25 00:00:00+00:00,650
cors_proxy,2026-06-25 01:00:00+00:00,650
cors_proxy,2026-06-25 02:00:00+00:00,650
cors_proxy,2026-06-25 03:00:00+00:00,650
cors_proxy,2026-06-25 04:00:00+00:00,650
cors_proxy,2026-06-25 05:00:00+00:00,650
cors_proxy,2026-06-25 06:00:00+00:00,650
cors_proxy,2026-06-25 07:00:00+00:00,650
cors_proxy,2026-06-25 08:00:00+00:00,650
cors_proxy,2026-06-25 09:00:00+00:00,650
cors_proxy,2026-06-25 10:00:00+00:00,650
cors_proxy,2026-06-25 11:00:00+00:00,650
cors_proxy,2026-06-25 12:00:00+00:00,650
cors_proxy,2026-06-25 13:00:00+00:00,650
cors_proxy,2026-06-25 14:00:00+00:00,650
cors_proxy,2026-06-25 15:00:00+00:00,650
cors_proxy,2026-06-25 16:00:00+00:00,650
cors_proxy,2026-06-25 17:00:00+00:00,650
cors_proxy,2026-06-25 18:00:00+00:00,650
cors_proxy,2026-06-25 19:00:00+00:00,650
cors_proxy,2026-06-25 20:00:00+00:00,650
cors_proxy,2026-06-25 21:00:00+00:00,650
cors_proxy,2026-06-25 22:00:00+00:00,650
cors_proxy,2026-06-25 23:00:00+00:00,650
cors_proxy,2026-06-26 00:00:00+00:00,650
cors_proxy,2026-06-26 01:00:00+00:00,650
cors_proxy,2026-06-26 02:00:00+00:00,650
cors_proxy,2026-06-26 03:00:00+00:00,650
cors_proxy,2026-06-26 04:00:00+00:00,650
cors_proxy,2026-06-26 05:00:00+00:00,650
cors_proxy,2026-06-26 06:00:00+00:00,650
cors_proxy,2026-06-26 07:00:00+00:00,650
cors_proxy,2026-06-26 08:00:00+00:00,650
cors_proxy,2026-06-26 09:00:00+00:00,650
cors_proxy,2026-06-26 10:00:00+00:00,650
cors_proxy,2026-06-26 11:00:00+00:00,650
cors_proxy,2026-06-26 12:00:00+00:00,650
cors_proxy,2026-06-26 13:00:00+00:00,650
cors_proxy,2026-06-26 14:00:00+00:00,650
cors_proxy,2026-06-26 15:00:00+00:00,650
cors_proxy,2026-06-26 16:00:00+00:00,650
cors_proxy,2026-06-26 17:00:00+00:00,650
cors_proxy,2026-06-26 18:00:00+00:00,650
cors_proxy,2026-06-26 19:00:00+00:00,650
cors_proxy,2026-06-26 20:00:00+00:00,650
cors_proxy,2026-06-26 21:00:00+00:00,650
cors_proxy,2026-06-26 22:00:00+00:00,650
cors_proxy,2026-06-26 23:00:00+00:00,650
cors_proxy,2026-06-27 00:00:00+00:00,650
cors_proxy,2026-06-27 01:00:00+00:00,650
cors_proxy,2026-06-27 02:00:00+00:00,650
cors_proxy,2026-06-27 03:00:00+00:00,650
cors_proxy,2026-06-27 04:00:00+00:00,650
cors_proxy,2026-06-27 05:00:00+00:00,650
cors_proxy,2026-06-27 06:00:00+00:00,650
cors_proxy,2026-06-27 07:00:00+00:00,650
cors_proxy,2026-06-27 08:00:00+00:00,650
cors_proxy,2026-06-27 09:00:00+00:00,650
cors_proxy,2026-06-27 10:00:00+00:00,650
cors_proxy,2026-06-27 11:00:00+00:00,650
cors_proxy,2026-06-27 12:00:00+00:00,650
cors_proxy,2026-06-27 13:00:00+00:00,650
cors_proxy,2026-06-27 14:00:00+00:00,650
cors_proxy,2026-06-27 15:00:00+00:00,650
cors_proxy,2026-06-27 16:00:00+00:00,650
cors_proxy,2026-06-27 17:00:00+00:00,650
cors_proxy,2026-06-27 18:00:00+00:00,650
cors_proxy,2026-06-27 19:00:00+00:00,650
cors_proxy,2026-06-27 20:00:00+00:00,650
cors_proxy,2026-06-27 21:00:00+00:00,650
cors_proxy,2026-06-27 22:00:00+00:00,650
cors_proxy,2026-06-27 23:00:00+00:00,650
cors_proxy,2026-06-28 00:00:00+00:00,650
cors_proxy,2026-06-28 01:00:00+00:00,650
cors_proxy,2026-06-28 02:00:00+00:00,650
cors_proxy,2026-06-28 03:00:00+00:00,650
cors_proxy,2026-06-28 04:00:00+00:00,650
cors_proxy,2026-06-28 05:00:00+00:00,650
cors_proxy,2026-06-28 06:00:00+00:00,650
cors_proxy,2026-06-28 07:00:00+00:00,650
cors_proxy,2026-06-28 08:00:00+00:00,650
cors_proxy,2026-06-28 09:00:00+00:00,650
cors_proxy,2026-06-28 10:00:00+00:00,650
cors_proxy,2026-06-28 11:00:00+00:00,650
cors_proxy,2026-06-28 12:00:00+00:00,650
cors_proxy,2026-06-28 13:00:00+00:00,650
cors_proxy,2026-06-28 14:00:00+00:00,650
cors_proxy,2026-06-28 15:00:00+00:00,650
cors_proxy,2026-06-28 16:00:00+00:00,650
cors_proxy,2026-06-28 17:00:00+00:00,650
cors_proxy,2026-06-28 18:00:00+00:00,650
cors_proxy,2026-06-28 19:00:00+00:00,650
cors_proxy,2026-06-28 20:00:00+00:00,650
cors_proxy,2026-06-28 21:00:00+00:00,650
cors_proxy,2026-06-28 22:00:00+00:00,650
cors_proxy,2026-06-28 23:00:00+00:00,650
cors_proxy,2026-06-29 00:00:00+00:00,650
cors_proxy,2026-06-29 01:00:00+00:00,650
cors_proxy,2026-06-29 02:00:00+00:00,650
cors_proxy,2026-06-29 03:00:00+00:00,650
cors_proxy,2026-06-29 04:00:00+00:00,650
cors_proxy,2026-06-29 05:00:00+00:00,650
cors_proxy,2026-06-29 06:00:00+00:00,650
cors_proxy,2026-06-29 07:00:00+00:00,650
cors_proxy,2026-06-29 08:00:00+00:00,650
cors_proxy,2026-06-29 09:00:00+00:00,650
cors_proxy,2026-06-29 10:00:00+00:00,650
cors_proxy,2026-06-29 11:00:00+00:00,650
cors_proxy,2026-06-29 12:00:00+00:00,650
cors_proxy,2026-06-29 13:00:00+00:00,650
cors_proxy,2026-06-29 14:00:00+00:00,650
cors_proxy,2026-06-29 15:00:00+00:00,650
cors_proxy,2026-06-29 16:00:00+00:00,650
cors_proxy,2026-06-29 17:00:00+00:00,650
cors_proxy,2026-06-29 18:00:00+00:00,650
cors_proxy,2026-06-29 19:00:00+00:00,650
cors_proxy,2026-06-29 20:00:00+00:00,650
cors_proxy,2026-06-29 21:00:00+00:00,650
cors_proxy,2026-06-29 22:00:00+00:00,650
cors_proxy,2026-06-29 23:00:00+00:00,650
cors_proxy,2026-06-30 00:00:00+00:00,650
cors_proxy,2026-06-30 01:00:00+00:00,650
cors_proxy,2026-06-30 02:00:00+00:00,650
cors_proxy,2026-06-30 03:00:00+00:00,650
cors_proxy,2026-06-30 04:00:00+00:00,650
cors_proxy,2026-06-30 05:00:00+00:00,650
cors_proxy,2026-06-30 06:00:00+00:00,650
cors_proxy,2026-06-30 07:00:00+00:00,650
cors_proxy,2026-06-30 08:00:00+00:00,650
cors_proxy,2026-06-30 09:00:00+00:00,650
cors_proxy,2026-06-30 10:00:00+00:00,650
cors_proxy,2026-06-30 11:00:00+00:00,650
cors_proxy,2026-06-30 12:00:00+00:00,650
cors_proxy,2026-06-30 13:00:00+00:00,650
cors_proxy,2026-06-30 14:00:00+00:00,650
cors_proxy,2026-06-30 15:00:00+00:00,650
cors_proxy,2026-06-30 16:00:00+00:00,650
cors_proxy,2026-06-30 17:00:00+00:00,650
cors_proxy,2026-06-30 18:00:00+00:00,650
cors_proxy,2026-06-30 19:00:00+00:00,650
cors_proxy,2026-06-30 20:00:00+00:00,650
cors_proxy,2026-06-30 21:00:00+00:00,650
cors_proxy,2026-06-30 22:00:00+00:00,650
cors_proxy,2026-06-30 23:00:00+00:00,650
cors_proxy,2026-07-01 00:00:00+00:00,650
cors_proxy,2026-07-01 01:00:00+00:00,650
cors_proxy,2026-07-01 02:00:00+00:00,650
cors_proxy,2026-07-01 03:00:00+00:00,650
cors_proxy,2026-07-01 04:00:00+00:00,650
cors_proxy,2026-07-01 05:00:00+00:00,650
cors_proxy,2026-07-01 06:00:00+00:00,650
cors_proxy,2026-07-01 07:00:00+00:00,650
cors_proxy,2026-07-01 08:00:00+00:00,650
cors_proxy,2026-07-01 09:00:00+00:00,650
cors_proxy,2026-07-01 10:00:00+00:00,651
cors_proxy,2026-07-01 11:00:00+00:00,651
cors_proxy,2026-07-01 12:00:00+00:00,651
cors_proxy,2026-07-01 13:00:00+00:00,651
cors_proxy,2026-07-01 14:00:00+00:00,651
cors_proxy,2026-07-01 15:00:00+00:00,651
cors_proxy,2026-07-01 16:00:00+00:00,651
cors_proxy,2026-07-01 17:00:00+00:00,651
cors_proxy,2026-07-01 18:00:00+00:00,651
cors_proxy,2026-07-01 19:00:00+00:00,651
cors_proxy,2026-07-01 20:00:00+00:00,651
cors_proxy,2026-07-01 21:00:00+00:00,651
cors_proxy,2026-07-01 22:00:00+00:00,651
cors_proxy,2026-07-01 23:00:00+00:00,651
cors_proxy,2026-07-02 00:00:00+00:00,651
cors_proxy,2026-07-02 01:00:00+00:00,651
cors_proxy,2026-07-02 02:00:00+00:00,651
cors_proxy,2026-07-02 03:00:00+00:00,651
cors_proxy,2026-07-02 04:00:00+00:00,651
cors_proxy,2026-07-02 05:00:00+00:00,651
cors_proxy,2026-07-02 06:00:00+00:00,651
cors_proxy,2026-07-02 07:00:00+00:00,651
cors_proxy,2026-07-02 08:00:00+00:00,651
cors_proxy,2026-07-02 09:00:00+00:00,651
cors_proxy,2026-07-02 10:00:00+00:00,651
cors_proxy,2026-07-02 11:00:00+00:00,651
cors_proxy,2026-07-02 12:00:00+00:00,651
cors_proxy,2026-07-02 13:00:00+00:00,651
cors_proxy,2026-07-02 14:00:00+00:00,651
cors_proxy,2026-07-02 15:00:00+00:00,651
cors_proxy,2026-07-02 16:00:00+00:00,651
cors_proxy,2026-07-02 17:00:00+00:00,651
json_query,2026-05-24 06:00:00+00:00,0
json_query,2026-05-24 07:00:00+00:00,0
json_query,2026-05-24 08:00:00+00:00,0
json_query,2026-05-24 09:00:00+00:00,0
json_query,2026-05-24 10:00:00+00:00,0
json_query,2026-05-24 11:00:00+00:00,0
json_query,2026-05-24 12:00:00+00:00,0
json_query,2026-05-24 13:00:00+00:00,0
json_query,2026-05-24 14:00:00+00:00,0
json_query,2026-05-24 15:00:00+00:00,0
json_query,2026-05-24 16:00:00+00:00,0
json_query,2026-05-24 17:00:00+00:00,0
json_query,2026-05-24 18:00:00+00:00,0
json_query,2026-05-24 19:00:00+00:00,0
json_query,2026-05-24 20:00:00+00:00,0
json_query,2026-05-24 21:00:00+00:00,0
json_query,2026-05-24 22:00:00+00:00,0
json_query,2026-05-24 23:00:00+00:00,0
json_query,2026-05-25 00:00:00+00:00,0
json_query,2026-05-25 01:00:00+00:00,0
json_query,2026-05-25 02:00:00+00:00,0
json_query,2026-05-25 03:00:00+00:00,0
json_query,2026-05-25 04:00:00+00:00,0
json_query,2026-05-25 05:00:00+00:00,0
json_query,2026-05-25 06:00:00+00:00,0
json_query,2026-05-25 07:00:00+00:00,0
json_query,2026-05-25 08:00:00+00:00,0
json_query,2026-05-25 09:00:00+00:00,0
json_query,2026-05-25 10:00:00+00:00,0
json_query,2026-05-25 11:00:00+00:00,0
json_query,2026-05-25 12:00:00+00:00,0
json_query,2026-05-25 13:00:00+00:00,0
json_query,2026-05-25 14:00:00+00:00,0
json_query,2026-05-25 15:00:00+00:00,0
json_query,2026-05-25 16:00:00+00:00,0
json_query,2026-05-25 17:00:00+00:00,0
json_query,2026-05-25 18:00:00+00:00,0
json_query,2026-05-25 19:00:00+00:00,0
json_query,2026-05-25 20:00:00+00:00,0
json_query,2026-05-25 21:00:00+00:00,0
json_query,2026-05-25 22:00:00+00:00,0
json_query,2026-05-25 23:00:00+00:00,0
json_query,2026-05-26 00:00:00+00:00,0
json_query,2026-05-26 01:00:00+00:00,0
json_query,2026-05-26 02:00:00+00:00,0
json_query,2026-05-26 03:00:00+00:00,0
json_query,2026-05-26 04:00:00+00:00,0
json_query,2026-05-26 05:00:00+00:00,0
json_query,2026-05-26 06:00:00+00:00,0
json_query,2026-05-26 07:00:00+00:00,0
json_query,2026-05-26 08:00:00+00:00,0
json_query,2026-05-26 09:00:00+00:00,0
json_query,2026-05-26 10:00:00+00:00,0
json_query,2026-05-26 11:00:00+00:00,0
json_query,2026-05-26 12:00:00+00:00,0
json_query,2026-05-26 13:00:00+00:00,0
json_query,2026-05-26 14:00:00+00:00,0
json_query,2026-05-26 15:00:00+00:00,0
json_query,2026-05-26 16:00:00+00:00,1
json_query,2026-05-26 17:00:00+00:00,1
json_query,2026-05-26 18:00:00+00:00,1
json_query,2026-05-26 19:00:00+00:00,1
json_query,2026-05-26 20:00:00+00:00,1
json_query,2026-05-26 21:00:00+00:00,1
json_query,2026-05-26 22:00:00+00:00,1
json_query,2026-05-26 23:00:00+00:00,1
json_query,2026-05-27 00:00:00+00:00,1
json_query,2026-05-27 01:00:00+00:00,1
json_query,2026-05-27 02:00:00+00:00,1
json_query,2026-05-27 03:00:00+00:00,1
json_query,2026-05-27 04:00:00+00:00,1
json_query,2026-05-27 05:00:00+00:00,1
json_query,2026-05-27 06:00:00+00:00,1
json_query,2026-05-27 07:00:00+00:00,1
json_query,2026-05-27 08:00:00+00:00,1
json_query,2026-05-27 09:00:00+00:00,1
json_query,2026-05-27 10:00:00+00:00,1
json_query,2026-05-27 11:00:00+00:00,1
json_query,2026-05-27 12:00:00+00:00,1
json_query,2026-05-27 13:00:00+00:00,1
json_query,2026-05-27 14:00:00+00:00,1
json_query,2026-05-27 15:00:00+00:00,1
json_query,2026-05-27 16:00:00+00:00,1
json_query,2026-05-27 17:00:00+00:00,1
json_query,2026-05-27 18:00:00+00:00,1
json_query,2026-05-27 19:00:00+00:00,1
json_query,2026-05-27 20:00:00+00:00,1
json_query,2026-05-27 21:00:00+00:00,1
json_query,2026-05-27 22:00:00+00:00,1
json_query,2026-05-27 23:00:00+00:00,1
json_query,2026-05-28 00:00:00+00:00,1
json_query,2026-05-28 01:00:00+00:00,1
json_query,2026-05-28 02:00:00+00:00,1
json_query,2026-05-28 03:00:00+00:00,1
json_query,2026-05-28 04:00:00+00:00,1
json_query,2026-05-28 05:00:00+00:00,1
json_query,2026-05-28 06:00:00+00:00,1
json_query,2026-05-28 07:00:00+00:00,1
json_query,2026-05-28 08:00:00+00:00,1
json_query,2026-05-28 09:00:00+00:00,1
json_query,2026-05-28 10:00:00+00:00,1
json_query,2026-05-28 11:00:00+00:00,1
json_query,2026-05-28 12:00:00+00:00,1
json_query,2026-05-28 13:00:00+00:00,11
json_query,2026-05-28 14:00:00+00:00,16
json_query,2026-05-28 15:00:00+00:00,17
json_query,2026-05-28 16:00:00+00:00,18
json_query,2026-05-28 17:00:00+00:00,18
json_query,2026-05-28 18:00:00+00:00,18
json_query,2026-05-28 19:00:00+00:00,18
json_query,2026-05-28 20:00:00+00:00,18
json_query,2026-05-28 21:00:00+00:00,19
json_query,2026-05-28 22:00:00+00:00,19
json_query,2026-05-28 23:00:00+00:00,23
json_query,2026-05-29 00:00:00+00:00,23
json_query,2026-05-29 01:00:00+00:00,23
json_query,2026-05-29 02:00:00+00:00,23
json_query,2026-05-29 03:00:00+00:00,23
json_query,2026-05-29 04:00:00+00:00,23
json_query,2026-05-29 05:00:00+00:00,23
json_query,2026-05-29 06:00:00+00:00,23
json_query,2026-05-29 07:00:00+00:00,23
json_query,2026-05-29 08:00:00+00:00,23
json_query,2026-05-29 09:00:00+00:00,23
json_query,2026-05-29 10:00:00+00:00,23
json_query,2026-05-29 11:00:00+00:00,23
json_query,2026-05-29 12:00:00+00:00,23
json_query,2026-05-29 13:00:00+00:00,23
json_query,2026-05-29 14:00:00+00:00,23
json_query,2026-05-29 15:00:00+00:00,23
json_query,2026-05-29 16:00:00+00:00,23
json_query,2026-05-29 17:00:00+00:00,23
json_query,2026-05-29 18:00:00+00:00,23
json_query,2026-05-29 19:00:00+00:00,23
json_query,2026-05-29 20:00:00+00:00,23
json_query,2026-05-29 21:00:00+00:00,23
json_query,2026-05-29 22:00:00+00:00,24
json_query,2026-05-29 23:00:00+00:00,25
json_query,2026-05-30 00:00:00+00:00,25
json_query,2026-05-30 01:00:00+00:00,25
json_query,2026-05-30 02:00:00+00:00,25
json_query,2026-05-30 03:00:00+00:00,25
json_query,2026-05-30 04:00:00+00:00,25
json_query,2026-05-30 05:00:00+00:00,25
json_query,2026-05-30 06:00:00+00:00,25
json_query,2026-05-30 07:00:00+00:00,25
json_query,2026-05-30 08:00:00+00:00,25
json_query,2026-05-30 09:00:00+00:00,25
json_query,2026-05-30 10:00:00+00:00,25
json_query,2026-05-30 11:00:00+00:00,25
json_query,2026-05-30 12:00:00+00:00,25
json_query,2026-05-30 13:00:00+00:00,25
json_query,2026-05-30 14:00:00+00:00,25
json_query,2026-05-30 15:00:00+00:00,25
json_query,2026-05-30 16:00:00+00:00,25
json_query,2026-05-30 17:00:00+00:00,25
json_query,2026-05-30 18:00:00+00:00,25
json_query,2026-05-30 19:00:00+00:00,25
json_query,2026-05-30 20:00:00+00:00,25
json_query,2026-05-30 21:00:00+00:00,25
json_query,2026-05-30 22:00:00+00:00,25
json_query,2026-05-30 23:00:00+00:00,25
json_query,2026-05-31 00:00:00+00:00,25
json_query,2026-05-31 01:00:00+00:00,25
json_query,2026-05-31 02:00:00+00:00,25
json_query,2026-05-31 03:00:00+00:00,25
json_query,2026-05-31 04:00:00+00:00,25
json_query,2026-05-31 05:00:00+00:00,25
json_query,2026-05-31 06:00:00+00:00,25
json_query,2026-05-31 07:00:00+00:00,25
json_query,2026-05-31 08:00:00+00:00,25
json_query,2026-05-31 09:00:00+00:00,25
json_query,2026-05-31 10:00:00+00:00,25
json_query,2026-05-31 11:00:00+00:00,25
json_query,2026-05-31 12:00:00+00:00,25
json_query,2026-05-31 13:00:00+00:00,25
json_query,2026-05-31 14:00:00+00:00,25
json_query,2026-05-31 15:00:00+00:00,25
json_query,2026-05-31 16:00:00+00:00,25
json_query,2026-05-31 17:00:00+00:00,25
json_query,2026-05-31 18:00:00+00:00,25
json_query,2026-05-31 19:00:00+00:00,25
json_query,2026-05-31 20:00:00+00:00,25
json_query,2026-05-31 21:00:00+00:00,25
json_query,2026-05-31 22:00:00+00:00,25
json_query,2026-05-31 23:00:00+00:00,25
json_query,2026-06-01 00:00:00+00:00,25
json_query,2026-06-01 01:00:00+00:00,25
json_query,2026-06-01 02:00:00+00:00,25
json_query,2026-06-01 03:00:00+00:00,25
json_query,2026-06-01 04:00:00+00:00,25
json_query,2026-06-01 05:00:00+00:00,25
json_query,2026-06-01 06:00:00+00:00,25
json_query,2026-06-01 07:00:00+00:00,25
json_query,2026-06-01 08:00:00+00:00,25
json_query,2026-06-01 09:00:00+00:00,25
json_query,2026-06-01 10:00:00+00:00,25
json_query,2026-06-01 11:00:00+00:00,25
json_query,2026-06-01 12:00:00+00:00,25
json_query,2026-06-01 13:00:00+00:00,26
json_query,2026-06-01 14:00:00+00:00,42
json_query,2026-06-01 15:00:00+00:00,44
json_query,2026-06-01 16:00:00+00:00,44
json_query,2026-06-01 17:00:00+00:00,44
json_query,2026-06-01 18:00:00+00:00,44
json_query,2026-06-01 19:00:00+00:00,44
json_query,2026-06-01 20:00:00+00:00,44
json_query,2026-06-01 21:00:00+00:00,44
json_query,2026-06-01 22:00:00+00:00,44
json_query,2026-06-01 23:00:00+00:00,44
json_query,2026-06-02 00:00:00+00:00,44
json_query,2026-06-02 01:00:00+00:00,44
json_query,2026-06-02 02:00:00+00:00,44
json_query,2026-06-02 03:00:00+00:00,44
json_query,2026-06-02 04:00:00+00:00,44
json_query,2026-06-02 05:00:00+00:00,44
json_query,2026-06-02 06:00:00+00:00,44
json_query,2026-06-02 07:00:00+00:00,44
json_query,2026-06-02 08:00:00+00:00,45
json_query,2026-06-02 09:00:00+00:00,46
json_query,2026-06-02 10:00:00+00:00,46
json_query,2026-06-02 11:00:00+00:00,46
json_query,2026-06-02 12:00:00+00:00,46
json_query,2026-06-02 13:00:00+00:00,46
json_query,2026-06-02 14:00:00+00:00,46
json_query,2026-06-02 15:00:00+00:00,46
json_query,2026-06-02 16:00:00+00:00,46
json_query,2026-06-02 17:00:00+00:00,46
json_query,2026-06-02 18:00:00+00:00,46
json_query,2026-06-02 19:00:00+00:00,46
json_query,2026-06-02 20:00:00+00:00,46
json_query,2026-06-02 21:00:00+00:00,46
json_query,2026-06-02 22:00:00+00:00,46
json_query,2026-06-02 23:00:00+00:00,46
json_query,2026-06-03 00:00:00+00:00,46
json_query,2026-06-03 01:00:00+00:00,46
json_query,2026-06-03 02:00:00+00:00,46
json_query,2026-06-03 03:00:00+00:00,46
json_query,2026-06-03 04:00:00+00:00,46
json_query,2026-06-03 05:00:00+00:00,46
json_query,2026-06-03 06:00:00+00:00,46
json_query,2026-06-03 07:00:00+00:00,46
json_query,2026-06-03 08:00:00+00:00,46
json_query,2026-06-03 09:00:00+00:00,46
json_query,2026-06-03 10:00:00+00:00,46
json_query,2026-06-03 11:00:00+00:00,46
json_query,2026-06-03 12:00:00+00:00,46
json_query,2026-06-03 13:00:00+00:00,46
json_query,2026-06-03 14:00:00+00:00,46
json_query,2026-06-03 15:00:00+00:00,46
json_query,2026-06-03 16:00:00+00:00,46
json_query,2026-06-03 17:00:00+00:00,46
json_query,2026-06-03 18:00:00+00:00,46
json_query,2026-06-03 19:00:00+00:00,46
json_query,2026-06-03 20:00:00+00:00,46
json_query,2026-06-03 21:00:00+00:00,46
json_query,2026-06-03 22:00:00+00:00,46
json_query,2026-06-03 23:00:00+00:00,46
json_query,2026-06-04 00:00:00+00:00,46
json_query,2026-06-04 01:00:00+00:00,46
json_query,2026-06-04 02:00:00+00:00,46
json_query,2026-06-04 03:00:00+00:00,46
json_query,2026-06-04 04:00:00+00:00,46
json_query,2026-06-04 05:00:00+00:00,46
json_query,2026-06-04 06:00:00+00:00,46
json_query,2026-06-04 07:00:00+00:00,46
json_query,2026-06-04 08:00:00+00:00,46
json_query,2026-06-04 09:00:00+00:00,46
json_query,2026-06-04 10:00:00+00:00,46
json_query,2026-06-04 11:00:00+00:00,46
json_query,2026-06-04 12:00:00+00:00,46
json_query,2026-06-04 13:00:00+00:00,46
json_query,2026-06-04 14:00:00+00:00,46
json_query,2026-06-04 15:00:00+00:00,46
json_query,2026-06-04 16:00:00+00:00,46
json_query,2026-06-04 17:00:00+00:00,47
json_query,2026-06-04 18:00:00+00:00,47
json_query,2026-06-04 19:00:00+00:00,47
json_query,2026-06-04 20:00:00+00:00,47
json_query,2026-06-04 21:00:00+00:00,47
json_query,2026-06-04 22:00:00+00:00,47
json_query,2026-06-04 23:00:00+00:00,47
json_query,2026-06-05 00:00:00+00:00,47
json_query,2026-06-05 01:00:00+00:00,47
json_query,2026-06-05 02:00:00+00:00,47
json_query,2026-06-05 03:00:00+00:00,47
json_query,2026-06-05 04:00:00+00:00,47
json_query,2026-06-05 05:00:00+00:00,47
json_query,2026-06-05 06:00:00+00:00,47
json_query,2026-06-05 07:00:00+00:00,47
json_query,2026-06-05 08:00:00+00:00,47
json_query,2026-06-05 09:00:00+00:00,47
json_query,2026-06-05 10:00:00+00:00,47
json_query,2026-06-05 11:00:00+00:00,47
json_query,2026-06-05 12:00:00+00:00,47
json_query,2026-06-05 13:00:00+00:00,47
json_query,2026-06-05 14:00:00+00:00,47
json_query,2026-06-05 15:00:00+00:00,47
json_query,2026-06-05 16:00:00+00:00,47
json_query,2026-06-05 17:00:00+00:00,47
json_query,2026-06-05 18:00:00+00:00,47
json_query,2026-06-05 19:00:00+00:00,47
json_query,2026-06-05 20:00:00+00:00,47
json_query,2026-06-05 21:00:00+00:00,47
json_query,2026-06-05 22:00:00+00:00,47
json_query,2026-06-05 23:00:00+00:00,47
json_query,2026-06-06 00:00:00+00:00,47
json_query,2026-06-06 01:00:00+00:00,47
json_query,2026-06-06 02:00:00+00:00,47
json_query,2026-06-06 03:00:00+00:00,47
json_query,2026-06-06 04:00:00+00:00,47
json_query,2026-06-06 05:00:00+00:00,47
json_query,2026-06-06 06:00:00+00:00,47
json_query,2026-06-06 07:00:00+00:00,47
json_query,2026-06-06 08:00:00+00:00,47
json_query,2026-06-06 09:00:00+00:00,47
json_query,2026-06-06 10:00:00+00:00,47
json_query,2026-06-06 11:00:00+00:00,47
json_query,2026-06-06 12:00:00+00:00,47
json_query,2026-06-06 13:00:00+00:00,47
json_query,2026-06-06 14:00:00+00:00,47
json_query,2026-06-06 15:00:00+00:00,47
json_query,2026-06-06 16:00:00+00:00,47
json_query,2026-06-06 17:00:00+00:00,47
json_query,2026-06-06 18:00:00+00:00,47
json_query,2026-06-06 19:00:00+00:00,47
json_query,2026-06-06 20:00:00+00:00,47
json_query,2026-06-06 21:00:00+00:00,47
json_query,2026-06-06 22:00:00+00:00,47
json_query,2026-06-06 23:00:00+00:00,47
json_query,2026-06-07 00:00:00+00:00,47
json_query,2026-06-07 01:00:00+00:00,47
json_query,2026-06-07 02:00:00+00:00,47
json_query,2026-06-07 03:00:00+00:00,47
json_query,2026-06-07 04:00:00+00:00,47
json_query,2026-06-07 05:00:00+00:00,47
json_query,2026-06-07 06:00:00+00:00,47
json_query,2026-06-07 07:00:00+00:00,47
json_query,2026-06-07 08:00:00+00:00,47
json_query,2026-06-07 09:00:00+00:00,47
json_query,2026-06-07 10:00:00+00:00,47
json_query,2026-06-07 11:00:00+00:00,47
json_query,2026-06-07 12:00:00+00:00,47
json_query,2026-06-07 13:00:00+00:00,47
json_query,2026-06-07 14:00:00+00:00,47
json_query,2026-06-07 15:00:00+00:00,47
json_query,2026-06-07 16:00:00+00:00,47
json_query,2026-06-07 17:00:00+00:00,47
json_query,2026-06-07 18:00:00+00:00,47
json_query,2026-06-07 19:00:00+00:00,47
json_query,2026-06-07 20:00:00+00:00,47
json_query,2026-06-07 21:00:00+00:00,47
json_query,2026-06-07 22:00:00+00:00,47
json_query,2026-06-07 23:00:00+00:00,47
json_query,2026-06-08 00:00:00+00:00,47
json_query,2026-06-08 01:00:00+00:00,47
json_query,2026-06-08 02:00:00+00:00,47
json_query,2026-06-08 03:00:00+00:00,48
json_query,2026-06-08 04:00:00+00:00,48
json_query,2026-06-08 05:00:00+00:00,48
json_query,2026-06-08 06:00:00+00:00,48
json_query,2026-06-08 07:00:00+00:00,48
json_query,2026-06-08 08:00:00+00:00,48
json_query,2026-06-08 09:00:00+00:00,48
json_query,2026-06-08 10:00:00+00:00,48
json_query,2026-06-08 11:00:00+00:00,48
json_query,2026-06-08 12:00:00+00:00,48
json_query,2026-06-08 13:00:00+00:00,48
json_query,2026-06-08 14:00:00+00:00,48
json_query,2026-06-08 15:00:00+00:00,48
json_query,2026-06-08 16:00:00+00:00,48
json_query,2026-06-08 17:00:00+00:00,48
json_query,2026-06-08 18:00:00+00:00,48
json_query,2026-06-08 19:00:00+00:00,48
json_query,2026-06-08 20:00:00+00:00,48
json_query,2026-06-08 21:00:00+00:00,48
json_query,2026-06-08 22:00:00+00:00,48
json_query,2026-06-08 23:00:00+00:00,48
json_query,2026-06-09 00:00:00+00:00,48
json_query,2026-06-09 01:00:00+00:00,48
json_query,2026-06-09 02:00:00+00:00,48
json_query,2026-06-09 03:00:00+00:00,48
json_query,2026-06-09 04:00:00+00:00,48
json_query,2026-06-09 05:00:00+00:00,48
json_query,2026-06-09 06:00:00+00:00,48
json_query,2026-06-09 07:00:00+00:00,48
json_query,2026-06-09 08:00:00+00:00,48
json_query,2026-06-09 09:00:00+00:00,48
json_query,2026-06-09 10:00:00+00:00,48
json_query,2026-06-09 11:00:00+00:00,48
json_query,2026-06-09 12:00:00+00:00,48
json_query,2026-06-09 13:00:00+00:00,48
json_query,2026-06-09 14:00:00+00:00,48
json_query,2026-06-09 15:00:00+00:00,48
json_query,2026-06-09 16:00:00+00:00,48
json_query,2026-06-09 17:00:00+00:00,48
json_query,2026-06-09 18:00:00+00:00,48
json_query,2026-06-09 19:00:00+00:00,48
json_query,2026-06-09 20:00:00+00:00,48
json_query,2026-06-09 21:00:00+00:00,48
json_query,2026-06-09 22:00:00+00:00,48
json_query,2026-06-09 23:00:00+00:00,48
json_query,2026-06-10 00:00:00+00:00,48
json_query,2026-06-10 01:00:00+00:00,48
json_query,2026-06-10 02:00:00+00:00,48
json_query,2026-06-10 03:00:00+00:00,48
json_query,2026-06-10 04:00:00+00:00,48
json_query,2026-06-10 05:00:00+00:00,48
json_query,2026-06-10 06:00:00+00:00,48
json_query,2026-06-10 07:00:00+00:00,48
json_query,2026-06-10 08:00:00+00:00,48
json_query,2026-06-10 09:00:00+00:00,48
json_query,2026-06-10 10:00:00+00:00,48
json_query,2026-06-10 11:00:00+00:00,48
json_query,2026-06-10 12:00:00+00:00,48
json_query,2026-06-10 13:00:00+00:00,48
json_query,2026-06-10 14:00:00+00:00,48
json_query,2026-06-10 15:00:00+00:00,48
json_query,2026-06-10 16:00:00+00:00,48
json_query,2026-06-10 17:00:00+00:00,48
json_query,2026-06-10 18:00:00+00:00,48
json_query,2026-06-10 19:00:00+00:00,48
json_query,2026-06-10 20:00:00+00:00,48
json_query,2026-06-10 21:00:00+00:00,48
json_query,2026-06-10 22:00:00+00:00,48
json_query,2026-06-10 23:00:00+00:00,48
json_query,2026-06-11 00:00:00+00:00,48
json_query,2026-06-11 01:00:00+00:00,48
json_query,2026-06-11 02:00:00+00:00,48
json_query,2026-06-11 03:00:00+00:00,49
json_query,2026-06-11 04:00:00+00:00,49
json_query,2026-06-11 05:00:00+00:00,49
json_query,2026-06-11 06:00:00+00:00,49
json_query,2026-06-11 07:00:00+00:00,49
json_query,2026-06-11 08:00:00+00:00,49
json_query,2026-06-11 09:00:00+00:00,49
json_query,2026-06-11 10:00:00+00:00,49
json_query,2026-06-11 11:00:00+00:00,49
json_query,2026-06-11 12:00:00+00:00,49
json_query,2026-06-11 13:00:00+00:00,51
json_query,2026-06-11 14:00:00+00:00,53
json_query,2026-06-11 15:00:00+00:00,53
json_query,2026-06-11 16:00:00+00:00,53
json_query,2026-06-11 17:00:00+00:00,53
json_query,2026-06-11 18:00:00+00:00,53
json_query,2026-06-11 19:00:00+00:00,53
json_query,2026-06-11 20:00:00+00:00,53
json_query,2026-06-11 21:00:00+00:00,53
json_query,2026-06-11 22:00:00+00:00,53
json_query,2026-06-11 23:00:00+00:00,53
json_query,2026-06-12 00:00:00+00:00,53
json_query,2026-06-12 01:00:00+00:00,53
json_query,2026-06-12 02:00:00+00:00,53
json_query,2026-06-12 03:00:00+00:00,53
json_query,2026-06-12 04:00:00+00:00,53
json_query,2026-06-12 05:00:00+00:00,53
json_query,2026-06-12 06:00:00+00:00,53
json_query,2026-06-12 07:00:00+00:00,53
json_query,2026-06-12 08:00:00+00:00,53
json_query,2026-06-12 09:00:00+00:00,53
json_query,2026-06-12 10:00:00+00:00,53
json_query,2026-06-12 11:00:00+00:00,53
json_query,2026-06-12 12:00:00+00:00,53
json_query,2026-06-12 13:00:00+00:00,53
json_query,2026-06-12 14:00:00+00:00,53
json_query,2026-06-12 15:00:00+00:00,53
json_query,2026-06-12 16:00:00+00:00,53
json_query,2026-06-12 17:00:00+00:00,53
json_query,2026-06-12 18:00:00+00:00,53
json_query,2026-06-12 19:00:00+00:00,53
json_query,2026-06-12 20:00:00+00:00,53
json_query,2026-06-12 21:00:00+00:00,53
json_query,2026-06-12 22:00:00+00:00,53
json_query,2026-06-12 23:00:00+00:00,53
json_query,2026-06-13 00:00:00+00:00,53
json_query,2026-06-13 01:00:00+00:00,53
json_query,2026-06-13 02:00:00+00:00,53
json_query,2026-06-13 03:00:00+00:00,53
json_query,2026-06-13 04:00:00+00:00,53
json_query,2026-06-13 05:00:00+00:00,53
json_query,2026-06-13 06:00:00+00:00,53
json_query,2026-06-13 07:00:00+00:00,53
json_query,2026-06-13 08:00:00+00:00,53
json_query,2026-06-13 09:00:00+00:00,53
json_query,2026-06-13 10:00:00+00:00,53
json_query,2026-06-13 11:00:00+00:00,53
json_query,2026-06-13 12:00:00+00:00,53
json_query,2026-06-13 13:00:00+00:00,53
json_query,2026-06-13 14:00:00+00:00,53
json_query,2026-06-13 15:00:00+00:00,53
json_query,2026-06-13 16:00:00+00:00,53
json_query,2026-06-13 17:00:00+00:00,53
json_query,2026-06-13 18:00:00+00:00,53
json_query,2026-06-13 19:00:00+00:00,53
json_query,2026-06-13 20:00:00+00:00,53
json_query,2026-06-13 21:00:00+00:00,53
json_query,2026-06-13 22:00:00+00:00,53
json_query,2026-06-13 23:00:00+00:00,53
json_query,2026-06-14 00:00:00+00:00,53
json_query,2026-06-14 01:00:00+00:00,53
json_query,2026-06-14 02:00:00+00:00,53
json_query,2026-06-14 03:00:00+00:00,53
json_query,2026-06-14 04:00:00+00:00,53
json_query,2026-06-14 05:00:00+00:00,53
json_query,2026-06-14 06:00:00+00:00,53
json_query,2026-06-14 07:00:00+00:00,53
json_query,2026-06-14 08:00:00+00:00,53
json_query,2026-06-14 09:00:00+00:00,53
json_query,2026-06-14 10:00:00+00:00,53
json_query,2026-06-14 11:00:00+00:00,53
json_query,2026-06-14 12:00:00+00:00,53
json_query,2026-06-14 13:00:00+00:00,53
json_query,2026-06-14 14:00:00+00:00,53
json_query,2026-06-14 15:00:00+00:00,53
json_query,2026-06-14 16:00:00+00:00,53
json_query,2026-06-14 17:00:00+00:00,53
json_query,2026-06-14 18:00:00+00:00,53
json_query,2026-06-14 19:00:00+00:00,53
json_query,2026-06-14 20:00:00+00:00,53
json_query,2026-06-14 21:00:00+00:00,53
json_query,2026-06-14 22:00:00+00:00,53
json_query,2026-06-14 23:00:00+00:00,53
json_query,2026-06-15 00:00:00+00:00,53
json_query,2026-06-15 01:00:00+00:00,53
json_query,2026-06-15 02:00:00+00:00,53
json_query,2026-06-15 03:00:00+00:00,53
json_query,2026-06-15 04:00:00+00:00,53
json_query,2026-06-15 05:00:00+00:00,53
json_query,2026-06-15 06:00:00+00:00,53
json_query,2026-06-15 07:00:00+00:00,53
json_query,2026-06-15 08:00:00+00:00,53
json_query,2026-06-15 09:00:00+00:00,53
json_query,2026-06-15 10:00:00+00:00,53
json_query,2026-06-15 11:00:00+00:00,53
json_query,2026-06-15 12:00:00+00:00,53
json_query,2026-06-15 13:00:00+00:00,53
json_query,2026-06-15 14:00:00+00:00,53
json_query,2026-06-15 15:00:00+00:00,53
json_query,2026-06-15 16:00:00+00:00,53
json_query,2026-06-15 17:00:00+00:00,53
json_query,2026-06-15 18:00:00+00:00,53
json_query,2026-06-15 19:00:00+00:00,53
json_query,2026-06-15 20:00:00+00:00,53
json_query,2026-06-15 21:00:00+00:00,53
json_query,2026-06-15 22:00:00+00:00,53
json_query,2026-06-15 23:00:00+00:00,53
json_query,2026-06-16 00:00:00+00:00,53
json_query,2026-06-16 01:00:00+00:00,53
json_query,2026-06-16 02:00:00+00:00,53
json_query,2026-06-16 03:00:00+00:00,53
json_query,2026-06-16 04:00:00+00:00,53
json_query,2026-06-16 05:00:00+00:00,53
json_query,2026-06-16 06:00:00+00:00,53
json_query,2026-06-16 07:00:00+00:00,53
json_query,2026-06-16 08:00:00+00:00,53
json_query,2026-06-16 09:00:00+00:00,53
json_query,2026-06-16 10:00:00+00:00,53
json_query,2026-06-16 11:00:00+00:00,53
json_query,2026-06-16 12:00:00+00:00,53
json_query,2026-06-16 13:00:00+00:00,53
json_query,2026-06-16 14:00:00+00:00,53
json_query,2026-06-16 15:00:00+00:00,53
json_query,2026-06-16 16:00:00+00:00,53
json_query,2026-06-16 17:00:00+00:00,53
json_query,2026-06-16 18:00:00+00:00,53
json_query,2026-06-16 19:00:00+00:00,53
json_query,2026-06-16 20:00:00+00:00,53
json_query,2026-06-16 21:00:00+00:00,53
json_query,2026-06-16 22:00:00+00:00,53
json_query,2026-06-16 23:00:00+00:00,53
json_query,2026-06-17 00:00:00+00:00,53
json_query,2026-06-17 01:00:00+00:00,54
json_query,2026-06-17 02:00:00+00:00,54
json_query,2026-06-17 03:00:00+00:00,54
json_query,2026-06-17 04:00:00+00:00,54
json_query,2026-06-17 05:00:00+00:00,54
json_query,2026-06-17 06:00:00+00:00,54
json_query,2026-06-17 07:00:00+00:00,54
json_query,2026-06-17 08:00:00+00:00,54
json_query,2026-06-17 09:00:00+00:00,54
json_query,2026-06-17 10:00:00+00:00,54
json_query,2026-06-17 11:00:00+00:00,54
json_query,2026-06-17 12:00:00+00:00,54
json_query,2026-06-17 13:00:00+00:00,54
json_query,2026-06-17 14:00:00+00:00,54
json_query,2026-06-17 15:00:00+00:00,54
json_query,2026-06-17 16:00:00+00:00,54
json_query,2026-06-17 17:00:00+00:00,54
json_query,2026-06-17 18:00:00+00:00,54
json_query,2026-06-17 19:00:00+00:00,54
json_query,2026-06-17 20:00:00+00:00,54
json_query,2026-06-17 21:00:00+00:00,54
json_query,2026-06-17 22:00:00+00:00,54
json_query,2026-06-17 23:00:00+00:00,54
json_query,2026-06-18 00:00:00+00:00,54
json_query,2026-06-18 01:00:00+00:00,54
json_query,2026-06-18 02:00:00+00:00,54
json_query,2026-06-18 03:00:00+00:00,54
json_query,2026-06-18 04:00:00+00:00,54
json_query,2026-06-18 05:00:00+00:00,54
json_query,2026-06-18 06:00:00+00:00,54
json_query,2026-06-18 07:00:00+00:00,54
json_query,2026-06-18 08:00:00+00:00,54
json_query,2026-06-18 09:00:00+00:00,54
json_query,2026-06-18 10:00:00+00:00,54
json_query,2026-06-18 11:00:00+00:00,54
json_query,2026-06-18 12:00:00+00:00,54
json_query,2026-06-18 13:00:00+00:00,54
json_query,2026-06-18 14:00:00+00:00,54
json_query,2026-06-18 15:00:00+00:00,72
json_query,2026-06-18 16:00:00+00:00,97
json_query,2026-06-18 17:00:00+00:00,176
json_query,2026-06-18 18:00:00+00:00,364
json_query,2026-06-18 19:00:00+00:00,535
json_query,2026-06-18 20:00:00+00:00,678
json_query,2026-06-18 21:00:00+00:00,712
json_query,2026-06-18 22:00:00+00:00,712
json_query,2026-06-18 23:00:00+00:00,712
json_query,2026-06-19 00:00:00+00:00,714
json_query,2026-06-19 01:00:00+00:00,714
json_query,2026-06-19 02:00:00+00:00,714
json_query,2026-06-19 03:00:00+00:00,715
json_query,2026-06-19 04:00:00+00:00,715
json_query,2026-06-19 05:00:00+00:00,715
json_query,2026-06-19 06:00:00+00:00,715
json_query,2026-06-19 07:00:00+00:00,715
json_query,2026-06-19 08:00:00+00:00,715
json_query,2026-06-19 09:00:00+00:00,715
json_query,2026-06-19 10:00:00+00:00,715
json_query,2026-06-19 11:00:00+00:00,715
json_query,2026-06-19 12:00:00+00:00,715
json_query,2026-06-19 13:00:00+00:00,715
json_query,2026-06-19 14:00:00+00:00,715
json_query,2026-06-19 15:00:00+00:00,715
json_query,2026-06-19 16:00:00+00:00,715
json_query,2026-06-19 17:00:00+00:00,715
json_query,2026-06-19 18:00:00+00:00,715
json_query,2026-06-19 19:00:00+00:00,715
json_query,2026-06-19 20:00:00+00:00,715
json_query,2026-06-19 21:00:00+00:00,716
json_query,2026-06-19 22:00:00+00:00,716
json_query,2026-06-19 23:00:00+00:00,716
json_query,2026-06-20 00:00:00+00:00,716
json_query,2026-06-20 01:00:00+00:00,717
json_query,2026-06-20 02:00:00+00:00,717
json_query,2026-06-20 03:00:00+00:00,717
json_query,2026-06-20 04:00:00+00:00,717
json_query,2026-06-20 05:00:00+00:00,717
json_query,2026-06-20 06:00:00+00:00,717
json_query,2026-06-20 07:00:00+00:00,717
json_query,2026-06-20 08:00:00+00:00,717
json_query,2026-06-20 09:00:00+00:00,717
json_query,2026-06-20 10:00:00+00:00,717
json_query,2026-06-20 11:00:00+00:00,717
json_query,2026-06-20 12:00:00+00:00,717
json_query,2026-06-20 13:00:00+00:00,717
json_query,2026-06-20 14:00:00+00:00,717
json_query,2026-06-20 15:00:00+00:00,717
json_query,2026-06-20 16:00:00+00:00,717
json_query,2026-06-20 17:00:00+00:00,717
json_query,2026-06-20 18:00:00+00:00,717
json_query,2026-06-20 19:00:00+00:00,717
json_query,2026-06-20 20:00:00+00:00,717
json_query,2026-06-20 21:00:00+00:00,717
json_query,2026-06-20 22:00:00+00:00,717
json_query,2026-06-20 23:00:00+00:00,717
json_query,2026-06-21 00:00:00+00:00,717
json_query,2026-06-21 01:00:00+00:00,717
json_query,2026-06-21 02:00:00+00:00,717
json_query,2026-06-21 03:00:00+00:00,717
json_query,2026-06-21 04:00:00+00:00,717
json_query,2026-06-21 05:00:00+00:00,717
json_query,2026-06-21 06:00:00+00:00,717
json_query,2026-06-21 07:00:00+00:00,717
json_query,2026-06-21 08:00:00+00:00,717
json_query,2026-06-21 09:00:00+00:00,717
json_query,2026-06-21 10:00:00+00:00,717
json_query,2026-06-21 11:00:00+00:00,717
json_query,2026-06-21 12:00:00+00:00,717
json_query,2026-06-21 13:00:00+00:00,717
json_query,2026-06-21 14:00:00+00:00,717
json_query,2026-06-21 15:00:00+00:00,717
json_query,2026-06-21 16:00:00+00:00,717
json_query,2026-06-21 17:00:00+00:00,717
json_query,2026-06-21 18:00:00+00:00,718
json_query,2026-06-21 19:00:00+00:00,718
json_query,2026-06-21 20:00:00+00:00,718
json_query,2026-06-21 21:00:00+00:00,718
json_query,2026-06-21 22:00:00+00:00,718
json_query,2026-06-21 23:00:00+00:00,718
json_query,2026-06-22 00:00:00+00:00,718
json_query,2026-06-22 01:00:00+00:00,718
json_query,2026-06-22 02:00:00+00:00,721
json_query,2026-06-22 03:00:00+00:00,722
json_query,2026-06-22 04:00:00+00:00,722
json_query,2026-06-22 05:00:00+00:00,722
json_query,2026-06-22 06:00:00+00:00,722
json_query,2026-06-22 07:00:00+00:00,723
json_query,2026-06-22 08:00:00+00:00,726
json_query,2026-06-22 09:00:00+00:00,726
json_query,2026-06-22 10:00:00+00:00,726
json_query,2026-06-22 11:00:00+00:00,726
json_query,2026-06-22 12:00:00+00:00,726
json_query,2026-06-22 13:00:00+00:00,726
json_query,2026-06-22 14:00:00+00:00,726
json_query,2026-06-22 15:00:00+00:00,726
json_query,2026-06-22 16:00:00+00:00,726
json_query,2026-06-22 17:00:00+00:00,726
json_query,2026-06-22 18:00:00+00:00,726
json_query,2026-06-22 19:00:00+00:00,726
json_query,2026-06-22 20:00:00+00:00,726
json_query,2026-06-22 21:00:00+00:00,726
json_query,2026-06-22 22:00:00+00:00,726
json_query,2026-06-22 23:00:00+00:00,726
json_query,2026-06-23 00:00:00+00:00,726
json_query,2026-06-23 01:00:00+00:00,726
json_query,2026-06-23 02:00:00+00:00,726
json_query,2026-06-23 03:00:00+00:00,726
json_query,2026-06-23 04:00:00+00:00,726
json_query,2026-06-23 05:00:00+00:00,726
json_query,2026-06-23 06:00:00+00:00,726
json_query,2026-06-23 07:00:00+00:00,726
json_query,2026-06-23 08:00:00+00:00,726
json_query,2026-06-23 09:00:00+00:00,726
json_query,2026-06-23 10:00:00+00:00,726
json_query,2026-06-23 11:00:00+00:00,726
json_query,2026-06-23 12:00:00+00:00,726
json_query,2026-06-23 13:00:00+00:00,726
json_query,2026-06-23 14:00:00+00:00,726
json_query,2026-06-23 15:00:00+00:00,726
json_query,2026-06-23 16:00:00+00:00,726
json_query,2026-06-23 17:00:00+00:00,726
json_query,2026-06-23 18:00:00+00:00,726
json_query,2026-06-23 19:00:00+00:00,726
json_query,2026-06-23 20:00:00+00:00,726
json_query,2026-06-23 21:00:00+00:00,726
json_query,2026-06-23 22:00:00+00:00,726
json_query,2026-06-23 23:00:00+00:00,726
json_query,2026-06-24 00:00:00+00:00,726
json_query,2026-06-24 01:00:00+00:00,726
json_query,2026-06-24 02:00:00+00:00,726
json_query,2026-06-24 03:00:00+00:00,726
json_query,2026-06-24 04:00:00+00:00,726
json_query,2026-06-24 05:00:00+00:00,726
json_query,2026-06-24 06:00:00+00:00,726
json_query,2026-06-24 07:00:00+00:00,726
json_query,2026-06-24 08:00:00+00:00,726
json_query,2026-06-24 09:00:00+00:00,726
json_query,2026-06-24 10:00:00+00:00,726
json_query,2026-06-24 11:00:00+00:00,726
json_query,2026-06-24 12:00:00+00:00,726
json_query,2026-06-24 13:00:00+00:00,726
json_query,2026-06-24 14:00:00+00:00,726
json_query,2026-06-24 15:00:00+00:00,726
json_query,2026-06-24 16:00:00+00:00,726
json_query,2026-06-24 17:00:00+00:00,726
json_query,2026-06-24 18:00:00+00:00,726
json_query,2026-06-24 19:00:00+00:00,726
json_query,2026-06-24 20:00:00+00:00,726
json_query,2026-06-24 21:00:00+00:00,726
json_query,2026-06-24 22:00:00+00:00,726
json_query,2026-06-24 23:00:00+00:00,726
json_query,2026-06-25 00:00:00+00:00,726
json_query,2026-06-25 01:00:00+00:00,726
json_query,2026-06-25 02:00:00+00:00,726
json_query,2026-06-25 03:00:00+00:00,726
json_query,2026-06-25 04:00:00+00:00,726
json_query,2026-06-25 05:00:00+00:00,726
json_query,2026-06-25 06:00:00+00:00,726
json_query,2026-06-25 07:00:00+00:00,726
json_query,2026-06-25 08:00:00+00:00,726
json_query,2026-06-25 09:00:00+00:00,726
json_query,2026-06-25 10:00:00+00:00,726
json_query,2026-06-25 11:00:00+00:00,726
json_query,2026-06-25 12:00:00+00:00,726
json_query,2026-06-25 13:00:00+00:00,726
json_query,2026-06-25 14:00:00+00:00,726
json_query,2026-06-25 15:00:00+00:00,726
json_query,2026-06-25 16:00:00+00:00,726
json_query,2026-06-25 17:00:00+00:00,726
json_query,2026-06-25 18:00:00+00:00,726
json_query,2026-06-25 19:00:00+00:00,726
json_query,2026-06-25 20:00:00+00:00,726
json_query,2026-06-25 21:00:00+00:00,726
json_query,2026-06-25 22:00:00+00:00,726
json_query,2026-06-25 23:00:00+00:00,726
json_query,2026-06-26 00:00:00+00:00,726
json_query,2026-06-26 01:00:00+00:00,726
json_query,2026-06-26 02:00:00+00:00,726
json_query,2026-06-26 03:00:00+00:00,726
json_query,2026-06-26 04:00:00+00:00,726
json_query,2026-06-26 05:00:00+00:00,726
json_query,2026-06-26 06:00:00+00:00,726
json_query,2026-06-26 07:00:00+00:00,726
json_query,2026-06-26 08:00:00+00:00,726
json_query,2026-06-26 09:00:00+00:00,726
json_query,2026-06-26 10:00:00+00:00,726
json_query,2026-06-26 11:00:00+00:00,726
json_query,2026-06-26 12:00:00+00:00,726
json_query,2026-06-26 13:00:00+00:00,726
json_query,2026-06-26 14:00:00+00:00,726
json_query,2026-06-26 15:00:00+00:00,726
json_query,2026-06-26 16:00:00+00:00,726
json_query,2026-06-26 17:00:00+00:00,726
json_query,2026-06-26 18:00:00+00:00,726
json_query,2026-06-26 19:00:00+00:00,726
json_query,2026-06-26 20:00:00+00:00,726
json_query,2026-06-26 21:00:00+00:00,726
json_query,2026-06-26 22:00:00+00:00,726
json_query,2026-06-26 23:00:00+00:00,726
json_query,2026-06-27 00:00:00+00:00,726
json_query,2026-06-27 01:00:00+00:00,726
json_query,2026-06-27 02:00:00+00:00,726
json_query,2026-06-27 03:00:00+00:00,726
json_query,2026-06-27 04:00:00+00:00,726
json_query,2026-06-27 05:00:00+00:00,726
json_query,2026-06-27 06:00:00+00:00,726
json_query,2026-06-27 07:00:00+00:00,726
json_query,2026-06-27 08:00:00+00:00,726
json_query,2026-06-27 09:00:00+00:00,726
json_query,2026-06-27 10:00:00+00:00,726
json_query,2026-06-27 11:00:00+00:00,726
json_query,2026-06-27 12:00:00+00:00,726
json_query,2026-06-27 13:00:00+00:00,726
json_query,2026-06-27 14:00:00+00:00,726
json_query,2026-06-27 15:00:00+00:00,726
json_query,2026-06-27 16:00:00+00:00,726
json_query,2026-06-27 17:00:00+00:00,726
json_query,2026-06-27 18:00:00+00:00,726
json_query,2026-06-27 19:00:00+00:00,726
json_query,2026-06-27 20:00:00+00:00,726
json_query,2026-06-27 21:00:00+00:00,726
json_query,2026-06-27 22:00:00+00:00,726
json_query,2026-06-27 23:00:00+00:00,726
json_query,2026-06-28 00:00:00+00:00,726
json_query,2026-06-28 01:00:00+00:00,726
json_query,2026-06-28 02:00:00+00:00,726
json_query,2026-06-28 03:00:00+00:00,726
json_query,2026-06-28 04:00:00+00:00,726
json_query,2026-06-28 05:00:00+00:00,726
json_query,2026-06-28 06:00:00+00:00,726
json_query,2026-06-28 07:00:00+00:00,726
json_query,2026-06-28 08:00:00+00:00,726
json_query,2026-06-28 09:00:00+00:00,726
json_query,2026-06-28 10:00:00+00:00,726
json_query,2026-06-28 11:00:00+00:00,726
json_query,2026-06-28 12:00:00+00:00,726
json_query,2026-06-28 13:00:00+00:00,726
json_query,2026-06-28 14:00:00+00:00,726
json_query,2026-06-28 15:00:00+00:00,726
json_query,2026-06-28 16:00:00+00:00,726
json_query,2026-06-28 17:00:00+00:00,726
json_query,2026-06-28 18:00:00+00:00,726
json_query,2026-06-28 19:00:00+00:00,726
json_query,2026-06-28 20:00:00+00:00,726
json_query,2026-06-28 21:00:00+00:00,726
json_query,2026-06-28 22:00:00+00:00,726
json_query,2026-06-28 23:00:00+00:00,726
json_query,2026-06-29 00:00:00+00:00,726
json_query,2026-06-29 01:00:00+00:00,726
json_query,2026-06-29 02:00:00+00:00,726
json_query,2026-06-29 03:00:00+00:00,726
json_query,2026-06-29 04:00:00+00:00,726
json_query,2026-06-29 05:00:00+00:00,726
json_query,2026-06-29 06:00:00+00:00,726
json_query,2026-06-29 07:00:00+00:00,726
json_query,2026-06-29 08:00:00+00:00,726
json_query,2026-06-29 09:00:00+00:00,726
json_query,2026-06-29 10:00:00+00:00,726
json_query,2026-06-29 11:00:00+00:00,726
json_query,2026-06-29 12:00:00+00:00,726
json_query,2026-06-29 13:00:00+00:00,726
json_query,2026-06-29 14:00:00+00:00,726
json_query,2026-06-29 15:00:00+00:00,726
json_query,2026-06-29 16:00:00+00:00,726
json_query,2026-06-29 17:00:00+00:00,726
json_query,2026-06-29 18:00:00+00:00,726
json_query,2026-06-29 19:00:00+00:00,726
json_query,2026-06-29 20:00:00+00:00,726
json_query,2026-06-29 21:00:00+00:00,726
json_query,2026-06-29 22:00:00+00:00,726
json_query,2026-06-29 23:00:00+00:00,726
json_query,2026-06-30 00:00:00+00:00,726
json_query,2026-06-30 01:00:00+00:00,726
json_query,2026-06-30 02:00:00+00:00,726
json_query,2026-06-30 03:00:00+00:00,726
json_query,2026-06-30 04:00:00+00:00,726
json_query,2026-06-30 05:00:00+00:00,726
json_query,2026-06-30 06:00:00+00:00,726
json_query,2026-06-30 07:00:00+00:00,726
json_query,2026-06-30 08:00:00+00:00,726
json_query,2026-06-30 09:00:00+00:00,726
json_query,2026-06-30 10:00:00+00:00,726
json_query,2026-06-30 11:00:00+00:00,726
json_query,2026-06-30 12:00:00+00:00,726
json_query,2026-06-30 13:00:00+00:00,726
json_query,2026-06-30 14:00:00+00:00,726
json_query,2026-06-30 15:00:00+00:00,726
json_query,2026-06-30 16:00:00+00:00,726
json_query,2026-06-30 17:00:00+00:00,726
json_query,2026-06-30 18:00:00+00:00,726
json_query,2026-06-30 19:00:00+00:00,726
json_query,2026-06-30 20:00:00+00:00,726
json_query,2026-06-30 21:00:00+00:00,726
json_query,2026-06-30 22:00:00+00:00,726
json_query,2026-06-30 23:00:00+00:00,726
json_query,2026-07-01 00:00:00+00:00,726
json_query,2026-07-01 01:00:00+00:00,726
json_query,2026-07-01 02:00:00+00:00,726
json_query,2026-07-01 03:00:00+00:00,726
json_query,2026-07-01 04:00:00+00:00,726
json_query,2026-07-01 05:00:00+00:00,726
json_query,2026-07-01 06:00:00+00:00,726
json_query,2026-07-01 07:00:00+00:00,726
json_query,2026-07-01 08:00:00+00:00,726
json_query,2026-07-01 09:00:00+00:00,726
json_query,2026-07-01 10:00:00+00:00,726
json_query,2026-07-01 11:00:00+00:00,726
json_query,2026-07-01 12:00:00+00:00,726
json_query,2026-07-01 13:00:00+00:00,726
json_query,2026-07-01 14:00:00+00:00,726
json_query,2026-07-01 15:00:00+00:00,726
json_query,2026-07-01 16:00:00+00:00,726
json_query,2026-07-01 17:00:00+00:00,726
json_query,2026-07-01 18:00:00+00:00,726
json_query,2026-07-01 19:00:00+00:00,726
json_query,2026-07-01 20:00:00+00:00,726
json_query,2026-07-01 21:00:00+00:00,726
json_query,2026-07-01 22:00:00+00:00,726
json_query,2026-07-01 23:00:00+00:00,726
json_query,2026-07-02 00:00:00+00:00,726
json_query,2026-07-02 01:00:00+00:00,726
json_query,2026-07-02 02:00:00+00:00,726
json_query,2026-07-02 03:00:00+00:00,726
json_query,2026-07-02 04:00:00+00:00,726
json_query,2026-07-02 05:00:00+00:00,726
json_query,2026-07-02 06:00:00+00:00,726
json_query,2026-07-02 07:00:00+00:00,726
json_query,2026-07-02 08:00:00+00:00,726
json_query,2026-07-02 09:00:00+00:00,726
json_query,2026-07-02 10:00:00+00:00,726
json_query,2026-07-02 11:00:00+00:00,726
json_query,2026-07-02 12:00:00+00:00,726
json_query,2026-07-02 13:00:00+00:00,726
json_query,2026-07-02 14:00:00+00:00,726
json_query,2026-07-02 15:00:00+00:00,726
json_query,2026-07-02 16:00:00+00:00,726
json_query,2026-07-02 17:00:00+00:00,726
liveness_counter,2026-05-24 06:00:00+00:00,0
liveness_counter,2026-05-24 07:00:00+00:00,0
liveness_counter,2026-05-24 08:00:00+00:00,0
liveness_counter,2026-05-24 09:00:00+00:00,0
liveness_counter,2026-05-24 10:00:00+00:00,0
liveness_counter,2026-05-24 11:00:00+00:00,0
liveness_counter,2026-05-24 12:00:00+00:00,0
liveness_counter,2026-05-24 13:00:00+00:00,0
liveness_counter,2026-05-24 14:00:00+00:00,0
liveness_counter,2026-05-24 15:00:00+00:00,0
liveness_counter,2026-05-24 16:00:00+00:00,0
liveness_counter,2026-05-24 17:00:00+00:00,0
liveness_counter,2026-05-24 18:00:00+00:00,0
liveness_counter,2026-05-24 19:00:00+00:00,0
liveness_counter,2026-05-24 20:00:00+00:00,0
liveness_counter,2026-05-24 21:00:00+00:00,0
liveness_counter,2026-05-24 22:00:00+00:00,0
liveness_counter,2026-05-24 23:00:00+00:00,0
liveness_counter,2026-05-25 00:00:00+00:00,0
liveness_counter,2026-05-25 01:00:00+00:00,0
liveness_counter,2026-05-25 02:00:00+00:00,0
liveness_counter,2026-05-25 03:00:00+00:00,0
liveness_counter,2026-05-25 04:00:00+00:00,0
liveness_counter,2026-05-25 05:00:00+00:00,0
liveness_counter,2026-05-25 06:00:00+00:00,0
liveness_counter,2026-05-25 07:00:00+00:00,0
liveness_counter,2026-05-25 08:00:00+00:00,0
liveness_counter,2026-05-25 09:00:00+00:00,0
liveness_counter,2026-05-25 10:00:00+00:00,0
liveness_counter,2026-05-25 11:00:00+00:00,0
liveness_counter,2026-05-25 12:00:00+00:00,0
liveness_counter,2026-05-25 13:00:00+00:00,0
liveness_counter,2026-05-25 14:00:00+00:00,0
liveness_counter,2026-05-25 15:00:00+00:00,0
liveness_counter,2026-05-25 16:00:00+00:00,0
liveness_counter,2026-05-25 17:00:00+00:00,0
liveness_counter,2026-05-25 18:00:00+00:00,0
liveness_counter,2026-05-25 19:00:00+00:00,0
liveness_counter,2026-05-25 20:00:00+00:00,0
liveness_counter,2026-05-25 21:00:00+00:00,0
liveness_counter,2026-05-25 22:00:00+00:00,0
liveness_counter,2026-05-25 23:00:00+00:00,0
liveness_counter,2026-05-26 00:00:00+00:00,0
liveness_counter,2026-05-26 01:00:00+00:00,0
liveness_counter,2026-05-26 02:00:00+00:00,0
liveness_counter,2026-05-26 03:00:00+00:00,0
liveness_counter,2026-05-26 04:00:00+00:00,0
liveness_counter,2026-05-26 05:00:00+00:00,0
liveness_counter,2026-05-26 06:00:00+00:00,0
liveness_counter,2026-05-26 07:00:00+00:00,0
liveness_counter,2026-05-26 08:00:00+00:00,0
liveness_counter,2026-05-26 09:00:00+00:00,0
liveness_counter,2026-05-26 10:00:00+00:00,0
liveness_counter,2026-05-26 11:00:00+00:00,0
liveness_counter,2026-05-26 12:00:00+00:00,0
liveness_counter,2026-05-26 13:00:00+00:00,0
liveness_counter,2026-05-26 14:00:00+00:00,0
liveness_counter,2026-05-26 15:00:00+00:00,0
liveness_counter,2026-05-26 16:00:00+00:00,0
liveness_counter,2026-05-26 17:00:00+00:00,0
liveness_counter,2026-05-26 18:00:00+00:00,0
liveness_counter,2026-05-26 19:00:00+00:00,0
liveness_counter,2026-05-26 20:00:00+00:00,0
liveness_counter,2026-05-26 21:00:00+00:00,0
liveness_counter,2026-05-26 22:00:00+00:00,0
liveness_counter,2026-05-26 23:00:00+00:00,0
liveness_counter,2026-05-27 00:00:00+00:00,0
liveness_counter,2026-05-27 01:00:00+00:00,0
liveness_counter,2026-05-27 02:00:00+00:00,0
liveness_counter,2026-05-27 03:00:00+00:00,0
liveness_counter,2026-05-27 04:00:00+00:00,0
liveness_counter,2026-05-27 05:00:00+00:00,0
liveness_counter,2026-05-27 06:00:00+00:00,0
liveness_counter,2026-05-27 07:00:00+00:00,0
liveness_counter,2026-05-27 08:00:00+00:00,0
liveness_counter,2026-05-27 09:00:00+00:00,0
liveness_counter,2026-05-27 10:00:00+00:00,0
liveness_counter,2026-05-27 11:00:00+00:00,0
liveness_counter,2026-05-27 12:00:00+00:00,0
liveness_counter,2026-05-27 13:00:00+00:00,0
liveness_counter,2026-05-27 14:00:00+00:00,0
liveness_counter,2026-05-27 15:00:00+00:00,0
liveness_counter,2026-05-27 16:00:00+00:00,0
liveness_counter,2026-05-27 17:00:00+00:00,0
liveness_counter,2026-05-27 18:00:00+00:00,0
liveness_counter,2026-05-27 19:00:00+00:00,0
liveness_counter,2026-05-27 20:00:00+00:00,0
liveness_counter,2026-05-27 21:00:00+00:00,0
liveness_counter,2026-05-27 22:00:00+00:00,0
liveness_counter,2026-05-27 23:00:00+00:00,0
liveness_counter,2026-05-28 00:00:00+00:00,0
liveness_counter,2026-05-28 01:00:00+00:00,0
liveness_counter,2026-05-28 02:00:00+00:00,0
liveness_counter,2026-05-28 03:00:00+00:00,0
liveness_counter,2026-05-28 04:00:00+00:00,0
liveness_counter,2026-05-28 05:00:00+00:00,0
liveness_counter,2026-05-28 06:00:00+00:00,0
liveness_counter,2026-05-28 07:00:00+00:00,0
liveness_counter,2026-05-28 08:00:00+00:00,0
liveness_counter,2026-05-28 09:00:00+00:00,0
liveness_counter,2026-05-28 10:00:00+00:00,0
liveness_counter,2026-05-28 11:00:00+00:00,0
liveness_counter,2026-05-28 12:00:00+00:00,0
liveness_counter,2026-05-28 13:00:00+00:00,0
liveness_counter,2026-05-28 14:00:00+00:00,0
liveness_counter,2026-05-28 15:00:00+00:00,0
liveness_counter,2026-05-28 16:00:00+00:00,0
liveness_counter,2026-05-28 17:00:00+00:00,0
liveness_counter,2026-05-28 18:00:00+00:00,0
liveness_counter,2026-05-28 19:00:00+00:00,0
liveness_counter,2026-05-28 20:00:00+00:00,0
liveness_counter,2026-05-28 21:00:00+00:00,0
liveness_counter,2026-05-28 22:00:00+00:00,0
liveness_counter,2026-05-28 23:00:00+00:00,0
liveness_counter,2026-05-29 00:00:00+00:00,0
liveness_counter,2026-05-29 01:00:00+00:00,0
liveness_counter,2026-05-29 02:00:00+00:00,0
liveness_counter,2026-05-29 03:00:00+00:00,0
liveness_counter,2026-05-29 04:00:00+00:00,0
liveness_counter,2026-05-29 05:00:00+00:00,0
liveness_counter,2026-05-29 06:00:00+00:00,0
liveness_counter,2026-05-29 07:00:00+00:00,0
liveness_counter,2026-05-29 08:00:00+00:00,0
liveness_counter,2026-05-29 09:00:00+00:00,0
liveness_counter,2026-05-29 10:00:00+00:00,0
liveness_counter,2026-05-29 11:00:00+00:00,0
liveness_counter,2026-05-29 12:00:00+00:00,0
liveness_counter,2026-05-29 13:00:00+00:00,0
liveness_counter,2026-05-29 14:00:00+00:00,0
liveness_counter,2026-05-29 15:00:00+00:00,0
liveness_counter,2026-05-29 16:00:00+00:00,0
liveness_counter,2026-05-29 17:00:00+00:00,0
liveness_counter,2026-05-29 18:00:00+00:00,0
liveness_counter,2026-05-29 19:00:00+00:00,0
liveness_counter,2026-05-29 20:00:00+00:00,0
liveness_counter,2026-05-29 21:00:00+00:00,0
liveness_counter,2026-05-29 22:00:00+00:00,0
liveness_counter,2026-05-29 23:00:00+00:00,0
liveness_counter,2026-05-30 00:00:00+00:00,0
liveness_counter,2026-05-30 01:00:00+00:00,0
liveness_counter,2026-05-30 02:00:00+00:00,0
liveness_counter,2026-05-30 03:00:00+00:00,0
liveness_counter,2026-05-30 04:00:00+00:00,0
liveness_counter,2026-05-30 05:00:00+00:00,0
liveness_counter,2026-05-30 06:00:00+00:00,0
liveness_counter,2026-05-30 07:00:00+00:00,0
liveness_counter,2026-05-30 08:00:00+00:00,0
liveness_counter,2026-05-30 09:00:00+00:00,0
liveness_counter,2026-05-30 10:00:00+00:00,0
liveness_counter,2026-05-30 11:00:00+00:00,0
liveness_counter,2026-05-30 12:00:00+00:00,0
liveness_counter,2026-05-30 13:00:00+00:00,0
liveness_counter,2026-05-30 14:00:00+00:00,0
liveness_counter,2026-05-30 15:00:00+00:00,0
liveness_counter,2026-05-30 16:00:00+00:00,0
liveness_counter,2026-05-30 17:00:00+00:00,0
liveness_counter,2026-05-30 18:00:00+00:00,0
liveness_counter,2026-05-30 19:00:00+00:00,0
liveness_counter,2026-05-30 20:00:00+00:00,0
liveness_counter,2026-05-30 21:00:00+00:00,0
liveness_counter,2026-05-30 22:00:00+00:00,0
liveness_counter,2026-05-30 23:00:00+00:00,0
liveness_counter,2026-05-31 00:00:00+00:00,0
liveness_counter,2026-05-31 01:00:00+00:00,0
liveness_counter,2026-05-31 02:00:00+00:00,0
liveness_counter,2026-05-31 03:00:00+00:00,0
liveness_counter,2026-05-31 04:00:00+00:00,0
liveness_counter,2026-05-31 05:00:00+00:00,0
liveness_counter,2026-05-31 06:00:00+00:00,0
liveness_counter,2026-05-31 07:00:00+00:00,0
liveness_counter,2026-05-31 08:00:00+00:00,0
liveness_counter,2026-05-31 09:00:00+00:00,0
liveness_counter,2026-05-31 10:00:00+00:00,0
liveness_counter,2026-05-31 11:00:00+00:00,0
liveness_counter,2026-05-31 12:00:00+00:00,0
liveness_counter,2026-05-31 13:00:00+00:00,0
liveness_counter,2026-05-31 14:00:00+00:00,0
liveness_counter,2026-05-31 15:00:00+00:00,0
liveness_counter,2026-05-31 16:00:00+00:00,0
liveness_counter,2026-05-31 17:00:00+00:00,0
liveness_counter,2026-05-31 18:00:00+00:00,0
liveness_counter,2026-05-31 19:00:00+00:00,0
liveness_counter,2026-05-31 20:00:00+00:00,0
liveness_counter,2026-05-31 21:00:00+00:00,0
liveness_counter,2026-05-31 22:00:00+00:00,0
liveness_counter,2026-05-31 23:00:00+00:00,0
liveness_counter,2026-06-01 00:00:00+00:00,0
liveness_counter,2026-06-01 01:00:00+00:00,0
liveness_counter,2026-06-01 02:00:00+00:00,0
liveness_counter,2026-06-01 03:00:00+00:00,0
liveness_counter,2026-06-01 04:00:00+00:00,0
liveness_counter,2026-06-01 05:00:00+00:00,0
liveness_counter,2026-06-01 06:00:00+00:00,0
liveness_counter,2026-06-01 07:00:00+00:00,0
liveness_counter,2026-06-01 08:00:00+00:00,0
liveness_counter,2026-06-01 09:00:00+00:00,0
liveness_counter,2026-06-01 10:00:00+00:00,0
liveness_counter,2026-06-01 11:00:00+00:00,0
liveness_counter,2026-06-01 12:00:00+00:00,0
liveness_counter,2026-06-01 13:00:00+00:00,0
liveness_counter,2026-06-01 14:00:00+00:00,0
liveness_counter,2026-06-01 15:00:00+00:00,0
liveness_counter,2026-06-01 16:00:00+00:00,0
liveness_counter,2026-06-01 17:00:00+00:00,0
liveness_counter,2026-06-01 18:00:00+00:00,0
liveness_counter,2026-06-01 19:00:00+00:00,0
liveness_counter,2026-06-01 20:00:00+00:00,0
liveness_counter,2026-06-01 21:00:00+00:00,0
liveness_counter,2026-06-01 22:00:00+00:00,0
liveness_counter,2026-06-01 23:00:00+00:00,0
liveness_counter,2026-06-02 00:00:00+00:00,0
liveness_counter,2026-06-02 01:00:00+00:00,0
liveness_counter,2026-06-02 02:00:00+00:00,0
liveness_counter,2026-06-02 03:00:00+00:00,0
liveness_counter,2026-06-02 04:00:00+00:00,0
liveness_counter,2026-06-02 05:00:00+00:00,0
liveness_counter,2026-06-02 06:00:00+00:00,0
liveness_counter,2026-06-02 07:00:00+00:00,0
liveness_counter,2026-06-02 08:00:00+00:00,0
liveness_counter,2026-06-02 09:00:00+00:00,0
liveness_counter,2026-06-02 10:00:00+00:00,0
liveness_counter,2026-06-02 11:00:00+00:00,0
liveness_counter,2026-06-02 12:00:00+00:00,0
liveness_counter,2026-06-02 13:00:00+00:00,0
liveness_counter,2026-06-02 14:00:00+00:00,0
liveness_counter,2026-06-02 15:00:00+00:00,0
liveness_counter,2026-06-02 16:00:00+00:00,0
liveness_counter,2026-06-02 17:00:00+00:00,0
liveness_counter,2026-06-02 18:00:00+00:00,0
liveness_counter,2026-06-02 19:00:00+00:00,0
liveness_counter,2026-06-02 20:00:00+00:00,0
liveness_counter,2026-06-02 21:00:00+00:00,0
liveness_counter,2026-06-02 22:00:00+00:00,0
liveness_counter,2026-06-02 23:00:00+00:00,0
liveness_counter,2026-06-03 00:00:00+00:00,0
liveness_counter,2026-06-03 01:00:00+00:00,0
liveness_counter,2026-06-03 02:00:00+00:00,0
liveness_counter,2026-06-03 03:00:00+00:00,0
liveness_counter,2026-06-03 04:00:00+00:00,0
liveness_counter,2026-06-03 05:00:00+00:00,0
liveness_counter,2026-06-03 06:00:00+00:00,0
liveness_counter,2026-06-03 07:00:00+00:00,0
liveness_counter,2026-06-03 08:00:00+00:00,0
liveness_counter,2026-06-03 09:00:00+00:00,0
liveness_counter,2026-06-03 10:00:00+00:00,0
liveness_counter,2026-06-03 11:00:00+00:00,0
liveness_counter,2026-06-03 12:00:00+00:00,0
liveness_counter,2026-06-03 13:00:00+00:00,0
liveness_counter,2026-06-03 14:00:00+00:00,0
liveness_counter,2026-06-03 15:00:00+00:00,0
liveness_counter,2026-06-03 16:00:00+00:00,0
liveness_counter,2026-06-03 17:00:00+00:00,0
liveness_counter,2026-06-03 18:00:00+00:00,0
liveness_counter,2026-06-03 19:00:00+00:00,0
liveness_counter,2026-06-03 20:00:00+00:00,0
liveness_counter,2026-06-03 21:00:00+00:00,0
liveness_counter,2026-06-03 22:00:00+00:00,0
liveness_counter,2026-06-03 23:00:00+00:00,0
liveness_counter,2026-06-04 00:00:00+00:00,0
liveness_counter,2026-06-04 01:00:00+00:00,0
liveness_counter,2026-06-04 02:00:00+00:00,0
liveness_counter,2026-06-04 03:00:00+00:00,0
liveness_counter,2026-06-04 04:00:00+00:00,0
liveness_counter,2026-06-04 05:00:00+00:00,0
liveness_counter,2026-06-04 06:00:00+00:00,0
liveness_counter,2026-06-04 07:00:00+00:00,0
liveness_counter,2026-06-04 08:00:00+00:00,0
liveness_counter,2026-06-04 09:00:00+00:00,0
liveness_counter,2026-06-04 10:00:00+00:00,0
liveness_counter,2026-06-04 11:00:00+00:00,0
liveness_counter,2026-06-04 12:00:00+00:00,0
liveness_counter,2026-06-04 13:00:00+00:00,0
liveness_counter,2026-06-04 14:00:00+00:00,0
liveness_counter,2026-06-04 15:00:00+00:00,0
liveness_counter,2026-06-04 16:00:00+00:00,0
liveness_counter,2026-06-04 17:00:00+00:00,0
liveness_counter,2026-06-04 18:00:00+00:00,0
liveness_counter,2026-06-04 19:00:00+00:00,0
liveness_counter,2026-06-04 20:00:00+00:00,0
liveness_counter,2026-06-04 21:00:00+00:00,0
liveness_counter,2026-06-04 22:00:00+00:00,0
liveness_counter,2026-06-04 23:00:00+00:00,0
liveness_counter,2026-06-05 00:00:00+00:00,0
liveness_counter,2026-06-05 01:00:00+00:00,0
liveness_counter,2026-06-05 02:00:00+00:00,0
liveness_counter,2026-06-05 03:00:00+00:00,0
liveness_counter,2026-06-05 04:00:00+00:00,0
liveness_counter,2026-06-05 05:00:00+00:00,0
liveness_counter,2026-06-05 06:00:00+00:00,0
liveness_counter,2026-06-05 07:00:00+00:00,0
liveness_counter,2026-06-05 08:00:00+00:00,0
liveness_counter,2026-06-05 09:00:00+00:00,0
liveness_counter,2026-06-05 10:00:00+00:00,0
liveness_counter,2026-06-05 11:00:00+00:00,0
liveness_counter,2026-06-05 12:00:00+00:00,0
liveness_counter,2026-06-05 13:00:00+00:00,0
liveness_counter,2026-06-05 14:00:00+00:00,0
liveness_counter,2026-06-05 15:00:00+00:00,0
liveness_counter,2026-06-05 16:00:00+00:00,0
liveness_counter,2026-06-05 17:00:00+00:00,0
liveness_counter,2026-06-05 18:00:00+00:00,0
liveness_counter,2026-06-05 19:00:00+00:00,0
liveness_counter,2026-06-05 20:00:00+00:00,0
liveness_counter,2026-06-05 21:00:00+00:00,0
liveness_counter,2026-06-05 22:00:00+00:00,0
liveness_counter,2026-06-05 23:00:00+00:00,0
liveness_counter,2026-06-06 00:00:00+00:00,0
liveness_counter,2026-06-06 01:00:00+00:00,0
liveness_counter,2026-06-06 02:00:00+00:00,0
liveness_counter,2026-06-06 03:00:00+00:00,0
liveness_counter,2026-06-06 04:00:00+00:00,0
liveness_counter,2026-06-06 05:00:00+00:00,0
liveness_counter,2026-06-06 06:00:00+00:00,0
liveness_counter,2026-06-06 07:00:00+00:00,0
liveness_counter,2026-06-06 08:00:00+00:00,0
liveness_counter,2026-06-06 09:00:00+00:00,0
liveness_counter,2026-06-06 10:00:00+00:00,0
liveness_counter,2026-06-06 11:00:00+00:00,0
liveness_counter,2026-06-06 12:00:00+00:00,0
liveness_counter,2026-06-06 13:00:00+00:00,0
liveness_counter,2026-06-06 14:00:00+00:00,0
liveness_counter,2026-06-06 15:00:00+00:00,0
liveness_counter,2026-06-06 16:00:00+00:00,0
liveness_counter,2026-06-06 17:00:00+00:00,0
liveness_counter,2026-06-06 18:00:00+00:00,0
liveness_counter,2026-06-06 19:00:00+00:00,0
liveness_counter,2026-06-06 20:00:00+00:00,0
liveness_counter,2026-06-06 21:00:00+00:00,0
liveness_counter,2026-06-06 22:00:00+00:00,0
liveness_counter,2026-06-06 23:00:00+00:00,0
liveness_counter,2026-06-07 00:00:00+00:00,0
liveness_counter,2026-06-07 01:00:00+00:00,0
liveness_counter,2026-06-07 02:00:00+00:00,0
liveness_counter,2026-06-07 03:00:00+00:00,0
liveness_counter,2026-06-07 04:00:00+00:00,0
liveness_counter,2026-06-07 05:00:00+00:00,0
liveness_counter,2026-06-07 06:00:00+00:00,0
liveness_counter,2026-06-07 07:00:00+00:00,0
liveness_counter,2026-06-07 08:00:00+00:00,0
liveness_counter,2026-06-07 09:00:00+00:00,0
liveness_counter,2026-06-07 10:00:00+00:00,0
liveness_counter,2026-06-07 11:00:00+00:00,0
liveness_counter,2026-06-07 12:00:00+00:00,0
liveness_counter,2026-06-07 13:00:00+00:00,0
liveness_counter,2026-06-07 14:00:00+00:00,0
liveness_counter,2026-06-07 15:00:00+00:00,0
liveness_counter,2026-06-07 16:00:00+00:00,0
liveness_counter,2026-06-07 17:00:00+00:00,0
liveness_counter,2026-06-07 18:00:00+00:00,0
liveness_counter,2026-06-07 19:00:00+00:00,0
liveness_counter,2026-06-07 20:00:00+00:00,0
liveness_counter,2026-06-07 21:00:00+00:00,0
liveness_counter,2026-06-07 22:00:00+00:00,0
liveness_counter,2026-06-07 23:00:00+00:00,0
liveness_counter,2026-06-08 00:00:00+00:00,0
liveness_counter,2026-06-08 01:00:00+00:00,0
liveness_counter,2026-06-08 02:00:00+00:00,0
liveness_counter,2026-06-08 03:00:00+00:00,0
liveness_counter,2026-06-08 04:00:00+00:00,0
liveness_counter,2026-06-08 05:00:00+00:00,0
liveness_counter,2026-06-08 06:00:00+00:00,0
liveness_counter,2026-06-08 07:00:00+00:00,0
liveness_counter,2026-06-08 08:00:00+00:00,0
liveness_counter,2026-06-08 09:00:00+00:00,0
liveness_counter,2026-06-08 10:00:00+00:00,0
liveness_counter,2026-06-08 11:00:00+00:00,0
liveness_counter,2026-06-08 12:00:00+00:00,0
liveness_counter,2026-06-08 13:00:00+00:00,0
liveness_counter,2026-06-08 14:00:00+00:00,0
liveness_counter,2026-06-08 15:00:00+00:00,0
liveness_counter,2026-06-08 16:00:00+00:00,0
liveness_counter,2026-06-08 17:00:00+00:00,0
liveness_counter,2026-06-08 18:00:00+00:00,0
liveness_counter,2026-06-08 19:00:00+00:00,0
liveness_counter,2026-06-08 20:00:00+00:00,0
liveness_counter,2026-06-08 21:00:00+00:00,0
liveness_counter,2026-06-08 22:00:00+00:00,0
liveness_counter,2026-06-08 23:00:00+00:00,0
liveness_counter,2026-06-09 00:00:00+00:00,0
liveness_counter,2026-06-09 01:00:00+00:00,0
liveness_counter,2026-06-09 02:00:00+00:00,0
liveness_counter,2026-06-09 03:00:00+00:00,0
liveness_counter,2026-06-09 04:00:00+00:00,0
liveness_counter,2026-06-09 05:00:00+00:00,0
liveness_counter,2026-06-09 06:00:00+00:00,0
liveness_counter,2026-06-09 07:00:00+00:00,0
liveness_counter,2026-06-09 08:00:00+00:00,0
liveness_counter,2026-06-09 09:00:00+00:00,0
liveness_counter,2026-06-09 10:00:00+00:00,0
liveness_counter,2026-06-09 11:00:00+00:00,0
liveness_counter,2026-06-09 12:00:00+00:00,0
liveness_counter,2026-06-09 13:00:00+00:00,0
liveness_counter,2026-06-09 14:00:00+00:00,0
liveness_counter,2026-06-09 15:00:00+00:00,0
liveness_counter,2026-06-09 16:00:00+00:00,0
liveness_counter,2026-06-09 17:00:00+00:00,0
liveness_counter,2026-06-09 18:00:00+00:00,0
liveness_counter,2026-06-09 19:00:00+00:00,0
liveness_counter,2026-06-09 20:00:00+00:00,0
liveness_counter,2026-06-09 21:00:00+00:00,0
liveness_counter,2026-06-09 22:00:00+00:00,0
liveness_counter,2026-06-09 23:00:00+00:00,0
liveness_counter,2026-06-10 00:00:00+00:00,0
liveness_counter,2026-06-10 01:00:00+00:00,0
liveness_counter,2026-06-10 02:00:00+00:00,0
liveness_counter,2026-06-10 03:00:00+00:00,0
liveness_counter,2026-06-10 04:00:00+00:00,0
liveness_counter,2026-06-10 05:00:00+00:00,0
liveness_counter,2026-06-10 06:00:00+00:00,0
liveness_counter,2026-06-10 07:00:00+00:00,0
liveness_counter,2026-06-10 08:00:00+00:00,0
liveness_counter,2026-06-10 09:00:00+00:00,0
liveness_counter,2026-06-10 10:00:00+00:00,0
liveness_counter,2026-06-10 11:00:00+00:00,0
liveness_counter,2026-06-10 12:00:00+00:00,0
liveness_counter,2026-06-10 13:00:00+00:00,0
liveness_counter,2026-06-10 14:00:00+00:00,0
liveness_counter,2026-06-10 15:00:00+00:00,0
liveness_counter,2026-06-10 16:00:00+00:00,0
liveness_counter,2026-06-10 17:00:00+00:00,0
liveness_counter,2026-06-10 18:00:00+00:00,0
liveness_counter,2026-06-10 19:00:00+00:00,0
liveness_counter,2026-06-10 20:00:00+00:00,0
liveness_counter,2026-06-10 21:00:00+00:00,0
liveness_counter,2026-06-10 22:00:00+00:00,0
liveness_counter,2026-06-10 23:00:00+00:00,0
liveness_counter,2026-06-11 00:00:00+00:00,0
liveness_counter,2026-06-11 01:00:00+00:00,0
liveness_counter,2026-06-11 02:00:00+00:00,0
liveness_counter,2026-06-11 03:00:00+00:00,0
liveness_counter,2026-06-11 04:00:00+00:00,0
liveness_counter,2026-06-11 05:00:00+00:00,0
liveness_counter,2026-06-11 06:00:00+00:00,0
liveness_counter,2026-06-11 07:00:00+00:00,0
liveness_counter,2026-06-11 08:00:00+00:00,0
liveness_counter,2026-06-11 09:00:00+00:00,0
liveness_counter,2026-06-11 10:00:00+00:00,0
liveness_counter,2026-06-11 11:00:00+00:00,0
liveness_counter,2026-06-11 12:00:00+00:00,0
liveness_counter,2026-06-11 13:00:00+00:00,0
liveness_counter,2026-06-11 14:00:00+00:00,0
liveness_counter,2026-06-11 15:00:00+00:00,0
liveness_counter,2026-06-11 16:00:00+00:00,0
liveness_counter,2026-06-11 17:00:00+00:00,0
liveness_counter,2026-06-11 18:00:00+00:00,0
liveness_counter,2026-06-11 19:00:00+00:00,0
liveness_counter,2026-06-11 20:00:00+00:00,0
liveness_counter,2026-06-11 21:00:00+00:00,0
liveness_counter,2026-06-11 22:00:00+00:00,0
liveness_counter,2026-06-11 23:00:00+00:00,0
liveness_counter,2026-06-12 00:00:00+00:00,0
liveness_counter,2026-06-12 01:00:00+00:00,0
liveness_counter,2026-06-12 02:00:00+00:00,0
liveness_counter,2026-06-12 03:00:00+00:00,0
liveness_counter,2026-06-12 04:00:00+00:00,0
liveness_counter,2026-06-12 05:00:00+00:00,0
liveness_counter,2026-06-12 06:00:00+00:00,0
liveness_counter,2026-06-12 07:00:00+00:00,0
liveness_counter,2026-06-12 08:00:00+00:00,0
liveness_counter,2026-06-12 09:00:00+00:00,0
liveness_counter,2026-06-12 10:00:00+00:00,0
liveness_counter,2026-06-12 11:00:00+00:00,0
liveness_counter,2026-06-12 12:00:00+00:00,0
liveness_counter,2026-06-12 13:00:00+00:00,0
liveness_counter,2026-06-12 14:00:00+00:00,0
liveness_counter,2026-06-12 15:00:00+00:00,0
liveness_counter,2026-06-12 16:00:00+00:00,0
liveness_counter,2026-06-12 17:00:00+00:00,0
liveness_counter,2026-06-12 18:00:00+00:00,0
liveness_counter,2026-06-12 19:00:00+00:00,0
liveness_counter,2026-06-12 20:00:00+00:00,0
liveness_counter,2026-06-12 21:00:00+00:00,0
liveness_counter,2026-06-12 22:00:00+00:00,0
liveness_counter,2026-06-12 23:00:00+00:00,0
liveness_counter,2026-06-13 00:00:00+00:00,0
liveness_counter,2026-06-13 01:00:00+00:00,0
liveness_counter,2026-06-13 02:00:00+00:00,0
liveness_counter,2026-06-13 03:00:00+00:00,0
liveness_counter,2026-06-13 04:00:00+00:00,0
liveness_counter,2026-06-13 05:00:00+00:00,0
liveness_counter,2026-06-13 06:00:00+00:00,0
liveness_counter,2026-06-13 07:00:00+00:00,0
liveness_counter,2026-06-13 08:00:00+00:00,0
liveness_counter,2026-06-13 09:00:00+00:00,0
liveness_counter,2026-06-13 10:00:00+00:00,0
liveness_counter,2026-06-13 11:00:00+00:00,0
liveness_counter,2026-06-13 12:00:00+00:00,0
liveness_counter,2026-06-13 13:00:00+00:00,0
liveness_counter,2026-06-13 14:00:00+00:00,0
liveness_counter,2026-06-13 15:00:00+00:00,0
liveness_counter,2026-06-13 16:00:00+00:00,0
liveness_counter,2026-06-13 17:00:00+00:00,0
liveness_counter,2026-06-13 18:00:00+00:00,0
liveness_counter,2026-06-13 19:00:00+00:00,0
liveness_counter,2026-06-13 20:00:00+00:00,0
liveness_counter,2026-06-13 21:00:00+00:00,0
liveness_counter,2026-06-13 22:00:00+00:00,0
liveness_counter,2026-06-13 23:00:00+00:00,0
liveness_counter,2026-06-14 00:00:00+00:00,0
liveness_counter,2026-06-14 01:00:00+00:00,0
liveness_counter,2026-06-14 02:00:00+00:00,0
liveness_counter,2026-06-14 03:00:00+00:00,0
liveness_counter,2026-06-14 04:00:00+00:00,0
liveness_counter,2026-06-14 05:00:00+00:00,0
liveness_counter,2026-06-14 06:00:00+00:00,0
liveness_counter,2026-06-14 07:00:00+00:00,0
liveness_counter,2026-06-14 08:00:00+00:00,0
liveness_counter,2026-06-14 09:00:00+00:00,0
liveness_counter,2026-06-14 10:00:00+00:00,0
liveness_counter,2026-06-14 11:00:00+00:00,0
liveness_counter,2026-06-14 12:00:00+00:00,0
liveness_counter,2026-06-14 13:00:00+00:00,0
liveness_counter,2026-06-14 14:00:00+00:00,0
liveness_counter,2026-06-14 15:00:00+00:00,0
liveness_counter,2026-06-14 16:00:00+00:00,0
liveness_counter,2026-06-14 17:00:00+00:00,0
liveness_counter,2026-06-14 18:00:00+00:00,0
liveness_counter,2026-06-14 19:00:00+00:00,0
liveness_counter,2026-06-14 20:00:00+00:00,0
liveness_counter,2026-06-14 21:00:00+00:00,0
liveness_counter,2026-06-14 22:00:00+00:00,0
liveness_counter,2026-06-14 23:00:00+00:00,0
liveness_counter,2026-06-15 00:00:00+00:00,0
liveness_counter,2026-06-15 01:00:00+00:00,0
liveness_counter,2026-06-15 02:00:00+00:00,0
liveness_counter,2026-06-15 03:00:00+00:00,0
liveness_counter,2026-06-15 04:00:00+00:00,0
liveness_counter,2026-06-15 05:00:00+00:00,0
liveness_counter,2026-06-15 06:00:00+00:00,0
liveness_counter,2026-06-15 07:00:00+00:00,0
liveness_counter,2026-06-15 08:00:00+00:00,0
liveness_counter,2026-06-15 09:00:00+00:00,0
liveness_counter,2026-06-15 10:00:00+00:00,0
liveness_counter,2026-06-15 11:00:00+00:00,0
liveness_counter,2026-06-15 12:00:00+00:00,0
liveness_counter,2026-06-15 13:00:00+00:00,0
liveness_counter,2026-06-15 14:00:00+00:00,0
liveness_counter,2026-06-15 15:00:00+00:00,0
liveness_counter,2026-06-15 16:00:00+00:00,0
liveness_counter,2026-06-15 17:00:00+00:00,0
liveness_counter,2026-06-15 18:00:00+00:00,0
liveness_counter,2026-06-15 19:00:00+00:00,0
liveness_counter,2026-06-15 20:00:00+00:00,0
liveness_counter,2026-06-15 21:00:00+00:00,0
liveness_counter,2026-06-15 22:00:00+00:00,0
liveness_counter,2026-06-15 23:00:00+00:00,0
liveness_counter,2026-06-16 00:00:00+00:00,0
liveness_counter,2026-06-16 01:00:00+00:00,0
liveness_counter,2026-06-16 02:00:00+00:00,0
liveness_counter,2026-06-16 03:00:00+00:00,0
liveness_counter,2026-06-16 04:00:00+00:00,0
liveness_counter,2026-06-16 05:00:00+00:00,0
liveness_counter,2026-06-16 06:00:00+00:00,0
liveness_counter,2026-06-16 07:00:00+00:00,0
liveness_counter,2026-06-16 08:00:00+00:00,0
liveness_counter,2026-06-16 09:00:00+00:00,0
liveness_counter,2026-06-16 10:00:00+00:00,0
liveness_counter,2026-06-16 11:00:00+00:00,0
liveness_counter,2026-06-16 12:00:00+00:00,0
liveness_counter,2026-06-16 13:00:00+00:00,0
liveness_counter,2026-06-16 14:00:00+00:00,0
liveness_counter,2026-06-16 15:00:00+00:00,0
liveness_counter,2026-06-16 16:00:00+00:00,0
liveness_counter,2026-06-16 17:00:00+00:00,0
liveness_counter,2026-06-16 18:00:00+00:00,0
liveness_counter,2026-06-16 19:00:00+00:00,0
liveness_counter,2026-06-16 20:00:00+00:00,0
liveness_counter,2026-06-16 21:00:00+00:00,0
liveness_counter,2026-06-16 22:00:00+00:00,29
liveness_counter,2026-06-16 23:00:00+00:00,43
liveness_counter,2026-06-17 00:00:00+00:00,54
liveness_counter,2026-06-17 01:00:00+00:00,89
liveness_counter,2026-06-17 02:00:00+00:00,112
liveness_counter,2026-06-17 03:00:00+00:00,120
liveness_counter,2026-06-17 04:00:00+00:00,121
liveness_counter,2026-06-17 05:00:00+00:00,123
liveness_counter,2026-06-17 06:00:00+00:00,126
liveness_counter,2026-06-17 07:00:00+00:00,126
liveness_counter,2026-06-17 08:00:00+00:00,126
liveness_counter,2026-06-17 09:00:00+00:00,128
liveness_counter,2026-06-17 10:00:00+00:00,128
liveness_counter,2026-06-17 11:00:00+00:00,132
liveness_counter,2026-06-17 12:00:00+00:00,132
liveness_counter,2026-06-17 13:00:00+00:00,133
liveness_counter,2026-06-17 14:00:00+00:00,133
liveness_counter,2026-06-17 15:00:00+00:00,133
liveness_counter,2026-06-17 16:00:00+00:00,138
liveness_counter,2026-06-17 17:00:00+00:00,139
liveness_counter,2026-06-17 18:00:00+00:00,140
liveness_counter,2026-06-17 19:00:00+00:00,140
liveness_counter,2026-06-17 20:00:00+00:00,140
liveness_counter,2026-06-17 21:00:00+00:00,140
liveness_counter,2026-06-17 22:00:00+00:00,140
liveness_counter,2026-06-17 23:00:00+00:00,140
liveness_counter,2026-06-18 00:00:00+00:00,141
liveness_counter,2026-06-18 01:00:00+00:00,142
liveness_counter,2026-06-18 02:00:00+00:00,142
liveness_counter,2026-06-18 03:00:00+00:00,142
liveness_counter,2026-06-18 04:00:00+00:00,142
liveness_counter,2026-06-18 05:00:00+00:00,142
liveness_counter,2026-06-18 06:00:00+00:00,142
liveness_counter,2026-06-18 07:00:00+00:00,142
liveness_counter,2026-06-18 08:00:00+00:00,142
liveness_counter,2026-06-18 09:00:00+00:00,142
liveness_counter,2026-06-18 10:00:00+00:00,142
liveness_counter,2026-06-18 11:00:00+00:00,143
liveness_counter,2026-06-18 12:00:00+00:00,143
liveness_counter,2026-06-18 13:00:00+00:00,144
liveness_counter,2026-06-18 14:00:00+00:00,146
liveness_counter,2026-06-18 15:00:00+00:00,146
liveness_counter,2026-06-18 16:00:00+00:00,148
liveness_counter,2026-06-18 17:00:00+00:00,150
liveness_counter,2026-06-18 18:00:00+00:00,151
liveness_counter,2026-06-18 19:00:00+00:00,152
liveness_counter,2026-06-18 20:00:00+00:00,152
liveness_counter,2026-06-18 21:00:00+00:00,152
liveness_counter,2026-06-18 22:00:00+00:00,152
liveness_counter,2026-06-18 23:00:00+00:00,152
liveness_counter,2026-06-19 00:00:00+00:00,152
liveness_counter,2026-06-19 01:00:00+00:00,152
liveness_counter,2026-06-19 02:00:00+00:00,152
liveness_counter,2026-06-19 03:00:00+00:00,152
liveness_counter,2026-06-19 04:00:00+00:00,152
liveness_counter,2026-06-19 05:00:00+00:00,152
liveness_counter,2026-06-19 06:00:00+00:00,152
liveness_counter,2026-06-19 07:00:00+00:00,152
liveness_counter,2026-06-19 08:00:00+00:00,152
liveness_counter,2026-06-19 09:00:00+00:00,152
liveness_counter,2026-06-19 10:00:00+00:00,152
liveness_counter,2026-06-19 11:00:00+00:00,152
liveness_counter,2026-06-19 12:00:00+00:00,152
liveness_counter,2026-06-19 13:00:00+00:00,152
liveness_counter,2026-06-19 14:00:00+00:00,153
liveness_counter,2026-06-19 15:00:00+00:00,157
liveness_counter,2026-06-19 16:00:00+00:00,159
liveness_counter,2026-06-19 17:00:00+00:00,159
liveness_counter,2026-06-19 18:00:00+00:00,159
liveness_counter,2026-06-19 19:00:00+00:00,159
liveness_counter,2026-06-19 20:00:00+00:00,159
liveness_counter,2026-06-19 21:00:00+00:00,159
liveness_counter,2026-06-19 22:00:00+00:00,159
liveness_counter,2026-06-19 23:00:00+00:00,159
liveness_counter,2026-06-20 00:00:00+00:00,159
liveness_counter,2026-06-20 01:00:00+00:00,164
liveness_counter,2026-06-20 02:00:00+00:00,165
liveness_counter,2026-06-20 03:00:00+00:00,171
liveness_counter,2026-06-20 04:00:00+00:00,172
liveness_counter,2026-06-20 05:00:00+00:00,173
liveness_counter,2026-06-20 06:00:00+00:00,180
liveness_counter,2026-06-20 07:00:00+00:00,180
liveness_counter,2026-06-20 08:00:00+00:00,184
liveness_counter,2026-06-20 09:00:00+00:00,190
liveness_counter,2026-06-20 10:00:00+00:00,195
liveness_counter,2026-06-20 11:00:00+00:00,196
liveness_counter,2026-06-20 12:00:00+00:00,197
liveness_counter,2026-06-20 13:00:00+00:00,197
liveness_counter,2026-06-20 14:00:00+00:00,197
liveness_counter,2026-06-20 15:00:00+00:00,197
liveness_counter,2026-06-20 16:00:00+00:00,197
liveness_counter,2026-06-20 17:00:00+00:00,197
liveness_counter,2026-06-20 18:00:00+00:00,198
liveness_counter,2026-06-20 19:00:00+00:00,198
liveness_counter,2026-06-20 20:00:00+00:00,199
liveness_counter,2026-06-20 21:00:00+00:00,199
liveness_counter,2026-06-20 22:00:00+00:00,199
liveness_counter,2026-06-20 23:00:00+00:00,200
liveness_counter,2026-06-21 00:00:00+00:00,200
liveness_counter,2026-06-21 01:00:00+00:00,200
liveness_counter,2026-06-21 02:00:00+00:00,200
liveness_counter,2026-06-21 03:00:00+00:00,200
liveness_counter,2026-06-21 04:00:00+00:00,200
liveness_counter,2026-06-21 05:00:00+00:00,200
liveness_counter,2026-06-21 06:00:00+00:00,200
liveness_counter,2026-06-21 07:00:00+00:00,200
liveness_counter,2026-06-21 08:00:00+00:00,202
liveness_counter,2026-06-21 09:00:00+00:00,202
liveness_counter,2026-06-21 10:00:00+00:00,203
liveness_counter,2026-06-21 11:00:00+00:00,203
liveness_counter,2026-06-21 12:00:00+00:00,203
liveness_counter,2026-06-21 13:00:00+00:00,203
liveness_counter,2026-06-21 14:00:00+00:00,207
liveness_counter,2026-06-21 15:00:00+00:00,207
liveness_counter,2026-06-21 16:00:00+00:00,208
liveness_counter,2026-06-21 17:00:00+00:00,208
liveness_counter,2026-06-21 18:00:00+00:00,208
liveness_counter,2026-06-21 19:00:00+00:00,211
liveness_counter,2026-06-21 20:00:00+00:00,212
liveness_counter,2026-06-21 21:00:00+00:00,212
liveness_counter,2026-06-21 22:00:00+00:00,215
liveness_counter,2026-06-21 23:00:00+00:00,217
liveness_counter,2026-06-22 00:00:00+00:00,217
liveness_counter,2026-06-22 01:00:00+00:00,217
liveness_counter,2026-06-22 02:00:00+00:00,217
liveness_counter,2026-06-22 03:00:00+00:00,217
liveness_counter,2026-06-22 04:00:00+00:00,217
liveness_counter,2026-06-22 05:00:00+00:00,217
liveness_counter,2026-06-22 06:00:00+00:00,217
liveness_counter,2026-06-22 07:00:00+00:00,217
liveness_counter,2026-06-22 08:00:00+00:00,217
liveness_counter,2026-06-22 09:00:00+00:00,217
liveness_counter,2026-06-22 10:00:00+00:00,217
liveness_counter,2026-06-22 11:00:00+00:00,217
liveness_counter,2026-06-22 12:00:00+00:00,217
liveness_counter,2026-06-22 13:00:00+00:00,217
liveness_counter,2026-06-22 14:00:00+00:00,217
liveness_counter,2026-06-22 15:00:00+00:00,217
liveness_counter,2026-06-22 16:00:00+00:00,217
liveness_counter,2026-06-22 17:00:00+00:00,217
liveness_counter,2026-06-22 18:00:00+00:00,217
liveness_counter,2026-06-22 19:00:00+00:00,217
liveness_counter,2026-06-22 20:00:00+00:00,217
liveness_counter,2026-06-22 21:00:00+00:00,217
liveness_counter,2026-06-22 22:00:00+00:00,217
liveness_counter,2026-06-22 23:00:00+00:00,217
liveness_counter,2026-06-23 00:00:00+00:00,217
liveness_counter,2026-06-23 01:00:00+00:00,217
liveness_counter,2026-06-23 02:00:00+00:00,217
liveness_counter,2026-06-23 03:00:00+00:00,217
liveness_counter,2026-06-23 04:00:00+00:00,217
liveness_counter,2026-06-23 05:00:00+00:00,217
liveness_counter,2026-06-23 06:00:00+00:00,217
liveness_counter,2026-06-23 07:00:00+00:00,217
liveness_counter,2026-06-23 08:00:00+00:00,217
liveness_counter,2026-06-23 09:00:00+00:00,217
liveness_counter,2026-06-23 10:00:00+00:00,217
liveness_counter,2026-06-23 11:00:00+00:00,217
liveness_counter,2026-06-23 12:00:00+00:00,217
liveness_counter,2026-06-23 13:00:00+00:00,217
liveness_counter,2026-06-23 14:00:00+00:00,217
liveness_counter,2026-06-23 15:00:00+00:00,217
liveness_counter,2026-06-23 16:00:00+00:00,217
liveness_counter,2026-06-23 17:00:00+00:00,217
liveness_counter,2026-06-23 18:00:00+00:00,217
liveness_counter,2026-06-23 19:00:00+00:00,217
liveness_counter,2026-06-23 20:00:00+00:00,217
liveness_counter,2026-06-23 21:00:00+00:00,217
liveness_counter,2026-06-23 22:00:00+00:00,217
liveness_counter,2026-06-23 23:00:00+00:00,217
liveness_counter,2026-06-24 00:00:00+00:00,217
liveness_counter,2026-06-24 01:00:00+00:00,217
liveness_counter,2026-06-24 02:00:00+00:00,217
liveness_counter,2026-06-24 03:00:00+00:00,217
liveness_counter,2026-06-24 04:00:00+00:00,217
liveness_counter,2026-06-24 05:00:00+00:00,217
liveness_counter,2026-06-24 06:00:00+00:00,217
liveness_counter,2026-06-24 07:00:00+00:00,217
liveness_counter,2026-06-24 08:00:00+00:00,217
liveness_counter,2026-06-24 09:00:00+00:00,217
liveness_counter,2026-06-24 10:00:00+00:00,217
liveness_counter,2026-06-24 11:00:00+00:00,217
liveness_counter,2026-06-24 12:00:00+00:00,217
liveness_counter,2026-06-24 13:00:00+00:00,217
liveness_counter,2026-06-24 14:00:00+00:00,217
liveness_counter,2026-06-24 15:00:00+00:00,217
liveness_counter,2026-06-24 16:00:00+00:00,217
liveness_counter,2026-06-24 17:00:00+00:00,217
liveness_counter,2026-06-24 18:00:00+00:00,217
liveness_counter,2026-06-24 19:00:00+00:00,217
liveness_counter,2026-06-24 20:00:00+00:00,217
liveness_counter,2026-06-24 21:00:00+00:00,217
liveness_counter,2026-06-24 22:00:00+00:00,217
liveness_counter,2026-06-24 23:00:00+00:00,217
liveness_counter,2026-06-25 00:00:00+00:00,217
liveness_counter,2026-06-25 01:00:00+00:00,217
liveness_counter,2026-06-25 02:00:00+00:00,217
liveness_counter,2026-06-25 03:00:00+00:00,217
liveness_counter,2026-06-25 04:00:00+00:00,217
liveness_counter,2026-06-25 05:00:00+00:00,217
liveness_counter,2026-06-25 06:00:00+00:00,217
liveness_counter,2026-06-25 07:00:00+00:00,217
liveness_counter,2026-06-25 08:00:00+00:00,217
liveness_counter,2026-06-25 09:00:00+00:00,217
liveness_counter,2026-06-25 10:00:00+00:00,217
liveness_counter,2026-06-25 11:00:00+00:00,217
liveness_counter,2026-06-25 12:00:00+00:00,217
liveness_counter,2026-06-25 13:00:00+00:00,217
liveness_counter,2026-06-25 14:00:00+00:00,217
liveness_counter,2026-06-25 15:00:00+00:00,217
liveness_counter,2026-06-25 16:00:00+00:00,217
liveness_counter,2026-06-25 17:00:00+00:00,217
liveness_counter,2026-06-25 18:00:00+00:00,217
liveness_counter,2026-06-25 19:00:00+00:00,217
liveness_counter,2026-06-25 20:00:00+00:00,217
liveness_counter,2026-06-25 21:00:00+00:00,217
liveness_counter,2026-06-25 22:00:00+00:00,217
liveness_counter,2026-06-25 23:00:00+00:00,217
liveness_counter,2026-06-26 00:00:00+00:00,217
liveness_counter,2026-06-26 01:00:00+00:00,217
liveness_counter,2026-06-26 02:00:00+00:00,217
liveness_counter,2026-06-26 03:00:00+00:00,217
liveness_counter,2026-06-26 04:00:00+00:00,217
liveness_counter,2026-06-26 05:00:00+00:00,217
liveness_counter,2026-06-26 06:00:00+00:00,217
liveness_counter,2026-06-26 07:00:00+00:00,217
liveness_counter,2026-06-26 08:00:00+00:00,217
liveness_counter,2026-06-26 09:00:00+00:00,217
liveness_counter,2026-06-26 10:00:00+00:00,217
liveness_counter,2026-06-26 11:00:00+00:00,217
liveness_counter,2026-06-26 12:00:00+00:00,217
liveness_counter,2026-06-26 13:00:00+00:00,217
liveness_counter,2026-06-26 14:00:00+00:00,217
liveness_counter,2026-06-26 15:00:00+00:00,217
liveness_counter,2026-06-26 16:00:00+00:00,217
liveness_counter,2026-06-26 17:00:00+00:00,217
liveness_counter,2026-06-26 18:00:00+00:00,217
liveness_counter,2026-06-26 19:00:00+00:00,217
liveness_counter,2026-06-26 20:00:00+00:00,217
liveness_counter,2026-06-26 21:00:00+00:00,217
liveness_counter,2026-06-26 22:00:00+00:00,217
liveness_counter,2026-06-26 23:00:00+00:00,217
liveness_counter,2026-06-27 00:00:00+00:00,217
liveness_counter,2026-06-27 01:00:00+00:00,217
liveness_counter,2026-06-27 02:00:00+00:00,217
liveness_counter,2026-06-27 03:00:00+00:00,217
liveness_counter,2026-06-27 04:00:00+00:00,217
liveness_counter,2026-06-27 05:00:00+00:00,217
liveness_counter,2026-06-27 06:00:00+00:00,217
liveness_counter,2026-06-27 07:00:00+00:00,217
liveness_counter,2026-06-27 08:00:00+00:00,217
liveness_counter,2026-06-27 09:00:00+00:00,217
liveness_counter,2026-06-27 10:00:00+00:00,217
liveness_counter,2026-06-27 11:00:00+00:00,217
liveness_counter,2026-06-27 12:00:00+00:00,217
liveness_counter,2026-06-27 13:00:00+00:00,217
liveness_counter,2026-06-27 14:00:00+00:00,217
liveness_counter,2026-06-27 15:00:00+00:00,217
liveness_counter,2026-06-27 16:00:00+00:00,217
liveness_counter,2026-06-27 17:00:00+00:00,217
liveness_counter,2026-06-27 18:00:00+00:00,217
liveness_counter,2026-06-27 19:00:00+00:00,217
liveness_counter,2026-06-27 20:00:00+00:00,217
liveness_counter,2026-06-27 21:00:00+00:00,217
liveness_counter,2026-06-27 22:00:00+00:00,217
liveness_counter,2026-06-27 23:00:00+00:00,217
liveness_counter,2026-06-28 00:00:00+00:00,217
liveness_counter,2026-06-28 01:00:00+00:00,217
liveness_counter,2026-06-28 02:00:00+00:00,217
liveness_counter,2026-06-28 03:00:00+00:00,217
liveness_counter,2026-06-28 04:00:00+00:00,217
liveness_counter,2026-06-28 05:00:00+00:00,217
liveness_counter,2026-06-28 06:00:00+00:00,217
liveness_counter,2026-06-28 07:00:00+00:00,217
liveness_counter,2026-06-28 08:00:00+00:00,217
liveness_counter,2026-06-28 09:00:00+00:00,217
liveness_counter,2026-06-28 10:00:00+00:00,217
liveness_counter,2026-06-28 11:00:00+00:00,217
liveness_counter,2026-06-28 12:00:00+00:00,217
liveness_counter,2026-06-28 13:00:00+00:00,217
liveness_counter,2026-06-28 14:00:00+00:00,217
liveness_counter,2026-06-28 15:00:00+00:00,217
liveness_counter,2026-06-28 16:00:00+00:00,217
liveness_counter,2026-06-28 17:00:00+00:00,217
liveness_counter,2026-06-28 18:00:00+00:00,217
liveness_counter,2026-06-28 19:00:00+00:00,217
liveness_counter,2026-06-28 20:00:00+00:00,217
liveness_counter,2026-06-28 21:00:00+00:00,217
liveness_counter,2026-06-28 22:00:00+00:00,217
liveness_counter,2026-06-28 23:00:00+00:00,217
liveness_counter,2026-06-29 00:00:00+00:00,217
liveness_counter,2026-06-29 01:00:00+00:00,217
liveness_counter,2026-06-29 02:00:00+00:00,217
liveness_counter,2026-06-29 03:00:00+00:00,217
liveness_counter,2026-06-29 04:00:00+00:00,217
liveness_counter,2026-06-29 05:00:00+00:00,217
liveness_counter,2026-06-29 06:00:00+00:00,217
liveness_counter,2026-06-29 07:00:00+00:00,217
liveness_counter,2026-06-29 08:00:00+00:00,217
liveness_counter,2026-06-29 09:00:00+00:00,217
liveness_counter,2026-06-29 10:00:00+00:00,217
liveness_counter,2026-06-29 11:00:00+00:00,217
liveness_counter,2026-06-29 12:00:00+00:00,217
liveness_counter,2026-06-29 13:00:00+00:00,217
liveness_counter,2026-06-29 14:00:00+00:00,217
liveness_counter,2026-06-29 15:00:00+00:00,217
liveness_counter,2026-06-29 16:00:00+00:00,217
liveness_counter,2026-06-29 17:00:00+00:00,217
liveness_counter,2026-06-29 18:00:00+00:00,217
liveness_counter,2026-06-29 19:00:00+00:00,217
liveness_counter,2026-06-29 20:00:00+00:00,217
liveness_counter,2026-06-29 21:00:00+00:00,217
liveness_counter,2026-06-29 22:00:00+00:00,217
liveness_counter,2026-06-29 23:00:00+00:00,217
liveness_counter,2026-06-30 00:00:00+00:00,217
liveness_counter,2026-06-30 01:00:00+00:00,217
liveness_counter,2026-06-30 02:00:00+00:00,217
liveness_counter,2026-06-30 03:00:00+00:00,217
liveness_counter,2026-06-30 04:00:00+00:00,217
liveness_counter,2026-06-30 05:00:00+00:00,217
liveness_counter,2026-06-30 06:00:00+00:00,217
liveness_counter,2026-06-30 07:00:00+00:00,217
liveness_counter,2026-06-30 08:00:00+00:00,217
liveness_counter,2026-06-30 09:00:00+00:00,217
liveness_counter,2026-06-30 10:00:00+00:00,217
liveness_counter,2026-06-30 11:00:00+00:00,217
liveness_counter,2026-06-30 12:00:00+00:00,217
liveness_counter,2026-06-30 13:00:00+00:00,217
liveness_counter,2026-06-30 14:00:00+00:00,217
liveness_counter,2026-06-30 15:00:00+00:00,217
liveness_counter,2026-06-30 16:00:00+00:00,217
liveness_counter,2026-06-30 17:00:00+00:00,217
liveness_counter,2026-06-30 18:00:00+00:00,217
liveness_counter,2026-06-30 19:00:00+00:00,217
liveness_counter,2026-06-30 20:00:00+00:00,217
liveness_counter,2026-06-30 21:00:00+00:00,217
liveness_counter,2026-06-30 22:00:00+00:00,217
liveness_counter,2026-06-30 23:00:00+00:00,217
liveness_counter,2026-07-01 00:00:00+00:00,217
liveness_counter,2026-07-01 01:00:00+00:00,217
liveness_counter,2026-07-01 02:00:00+00:00,217
liveness_counter,2026-07-01 03:00:00+00:00,217
liveness_counter,2026-07-01 04:00:00+00:00,217
liveness_counter,2026-07-01 05:00:00+00:00,217
liveness_counter,2026-07-01 06:00:00+00:00,217
liveness_counter,2026-07-01 07:00:00+00:00,217
liveness_counter,2026-07-01 08:00:00+00:00,217
liveness_counter,2026-07-01 09:00:00+00:00,217
liveness_counter,2026-07-01 10:00:00+00:00,217
liveness_counter,2026-07-01 11:00:00+00:00,217
liveness_counter,2026-07-01 12:00:00+00:00,217
liveness_counter,2026-07-01 13:00:00+00:00,217
liveness_counter,2026-07-01 14:00:00+00:00,217
liveness_counter,2026-07-01 15:00:00+00:00,217
liveness_counter,2026-07-01 16:00:00+00:00,217
liveness_counter,2026-07-01 17:00:00+00:00,217
liveness_counter,2026-07-01 18:00:00+00:00,217
liveness_counter,2026-07-01 19:00:00+00:00,217
liveness_counter,2026-07-01 20:00:00+00:00,217
liveness_counter,2026-07-01 21:00:00+00:00,217
liveness_counter,2026-07-01 22:00:00+00:00,217
liveness_counter,2026-07-01 23:00:00+00:00,217
liveness_counter,2026-07-02 00:00:00+00:00,217
liveness_counter,2026-07-02 01:00:00+00:00,217
liveness_counter,2026-07-02 02:00:00+00:00,217
liveness_counter,2026-07-02 03:00:00+00:00,217
liveness_counter,2026-07-02 04:00:00+00:00,217
liveness_counter,2026-07-02 05:00:00+00:00,217
liveness_counter,2026-07-02 06:00:00+00:00,217
liveness_counter,2026-07-02 07:00:00+00:00,217
liveness_counter,2026-07-02 08:00:00+00:00,217
liveness_counter,2026-07-02 09:00:00+00:00,217
liveness_counter,2026-07-02 10:00:00+00:00,217
liveness_counter,2026-07-02 11:00:00+00:00,217
liveness_counter,2026-07-02 12:00:00+00:00,217
liveness_counter,2026-07-02 13:00:00+00:00,217
liveness_counter,2026-07-02 14:00:00+00:00,217
liveness_counter,2026-07-02 15:00:00+00:00,217
liveness_counter,2026-07-02 16:00:00+00:00,217
liveness_counter,2026-07-02 17:00:00+00:00,217
markdown_proxy,2026-05-24 06:00:00+00:00,0
markdown_proxy,2026-05-24 07:00:00+00:00,0
markdown_proxy,2026-05-24 08:00:00+00:00,0
markdown_proxy,2026-05-24 09:00:00+00:00,0
markdown_proxy,2026-05-24 10:00:00+00:00,0
markdown_proxy,2026-05-24 11:00:00+00:00,0
markdown_proxy,2026-05-24 12:00:00+00:00,0
markdown_proxy,2026-05-24 13:00:00+00:00,0
markdown_proxy,2026-05-24 14:00:00+00:00,0
markdown_proxy,2026-05-24 15:00:00+00:00,0
markdown_proxy,2026-05-24 16:00:00+00:00,0
markdown_proxy,2026-05-24 17:00:00+00:00,0
markdown_proxy,2026-05-24 18:00:00+00:00,0
markdown_proxy,2026-05-24 19:00:00+00:00,0
markdown_proxy,2026-05-24 20:00:00+00:00,0
markdown_proxy,2026-05-24 21:00:00+00:00,0
markdown_proxy,2026-05-24 22:00:00+00:00,0
markdown_proxy,2026-05-24 23:00:00+00:00,0
markdown_proxy,2026-05-25 00:00:00+00:00,0
markdown_proxy,2026-05-25 01:00:00+00:00,0
markdown_proxy,2026-05-25 02:00:00+00:00,0
markdown_proxy,2026-05-25 03:00:00+00:00,0
markdown_proxy,2026-05-25 04:00:00+00:00,0
markdown_proxy,2026-05-25 05:00:00+00:00,0
markdown_proxy,2026-05-25 06:00:00+00:00,0
markdown_proxy,2026-05-25 07:00:00+00:00,0
markdown_proxy,2026-05-25 08:00:00+00:00,0
markdown_proxy,2026-05-25 09:00:00+00:00,0
markdown_proxy,2026-05-25 10:00:00+00:00,0
markdown_proxy,2026-05-25 11:00:00+00:00,0
markdown_proxy,2026-05-25 12:00:00+00:00,0
markdown_proxy,2026-05-25 13:00:00+00:00,0
markdown_proxy,2026-05-25 14:00:00+00:00,0
markdown_proxy,2026-05-25 15:00:00+00:00,0
markdown_proxy,2026-05-25 16:00:00+00:00,0
markdown_proxy,2026-05-25 17:00:00+00:00,0
markdown_proxy,2026-05-25 18:00:00+00:00,0
markdown_proxy,2026-05-25 19:00:00+00:00,0
markdown_proxy,2026-05-25 20:00:00+00:00,0
markdown_proxy,2026-05-25 21:00:00+00:00,0
markdown_proxy,2026-05-25 22:00:00+00:00,0
markdown_proxy,2026-05-25 23:00:00+00:00,0
markdown_proxy,2026-05-26 00:00:00+00:00,0
markdown_proxy,2026-05-26 01:00:00+00:00,0
markdown_proxy,2026-05-26 02:00:00+00:00,0
markdown_proxy,2026-05-26 03:00:00+00:00,0
markdown_proxy,2026-05-26 04:00:00+00:00,0
markdown_proxy,2026-05-26 05:00:00+00:00,0
markdown_proxy,2026-05-26 06:00:00+00:00,0
markdown_proxy,2026-05-26 07:00:00+00:00,0
markdown_proxy,2026-05-26 08:00:00+00:00,0
markdown_proxy,2026-05-26 09:00:00+00:00,1
markdown_proxy,2026-05-26 10:00:00+00:00,5
markdown_proxy,2026-05-26 11:00:00+00:00,9
markdown_proxy,2026-05-26 12:00:00+00:00,9
markdown_proxy,2026-05-26 13:00:00+00:00,16
markdown_proxy,2026-05-26 14:00:00+00:00,21
markdown_proxy,2026-05-26 15:00:00+00:00,26
markdown_proxy,2026-05-26 16:00:00+00:00,45
markdown_proxy,2026-05-26 17:00:00+00:00,46
markdown_proxy,2026-05-26 18:00:00+00:00,46
markdown_proxy,2026-05-26 19:00:00+00:00,46
markdown_proxy,2026-05-26 20:00:00+00:00,46
markdown_proxy,2026-05-26 21:00:00+00:00,46
markdown_proxy,2026-05-26 22:00:00+00:00,46
markdown_proxy,2026-05-26 23:00:00+00:00,46
markdown_proxy,2026-05-27 00:00:00+00:00,46
markdown_proxy,2026-05-27 01:00:00+00:00,46
markdown_proxy,2026-05-27 02:00:00+00:00,48
markdown_proxy,2026-05-27 03:00:00+00:00,48
markdown_proxy,2026-05-27 04:00:00+00:00,49
markdown_proxy,2026-05-27 05:00:00+00:00,49
markdown_proxy,2026-05-27 06:00:00+00:00,50
markdown_proxy,2026-05-27 07:00:00+00:00,52
markdown_proxy,2026-05-27 08:00:00+00:00,56
markdown_proxy,2026-05-27 09:00:00+00:00,56
markdown_proxy,2026-05-27 10:00:00+00:00,56
markdown_proxy,2026-05-27 11:00:00+00:00,56
markdown_proxy,2026-05-27 12:00:00+00:00,57
markdown_proxy,2026-05-27 13:00:00+00:00,57
markdown_proxy,2026-05-27 14:00:00+00:00,57
markdown_proxy,2026-05-27 15:00:00+00:00,57
markdown_proxy,2026-05-27 16:00:00+00:00,57
markdown_proxy,2026-05-27 17:00:00+00:00,57
markdown_proxy,2026-05-27 18:00:00+00:00,57
markdown_proxy,2026-05-27 19:00:00+00:00,57
markdown_proxy,2026-05-27 20:00:00+00:00,57
markdown_proxy,2026-05-27 21:00:00+00:00,57
markdown_proxy,2026-05-27 22:00:00+00:00,57
markdown_proxy,2026-05-27 23:00:00+00:00,57
markdown_proxy,2026-05-28 00:00:00+00:00,63
markdown_proxy,2026-05-28 01:00:00+00:00,63
markdown_proxy,2026-05-28 02:00:00+00:00,63
markdown_proxy,2026-05-28 03:00:00+00:00,63
markdown_proxy,2026-05-28 04:00:00+00:00,63
markdown_proxy,2026-05-28 05:00:00+00:00,63
markdown_proxy,2026-05-28 06:00:00+00:00,63
markdown_proxy,2026-05-28 07:00:00+00:00,66
markdown_proxy,2026-05-28 08:00:00+00:00,67
markdown_proxy,2026-05-28 09:00:00+00:00,67
markdown_proxy,2026-05-28 10:00:00+00:00,67
markdown_proxy,2026-05-28 11:00:00+00:00,67
markdown_proxy,2026-05-28 12:00:00+00:00,68
markdown_proxy,2026-05-28 13:00:00+00:00,71
markdown_proxy,2026-05-28 14:00:00+00:00,79
markdown_proxy,2026-05-28 15:00:00+00:00,84
markdown_proxy,2026-05-28 16:00:00+00:00,84
markdown_proxy,2026-05-28 17:00:00+00:00,84
markdown_proxy,2026-05-28 18:00:00+00:00,85
markdown_proxy,2026-05-28 19:00:00+00:00,88
markdown_proxy,2026-05-28 20:00:00+00:00,90
markdown_proxy,2026-05-28 21:00:00+00:00,91
markdown_proxy,2026-05-28 22:00:00+00:00,93
markdown_proxy,2026-05-28 23:00:00+00:00,93
markdown_proxy,2026-05-29 00:00:00+00:00,93
markdown_proxy,2026-05-29 01:00:00+00:00,93
markdown_proxy,2026-05-29 02:00:00+00:00,93
markdown_proxy,2026-05-29 03:00:00+00:00,93
markdown_proxy,2026-05-29 04:00:00+00:00,93
markdown_proxy,2026-05-29 05:00:00+00:00,93
markdown_proxy,2026-05-29 06:00:00+00:00,93
markdown_proxy,2026-05-29 07:00:00+00:00,93
markdown_proxy,2026-05-29 08:00:00+00:00,93
markdown_proxy,2026-05-29 09:00:00+00:00,93
markdown_proxy,2026-05-29 10:00:00+00:00,93
markdown_proxy,2026-05-29 11:00:00+00:00,93
markdown_proxy,2026-05-29 12:00:00+00:00,93
markdown_proxy,2026-05-29 13:00:00+00:00,93
markdown_proxy,2026-05-29 14:00:00+00:00,93
markdown_proxy,2026-05-29 15:00:00+00:00,93
markdown_proxy,2026-05-29 16:00:00+00:00,93
markdown_proxy,2026-05-29 17:00:00+00:00,93
markdown_proxy,2026-05-29 18:00:00+00:00,93
markdown_proxy,2026-05-29 19:00:00+00:00,93
markdown_proxy,2026-05-29 20:00:00+00:00,93
markdown_proxy,2026-05-29 21:00:00+00:00,93
markdown_proxy,2026-05-29 22:00:00+00:00,98
markdown_proxy,2026-05-29 23:00:00+00:00,98
markdown_proxy,2026-05-30 00:00:00+00:00,98
markdown_proxy,2026-05-30 01:00:00+00:00,98
markdown_proxy,2026-05-30 02:00:00+00:00,98
markdown_proxy,2026-05-30 03:00:00+00:00,98
markdown_proxy,2026-05-30 04:00:00+00:00,98
markdown_proxy,2026-05-30 05:00:00+00:00,98
markdown_proxy,2026-05-30 06:00:00+00:00,98
markdown_proxy,2026-05-30 07:00:00+00:00,98
markdown_proxy,2026-05-30 08:00:00+00:00,98
markdown_proxy,2026-05-30 09:00:00+00:00,98
markdown_proxy,2026-05-30 10:00:00+00:00,98
markdown_proxy,2026-05-30 11:00:00+00:00,98
markdown_proxy,2026-05-30 12:00:00+00:00,98
markdown_proxy,2026-05-30 13:00:00+00:00,98
markdown_proxy,2026-05-30 14:00:00+00:00,98
markdown_proxy,2026-05-30 15:00:00+00:00,98
markdown_proxy,2026-05-30 16:00:00+00:00,98
markdown_proxy,2026-05-30 17:00:00+00:00,98
markdown_proxy,2026-05-30 18:00:00+00:00,98
markdown_proxy,2026-05-30 19:00:00+00:00,100
markdown_proxy,2026-05-30 20:00:00+00:00,107
markdown_proxy,2026-05-30 21:00:00+00:00,110
markdown_proxy,2026-05-30 22:00:00+00:00,110
markdown_proxy,2026-05-30 23:00:00+00:00,112
markdown_proxy,2026-05-31 00:00:00+00:00,114
markdown_proxy,2026-05-31 01:00:00+00:00,114
markdown_proxy,2026-05-31 02:00:00+00:00,114
markdown_proxy,2026-05-31 03:00:00+00:00,114
markdown_proxy,2026-05-31 04:00:00+00:00,114
markdown_proxy,2026-05-31 05:00:00+00:00,114
markdown_proxy,2026-05-31 06:00:00+00:00,114
markdown_proxy,2026-05-31 07:00:00+00:00,114
markdown_proxy,2026-05-31 08:00:00+00:00,114
markdown_proxy,2026-05-31 09:00:00+00:00,114
markdown_proxy,2026-05-31 10:00:00+00:00,114
markdown_proxy,2026-05-31 11:00:00+00:00,114
markdown_proxy,2026-05-31 12:00:00+00:00,114
markdown_proxy,2026-05-31 13:00:00+00:00,114
markdown_proxy,2026-05-31 14:00:00+00:00,114
markdown_proxy,2026-05-31 15:00:00+00:00,114
markdown_proxy,2026-05-31 16:00:00+00:00,114
markdown_proxy,2026-05-31 17:00:00+00:00,114
markdown_proxy,2026-05-31 18:00:00+00:00,114
markdown_proxy,2026-05-31 19:00:00+00:00,114
markdown_proxy,2026-05-31 20:00:00+00:00,114
markdown_proxy,2026-05-31 21:00:00+00:00,114
markdown_proxy,2026-05-31 22:00:00+00:00,115
markdown_proxy,2026-05-31 23:00:00+00:00,115
markdown_proxy,2026-06-01 00:00:00+00:00,116
markdown_proxy,2026-06-01 01:00:00+00:00,116
markdown_proxy,2026-06-01 02:00:00+00:00,116
markdown_proxy,2026-06-01 03:00:00+00:00,116
markdown_proxy,2026-06-01 04:00:00+00:00,116
markdown_proxy,2026-06-01 05:00:00+00:00,116
markdown_proxy,2026-06-01 06:00:00+00:00,116
markdown_proxy,2026-06-01 07:00:00+00:00,116
markdown_proxy,2026-06-01 08:00:00+00:00,116
markdown_proxy,2026-06-01 09:00:00+00:00,116
markdown_proxy,2026-06-01 10:00:00+00:00,116
markdown_proxy,2026-06-01 11:00:00+00:00,116
markdown_proxy,2026-06-01 12:00:00+00:00,117
markdown_proxy,2026-06-01 13:00:00+00:00,122
markdown_proxy,2026-06-01 14:00:00+00:00,141
markdown_proxy,2026-06-01 15:00:00+00:00,144
markdown_proxy,2026-06-01 16:00:00+00:00,146
markdown_proxy,2026-06-01 17:00:00+00:00,146
markdown_proxy,2026-06-01 18:00:00+00:00,146
markdown_proxy,2026-06-01 19:00:00+00:00,146
markdown_proxy,2026-06-01 20:00:00+00:00,146
markdown_proxy,2026-06-01 21:00:00+00:00,147
markdown_proxy,2026-06-01 22:00:00+00:00,147
markdown_proxy,2026-06-01 23:00:00+00:00,147
markdown_proxy,2026-06-02 00:00:00+00:00,147
markdown_proxy,2026-06-02 01:00:00+00:00,147
markdown_proxy,2026-06-02 02:00:00+00:00,147
markdown_proxy,2026-06-02 03:00:00+00:00,147
markdown_proxy,2026-06-02 04:00:00+00:00,147
markdown_proxy,2026-06-02 05:00:00+00:00,147
markdown_proxy,2026-06-02 06:00:00+00:00,147
markdown_proxy,2026-06-02 07:00:00+00:00,147
markdown_proxy,2026-06-02 08:00:00+00:00,147
markdown_proxy,2026-06-02 09:00:00+00:00,147
markdown_proxy,2026-06-02 10:00:00+00:00,147
markdown_proxy,2026-06-02 11:00:00+00:00,147
markdown_proxy,2026-06-02 12:00:00+00:00,147
markdown_proxy,2026-06-02 13:00:00+00:00,147
markdown_proxy,2026-06-02 14:00:00+00:00,147
markdown_proxy,2026-06-02 15:00:00+00:00,147
markdown_proxy,2026-06-02 16:00:00+00:00,147
markdown_proxy,2026-06-02 17:00:00+00:00,147
markdown_proxy,2026-06-02 18:00:00+00:00,147
markdown_proxy,2026-06-02 19:00:00+00:00,147
markdown_proxy,2026-06-02 20:00:00+00:00,147
markdown_proxy,2026-06-02 21:00:00+00:00,147
markdown_proxy,2026-06-02 22:00:00+00:00,147
markdown_proxy,2026-06-02 23:00:00+00:00,147
markdown_proxy,2026-06-03 00:00:00+00:00,147
markdown_proxy,2026-06-03 01:00:00+00:00,147
markdown_proxy,2026-06-03 02:00:00+00:00,147
markdown_proxy,2026-06-03 03:00:00+00:00,147
markdown_proxy,2026-06-03 04:00:00+00:00,147
markdown_proxy,2026-06-03 05:00:00+00:00,147
markdown_proxy,2026-06-03 06:00:00+00:00,147
markdown_proxy,2026-06-03 07:00:00+00:00,147
markdown_proxy,2026-06-03 08:00:00+00:00,147
markdown_proxy,2026-06-03 09:00:00+00:00,147
markdown_proxy,2026-06-03 10:00:00+00:00,147
markdown_proxy,2026-06-03 11:00:00+00:00,147
markdown_proxy,2026-06-03 12:00:00+00:00,147
markdown_proxy,2026-06-03 13:00:00+00:00,147
markdown_proxy,2026-06-03 14:00:00+00:00,147
markdown_proxy,2026-06-03 15:00:00+00:00,147
markdown_proxy,2026-06-03 16:00:00+00:00,147
markdown_proxy,2026-06-03 17:00:00+00:00,147
markdown_proxy,2026-06-03 18:00:00+00:00,147
markdown_proxy,2026-06-03 19:00:00+00:00,147
markdown_proxy,2026-06-03 20:00:00+00:00,147
markdown_proxy,2026-06-03 21:00:00+00:00,147
markdown_proxy,2026-06-03 22:00:00+00:00,147
markdown_proxy,2026-06-03 23:00:00+00:00,147
markdown_proxy,2026-06-04 00:00:00+00:00,147
markdown_proxy,2026-06-04 01:00:00+00:00,147
markdown_proxy,2026-06-04 02:00:00+00:00,147
markdown_proxy,2026-06-04 03:00:00+00:00,147
markdown_proxy,2026-06-04 04:00:00+00:00,147
markdown_proxy,2026-06-04 05:00:00+00:00,147
markdown_proxy,2026-06-04 06:00:00+00:00,147
markdown_proxy,2026-06-04 07:00:00+00:00,147
markdown_proxy,2026-06-04 08:00:00+00:00,147
markdown_proxy,2026-06-04 09:00:00+00:00,147
markdown_proxy,2026-06-04 10:00:00+00:00,147
markdown_proxy,2026-06-04 11:00:00+00:00,147
markdown_proxy,2026-06-04 12:00:00+00:00,147
markdown_proxy,2026-06-04 13:00:00+00:00,147
markdown_proxy,2026-06-04 14:00:00+00:00,147
markdown_proxy,2026-06-04 15:00:00+00:00,147
markdown_proxy,2026-06-04 16:00:00+00:00,147
markdown_proxy,2026-06-04 17:00:00+00:00,149
markdown_proxy,2026-06-04 18:00:00+00:00,150
markdown_proxy,2026-06-04 19:00:00+00:00,150
markdown_proxy,2026-06-04 20:00:00+00:00,150
markdown_proxy,2026-06-04 21:00:00+00:00,150
markdown_proxy,2026-06-04 22:00:00+00:00,150
markdown_proxy,2026-06-04 23:00:00+00:00,150
markdown_proxy,2026-06-05 00:00:00+00:00,150
markdown_proxy,2026-06-05 01:00:00+00:00,150
markdown_proxy,2026-06-05 02:00:00+00:00,150
markdown_proxy,2026-06-05 03:00:00+00:00,150
markdown_proxy,2026-06-05 04:00:00+00:00,150
markdown_proxy,2026-06-05 05:00:00+00:00,150
markdown_proxy,2026-06-05 06:00:00+00:00,150
markdown_proxy,2026-06-05 07:00:00+00:00,150
markdown_proxy,2026-06-05 08:00:00+00:00,150
markdown_proxy,2026-06-05 09:00:00+00:00,150
markdown_proxy,2026-06-05 10:00:00+00:00,150
markdown_proxy,2026-06-05 11:00:00+00:00,150
markdown_proxy,2026-06-05 12:00:00+00:00,150
markdown_proxy,2026-06-05 13:00:00+00:00,150
markdown_proxy,2026-06-05 14:00:00+00:00,150
markdown_proxy,2026-06-05 15:00:00+00:00,150
markdown_proxy,2026-06-05 16:00:00+00:00,150
markdown_proxy,2026-06-05 17:00:00+00:00,150
markdown_proxy,2026-06-05 18:00:00+00:00,150
markdown_proxy,2026-06-05 19:00:00+00:00,150
markdown_proxy,2026-06-05 20:00:00+00:00,150
markdown_proxy,2026-06-05 21:00:00+00:00,150
markdown_proxy,2026-06-05 22:00:00+00:00,150
markdown_proxy,2026-06-05 23:00:00+00:00,150
markdown_proxy,2026-06-06 00:00:00+00:00,150
markdown_proxy,2026-06-06 01:00:00+00:00,150
markdown_proxy,2026-06-06 02:00:00+00:00,150
markdown_proxy,2026-06-06 03:00:00+00:00,150
markdown_proxy,2026-06-06 04:00:00+00:00,150
markdown_proxy,2026-06-06 05:00:00+00:00,150
markdown_proxy,2026-06-06 06:00:00+00:00,150
markdown_proxy,2026-06-06 07:00:00+00:00,150
markdown_proxy,2026-06-06 08:00:00+00:00,150
markdown_proxy,2026-06-06 09:00:00+00:00,150
markdown_proxy,2026-06-06 10:00:00+00:00,150
markdown_proxy,2026-06-06 11:00:00+00:00,150
markdown_proxy,2026-06-06 12:00:00+00:00,150
markdown_proxy,2026-06-06 13:00:00+00:00,150
markdown_proxy,2026-06-06 14:00:00+00:00,150
markdown_proxy,2026-06-06 15:00:00+00:00,150
markdown_proxy,2026-06-06 16:00:00+00:00,150
markdown_proxy,2026-06-06 17:00:00+00:00,150
markdown_proxy,2026-06-06 18:00:00+00:00,150
markdown_proxy,2026-06-06 19:00:00+00:00,150
markdown_proxy,2026-06-06 20:00:00+00:00,150
markdown_proxy,2026-06-06 21:00:00+00:00,150
markdown_proxy,2026-06-06 22:00:00+00:00,150
markdown_proxy,2026-06-06 23:00:00+00:00,150
markdown_proxy,2026-06-07 00:00:00+00:00,150
markdown_proxy,2026-06-07 01:00:00+00:00,150
markdown_proxy,2026-06-07 02:00:00+00:00,150
markdown_proxy,2026-06-07 03:00:00+00:00,150
markdown_proxy,2026-06-07 04:00:00+00:00,151
markdown_proxy,2026-06-07 05:00:00+00:00,151
markdown_proxy,2026-06-07 06:00:00+00:00,151
markdown_proxy,2026-06-07 07:00:00+00:00,151
markdown_proxy,2026-06-07 08:00:00+00:00,151
markdown_proxy,2026-06-07 09:00:00+00:00,151
markdown_proxy,2026-06-07 10:00:00+00:00,151
markdown_proxy,2026-06-07 11:00:00+00:00,151
markdown_proxy,2026-06-07 12:00:00+00:00,151
markdown_proxy,2026-06-07 13:00:00+00:00,151
markdown_proxy,2026-06-07 14:00:00+00:00,151
markdown_proxy,2026-06-07 15:00:00+00:00,151
markdown_proxy,2026-06-07 16:00:00+00:00,151
markdown_proxy,2026-06-07 17:00:00+00:00,151
markdown_proxy,2026-06-07 18:00:00+00:00,151
markdown_proxy,2026-06-07 19:00:00+00:00,151
markdown_proxy,2026-06-07 20:00:00+00:00,151
markdown_proxy,2026-06-07 21:00:00+00:00,151
markdown_proxy,2026-06-07 22:00:00+00:00,151
markdown_proxy,2026-06-07 23:00:00+00:00,151
markdown_proxy,2026-06-08 00:00:00+00:00,151
markdown_proxy,2026-06-08 01:00:00+00:00,151
markdown_proxy,2026-06-08 02:00:00+00:00,151
markdown_proxy,2026-06-08 03:00:00+00:00,152
markdown_proxy,2026-06-08 04:00:00+00:00,152
markdown_proxy,2026-06-08 05:00:00+00:00,152
markdown_proxy,2026-06-08 06:00:00+00:00,152
markdown_proxy,2026-06-08 07:00:00+00:00,152
markdown_proxy,2026-06-08 08:00:00+00:00,152
markdown_proxy,2026-06-08 09:00:00+00:00,152
markdown_proxy,2026-06-08 10:00:00+00:00,152
markdown_proxy,2026-06-08 11:00:00+00:00,152
markdown_proxy,2026-06-08 12:00:00+00:00,152
markdown_proxy,2026-06-08 13:00:00+00:00,152
markdown_proxy,2026-06-08 14:00:00+00:00,152
markdown_proxy,2026-06-08 15:00:00+00:00,152
markdown_proxy,2026-06-08 16:00:00+00:00,152
markdown_proxy,2026-06-08 17:00:00+00:00,152
markdown_proxy,2026-06-08 18:00:00+00:00,152
markdown_proxy,2026-06-08 19:00:00+00:00,152
markdown_proxy,2026-06-08 20:00:00+00:00,152
markdown_proxy,2026-06-08 21:00:00+00:00,152
markdown_proxy,2026-06-08 22:00:00+00:00,152
markdown_proxy,2026-06-08 23:00:00+00:00,152
markdown_proxy,2026-06-09 00:00:00+00:00,152
markdown_proxy,2026-06-09 01:00:00+00:00,152
markdown_proxy,2026-06-09 02:00:00+00:00,152
markdown_proxy,2026-06-09 03:00:00+00:00,152
markdown_proxy,2026-06-09 04:00:00+00:00,152
markdown_proxy,2026-06-09 05:00:00+00:00,152
markdown_proxy,2026-06-09 06:00:00+00:00,152
markdown_proxy,2026-06-09 07:00:00+00:00,152
markdown_proxy,2026-06-09 08:00:00+00:00,152
markdown_proxy,2026-06-09 09:00:00+00:00,152
markdown_proxy,2026-06-09 10:00:00+00:00,152
markdown_proxy,2026-06-09 11:00:00+00:00,152
markdown_proxy,2026-06-09 12:00:00+00:00,152
markdown_proxy,2026-06-09 13:00:00+00:00,152
markdown_proxy,2026-06-09 14:00:00+00:00,152
markdown_proxy,2026-06-09 15:00:00+00:00,152
markdown_proxy,2026-06-09 16:00:00+00:00,152
markdown_proxy,2026-06-09 17:00:00+00:00,152
markdown_proxy,2026-06-09 18:00:00+00:00,152
markdown_proxy,2026-06-09 19:00:00+00:00,152
markdown_proxy,2026-06-09 20:00:00+00:00,152
markdown_proxy,2026-06-09 21:00:00+00:00,152
markdown_proxy,2026-06-09 22:00:00+00:00,152
markdown_proxy,2026-06-09 23:00:00+00:00,152
markdown_proxy,2026-06-10 00:00:00+00:00,152
markdown_proxy,2026-06-10 01:00:00+00:00,152
markdown_proxy,2026-06-10 02:00:00+00:00,152
markdown_proxy,2026-06-10 03:00:00+00:00,152
markdown_proxy,2026-06-10 04:00:00+00:00,152
markdown_proxy,2026-06-10 05:00:00+00:00,152
markdown_proxy,2026-06-10 06:00:00+00:00,152
markdown_proxy,2026-06-10 07:00:00+00:00,152
markdown_proxy,2026-06-10 08:00:00+00:00,152
markdown_proxy,2026-06-10 09:00:00+00:00,152
markdown_proxy,2026-06-10 10:00:00+00:00,152
markdown_proxy,2026-06-10 11:00:00+00:00,152
markdown_proxy,2026-06-10 12:00:00+00:00,152
markdown_proxy,2026-06-10 13:00:00+00:00,152
markdown_proxy,2026-06-10 14:00:00+00:00,152
markdown_proxy,2026-06-10 15:00:00+00:00,152
markdown_proxy,2026-06-10 16:00:00+00:00,152
markdown_proxy,2026-06-10 17:00:00+00:00,152
markdown_proxy,2026-06-10 18:00:00+00:00,152
markdown_proxy,2026-06-10 19:00:00+00:00,152
markdown_proxy,2026-06-10 20:00:00+00:00,152
markdown_proxy,2026-06-10 21:00:00+00:00,152
markdown_proxy,2026-06-10 22:00:00+00:00,152
markdown_proxy,2026-06-10 23:00:00+00:00,152
markdown_proxy,2026-06-11 00:00:00+00:00,152
markdown_proxy,2026-06-11 01:00:00+00:00,152
markdown_proxy,2026-06-11 02:00:00+00:00,152
markdown_proxy,2026-06-11 03:00:00+00:00,153
markdown_proxy,2026-06-11 04:00:00+00:00,154
markdown_proxy,2026-06-11 05:00:00+00:00,155
markdown_proxy,2026-06-11 06:00:00+00:00,156
markdown_proxy,2026-06-11 07:00:00+00:00,156
markdown_proxy,2026-06-11 08:00:00+00:00,156
markdown_proxy,2026-06-11 09:00:00+00:00,156
markdown_proxy,2026-06-11 10:00:00+00:00,156
markdown_proxy,2026-06-11 11:00:00+00:00,156
markdown_proxy,2026-06-11 12:00:00+00:00,156
markdown_proxy,2026-06-11 13:00:00+00:00,160
markdown_proxy,2026-06-11 14:00:00+00:00,162
markdown_proxy,2026-06-11 15:00:00+00:00,164
markdown_proxy,2026-06-11 16:00:00+00:00,165
markdown_proxy,2026-06-11 17:00:00+00:00,165
markdown_proxy,2026-06-11 18:00:00+00:00,165
markdown_proxy,2026-06-11 19:00:00+00:00,165
markdown_proxy,2026-06-11 20:00:00+00:00,165
markdown_proxy,2026-06-11 21:00:00+00:00,165
markdown_proxy,2026-06-11 22:00:00+00:00,165
markdown_proxy,2026-06-11 23:00:00+00:00,165
markdown_proxy,2026-06-12 00:00:00+00:00,165
markdown_proxy,2026-06-12 01:00:00+00:00,165
markdown_proxy,2026-06-12 02:00:00+00:00,165
markdown_proxy,2026-06-12 03:00:00+00:00,165
markdown_proxy,2026-06-12 04:00:00+00:00,165
markdown_proxy,2026-06-12 05:00:00+00:00,165
markdown_proxy,2026-06-12 06:00:00+00:00,165
markdown_proxy,2026-06-12 07:00:00+00:00,165
markdown_proxy,2026-06-12 08:00:00+00:00,165
markdown_proxy,2026-06-12 09:00:00+00:00,165
markdown_proxy,2026-06-12 10:00:00+00:00,165
markdown_proxy,2026-06-12 11:00:00+00:00,165
markdown_proxy,2026-06-12 12:00:00+00:00,165
markdown_proxy,2026-06-12 13:00:00+00:00,165
markdown_proxy,2026-06-12 14:00:00+00:00,165
markdown_proxy,2026-06-12 15:00:00+00:00,165
markdown_proxy,2026-06-12 16:00:00+00:00,165
markdown_proxy,2026-06-12 17:00:00+00:00,165
markdown_proxy,2026-06-12 18:00:00+00:00,165
markdown_proxy,2026-06-12 19:00:00+00:00,165
markdown_proxy,2026-06-12 20:00:00+00:00,165
markdown_proxy,2026-06-12 21:00:00+00:00,165
markdown_proxy,2026-06-12 22:00:00+00:00,165
markdown_proxy,2026-06-12 23:00:00+00:00,165
markdown_proxy,2026-06-13 00:00:00+00:00,165
markdown_proxy,2026-06-13 01:00:00+00:00,165
markdown_proxy,2026-06-13 02:00:00+00:00,165
markdown_proxy,2026-06-13 03:00:00+00:00,165
markdown_proxy,2026-06-13 04:00:00+00:00,165
markdown_proxy,2026-06-13 05:00:00+00:00,165
markdown_proxy,2026-06-13 06:00:00+00:00,165
markdown_proxy,2026-06-13 07:00:00+00:00,165
markdown_proxy,2026-06-13 08:00:00+00:00,165
markdown_proxy,2026-06-13 09:00:00+00:00,165
markdown_proxy,2026-06-13 10:00:00+00:00,165
markdown_proxy,2026-06-13 11:00:00+00:00,165
markdown_proxy,2026-06-13 12:00:00+00:00,165
markdown_proxy,2026-06-13 13:00:00+00:00,165
markdown_proxy,2026-06-13 14:00:00+00:00,165
markdown_proxy,2026-06-13 15:00:00+00:00,165
markdown_proxy,2026-06-13 16:00:00+00:00,165
markdown_proxy,2026-06-13 17:00:00+00:00,165
markdown_proxy,2026-06-13 18:00:00+00:00,165
markdown_proxy,2026-06-13 19:00:00+00:00,165
markdown_proxy,2026-06-13 20:00:00+00:00,165
markdown_proxy,2026-06-13 21:00:00+00:00,165
markdown_proxy,2026-06-13 22:00:00+00:00,165
markdown_proxy,2026-06-13 23:00:00+00:00,165
markdown_proxy,2026-06-14 00:00:00+00:00,165
markdown_proxy,2026-06-14 01:00:00+00:00,165
markdown_proxy,2026-06-14 02:00:00+00:00,165
markdown_proxy,2026-06-14 03:00:00+00:00,165
markdown_proxy,2026-06-14 04:00:00+00:00,165
markdown_proxy,2026-06-14 05:00:00+00:00,165
markdown_proxy,2026-06-14 06:00:00+00:00,165
markdown_proxy,2026-06-14 07:00:00+00:00,165
markdown_proxy,2026-06-14 08:00:00+00:00,165
markdown_proxy,2026-06-14 09:00:00+00:00,165
markdown_proxy,2026-06-14 10:00:00+00:00,165
markdown_proxy,2026-06-14 11:00:00+00:00,165
markdown_proxy,2026-06-14 12:00:00+00:00,165
markdown_proxy,2026-06-14 13:00:00+00:00,165
markdown_proxy,2026-06-14 14:00:00+00:00,165
markdown_proxy,2026-06-14 15:00:00+00:00,165
markdown_proxy,2026-06-14 16:00:00+00:00,165
markdown_proxy,2026-06-14 17:00:00+00:00,165
markdown_proxy,2026-06-14 18:00:00+00:00,165
markdown_proxy,2026-06-14 19:00:00+00:00,165
markdown_proxy,2026-06-14 20:00:00+00:00,165
markdown_proxy,2026-06-14 21:00:00+00:00,165
markdown_proxy,2026-06-14 22:00:00+00:00,165
markdown_proxy,2026-06-14 23:00:00+00:00,165
markdown_proxy,2026-06-15 00:00:00+00:00,165
markdown_proxy,2026-06-15 01:00:00+00:00,165
markdown_proxy,2026-06-15 02:00:00+00:00,165
markdown_proxy,2026-06-15 03:00:00+00:00,165
markdown_proxy,2026-06-15 04:00:00+00:00,165
markdown_proxy,2026-06-15 05:00:00+00:00,165
markdown_proxy,2026-06-15 06:00:00+00:00,165
markdown_proxy,2026-06-15 07:00:00+00:00,165
markdown_proxy,2026-06-15 08:00:00+00:00,165
markdown_proxy,2026-06-15 09:00:00+00:00,165
markdown_proxy,2026-06-15 10:00:00+00:00,165
markdown_proxy,2026-06-15 11:00:00+00:00,165
markdown_proxy,2026-06-15 12:00:00+00:00,165
markdown_proxy,2026-06-15 13:00:00+00:00,165
markdown_proxy,2026-06-15 14:00:00+00:00,165
markdown_proxy,2026-06-15 15:00:00+00:00,165
markdown_proxy,2026-06-15 16:00:00+00:00,165
markdown_proxy,2026-06-15 17:00:00+00:00,165
markdown_proxy,2026-06-15 18:00:00+00:00,165
markdown_proxy,2026-06-15 19:00:00+00:00,165
markdown_proxy,2026-06-15 20:00:00+00:00,165
markdown_proxy,2026-06-15 21:00:00+00:00,165
markdown_proxy,2026-06-15 22:00:00+00:00,165
markdown_proxy,2026-06-15 23:00:00+00:00,165
markdown_proxy,2026-06-16 00:00:00+00:00,165
markdown_proxy,2026-06-16 01:00:00+00:00,165
markdown_proxy,2026-06-16 02:00:00+00:00,165
markdown_proxy,2026-06-16 03:00:00+00:00,165
markdown_proxy,2026-06-16 04:00:00+00:00,165
markdown_proxy,2026-06-16 05:00:00+00:00,165
markdown_proxy,2026-06-16 06:00:00+00:00,165
markdown_proxy,2026-06-16 07:00:00+00:00,165
markdown_proxy,2026-06-16 08:00:00+00:00,165
markdown_proxy,2026-06-16 09:00:00+00:00,165
markdown_proxy,2026-06-16 10:00:00+00:00,165
markdown_proxy,2026-06-16 11:00:00+00:00,165
markdown_proxy,2026-06-16 12:00:00+00:00,165
markdown_proxy,2026-06-16 13:00:00+00:00,165
markdown_proxy,2026-06-16 14:00:00+00:00,165
markdown_proxy,2026-06-16 15:00:00+00:00,165
markdown_proxy,2026-06-16 16:00:00+00:00,165
markdown_proxy,2026-06-16 17:00:00+00:00,165
markdown_proxy,2026-06-16 18:00:00+00:00,166
markdown_proxy,2026-06-16 19:00:00+00:00,170
markdown_proxy,2026-06-16 20:00:00+00:00,171
markdown_proxy,2026-06-16 21:00:00+00:00,171
markdown_proxy,2026-06-16 22:00:00+00:00,171
markdown_proxy,2026-06-16 23:00:00+00:00,171
markdown_proxy,2026-06-17 00:00:00+00:00,171
markdown_proxy,2026-06-17 01:00:00+00:00,171
markdown_proxy,2026-06-17 02:00:00+00:00,171
markdown_proxy,2026-06-17 03:00:00+00:00,171
markdown_proxy,2026-06-17 04:00:00+00:00,171
markdown_proxy,2026-06-17 05:00:00+00:00,171
markdown_proxy,2026-06-17 06:00:00+00:00,171
markdown_proxy,2026-06-17 07:00:00+00:00,171
markdown_proxy,2026-06-17 08:00:00+00:00,171
markdown_proxy,2026-06-17 09:00:00+00:00,172
markdown_proxy,2026-06-17 10:00:00+00:00,174
markdown_proxy,2026-06-17 11:00:00+00:00,174
markdown_proxy,2026-06-17 12:00:00+00:00,175
markdown_proxy,2026-06-17 13:00:00+00:00,175
markdown_proxy,2026-06-17 14:00:00+00:00,175
markdown_proxy,2026-06-17 15:00:00+00:00,175
markdown_proxy,2026-06-17 16:00:00+00:00,175
markdown_proxy,2026-06-17 17:00:00+00:00,175
markdown_proxy,2026-06-17 18:00:00+00:00,175
markdown_proxy,2026-06-17 19:00:00+00:00,175
markdown_proxy,2026-06-17 20:00:00+00:00,175
markdown_proxy,2026-06-17 21:00:00+00:00,175
markdown_proxy,2026-06-17 22:00:00+00:00,175
markdown_proxy,2026-06-17 23:00:00+00:00,175
markdown_proxy,2026-06-18 00:00:00+00:00,175
markdown_proxy,2026-06-18 01:00:00+00:00,175
markdown_proxy,2026-06-18 02:00:00+00:00,175
markdown_proxy,2026-06-18 03:00:00+00:00,175
markdown_proxy,2026-06-18 04:00:00+00:00,175
markdown_proxy,2026-06-18 05:00:00+00:00,176
markdown_proxy,2026-06-18 06:00:00+00:00,176
markdown_proxy,2026-06-18 07:00:00+00:00,176
markdown_proxy,2026-06-18 08:00:00+00:00,176
markdown_proxy,2026-06-18 09:00:00+00:00,176
markdown_proxy,2026-06-18 10:00:00+00:00,176
markdown_proxy,2026-06-18 11:00:00+00:00,176
markdown_proxy,2026-06-18 12:00:00+00:00,176
markdown_proxy,2026-06-18 13:00:00+00:00,176
markdown_proxy,2026-06-18 14:00:00+00:00,178
markdown_proxy,2026-06-18 15:00:00+00:00,199
markdown_proxy,2026-06-18 16:00:00+00:00,227
markdown_proxy,2026-06-18 17:00:00+00:00,283
markdown_proxy,2026-06-18 18:00:00+00:00,414
markdown_proxy,2026-06-18 19:00:00+00:00,542
markdown_proxy,2026-06-18 20:00:00+00:00,654
markdown_proxy,2026-06-18 21:00:00+00:00,693
markdown_proxy,2026-06-18 22:00:00+00:00,693
markdown_proxy,2026-06-18 23:00:00+00:00,693
markdown_proxy,2026-06-19 00:00:00+00:00,694
markdown_proxy,2026-06-19 01:00:00+00:00,698
markdown_proxy,2026-06-19 02:00:00+00:00,698
markdown_proxy,2026-06-19 03:00:00+00:00,702
markdown_proxy,2026-06-19 04:00:00+00:00,702
markdown_proxy,2026-06-19 05:00:00+00:00,702
markdown_proxy,2026-06-19 06:00:00+00:00,702
markdown_proxy,2026-06-19 07:00:00+00:00,702
markdown_proxy,2026-06-19 08:00:00+00:00,702
markdown_proxy,2026-06-19 09:00:00+00:00,702
markdown_proxy,2026-06-19 10:00:00+00:00,702
markdown_proxy,2026-06-19 11:00:00+00:00,702
markdown_proxy,2026-06-19 12:00:00+00:00,702
markdown_proxy,2026-06-19 13:00:00+00:00,702
markdown_proxy,2026-06-19 14:00:00+00:00,702
markdown_proxy,2026-06-19 15:00:00+00:00,702
markdown_proxy,2026-06-19 16:00:00+00:00,702
markdown_proxy,2026-06-19 17:00:00+00:00,702
markdown_proxy,2026-06-19 18:00:00+00:00,702
markdown_proxy,2026-06-19 19:00:00+00:00,702
markdown_proxy,2026-06-19 20:00:00+00:00,702
markdown_proxy,2026-06-19 21:00:00+00:00,703
markdown_proxy,2026-06-19 22:00:00+00:00,703
markdown_proxy,2026-06-19 23:00:00+00:00,703
markdown_proxy,2026-06-20 00:00:00+00:00,704
markdown_proxy,2026-06-20 01:00:00+00:00,704
markdown_proxy,2026-06-20 02:00:00+00:00,704
markdown_proxy,2026-06-20 03:00:00+00:00,704
markdown_proxy,2026-06-20 04:00:00+00:00,704
markdown_proxy,2026-06-20 05:00:00+00:00,704
markdown_proxy,2026-06-20 06:00:00+00:00,704
markdown_proxy,2026-06-20 07:00:00+00:00,704
markdown_proxy,2026-06-20 08:00:00+00:00,704
markdown_proxy,2026-06-20 09:00:00+00:00,704
markdown_proxy,2026-06-20 10:00:00+00:00,704
markdown_proxy,2026-06-20 11:00:00+00:00,704
markdown_proxy,2026-06-20 12:00:00+00:00,704
markdown_proxy,2026-06-20 13:00:00+00:00,704
markdown_proxy,2026-06-20 14:00:00+00:00,704
markdown_proxy,2026-06-20 15:00:00+00:00,704
markdown_proxy,2026-06-20 16:00:00+00:00,704
markdown_proxy,2026-06-20 17:00:00+00:00,704
markdown_proxy,2026-06-20 18:00:00+00:00,704
markdown_proxy,2026-06-20 19:00:00+00:00,704
markdown_proxy,2026-06-20 20:00:00+00:00,704
markdown_proxy,2026-06-20 21:00:00+00:00,708
markdown_proxy,2026-06-20 22:00:00+00:00,708
markdown_proxy,2026-06-20 23:00:00+00:00,708
markdown_proxy,2026-06-21 00:00:00+00:00,708
markdown_proxy,2026-06-21 01:00:00+00:00,708
markdown_proxy,2026-06-21 02:00:00+00:00,708
markdown_proxy,2026-06-21 03:00:00+00:00,711
markdown_proxy,2026-06-21 04:00:00+00:00,711
markdown_proxy,2026-06-21 05:00:00+00:00,711
markdown_proxy,2026-06-21 06:00:00+00:00,711
markdown_proxy,2026-06-21 07:00:00+00:00,711
markdown_proxy,2026-06-21 08:00:00+00:00,711
markdown_proxy,2026-06-21 09:00:00+00:00,711
markdown_proxy,2026-06-21 10:00:00+00:00,711
markdown_proxy,2026-06-21 11:00:00+00:00,712
markdown_proxy,2026-06-21 12:00:00+00:00,712
markdown_proxy,2026-06-21 13:00:00+00:00,712
markdown_proxy,2026-06-21 14:00:00+00:00,712
markdown_proxy,2026-06-21 15:00:00+00:00,712
markdown_proxy,2026-06-21 16:00:00+00:00,712
markdown_proxy,2026-06-21 17:00:00+00:00,713
markdown_proxy,2026-06-21 18:00:00+00:00,714
markdown_proxy,2026-06-21 19:00:00+00:00,714
markdown_proxy,2026-06-21 20:00:00+00:00,714
markdown_proxy,2026-06-21 21:00:00+00:00,714
markdown_proxy,2026-06-21 22:00:00+00:00,714
markdown_proxy,2026-06-21 23:00:00+00:00,714
markdown_proxy,2026-06-22 00:00:00+00:00,715
markdown_proxy,2026-06-22 01:00:00+00:00,715
markdown_proxy,2026-06-22 02:00:00+00:00,718
markdown_proxy,2026-06-22 03:00:00+00:00,718
markdown_proxy,2026-06-22 04:00:00+00:00,718
markdown_proxy,2026-06-22 05:00:00+00:00,718
markdown_proxy,2026-06-22 06:00:00+00:00,718
markdown_proxy,2026-06-22 07:00:00+00:00,719
markdown_proxy,2026-06-22 08:00:00+00:00,725
markdown_proxy,2026-06-22 09:00:00+00:00,725
markdown_proxy,2026-06-22 10:00:00+00:00,725
markdown_proxy,2026-06-22 11:00:00+00:00,725
markdown_proxy,2026-06-22 12:00:00+00:00,725
markdown_proxy,2026-06-22 13:00:00+00:00,725
markdown_proxy,2026-06-22 14:00:00+00:00,725
markdown_proxy,2026-06-22 15:00:00+00:00,725
markdown_proxy,2026-06-22 16:00:00+00:00,725
markdown_proxy,2026-06-22 17:00:00+00:00,725
markdown_proxy,2026-06-22 18:00:00+00:00,725
markdown_proxy,2026-06-22 19:00:00+00:00,725
markdown_proxy,2026-06-22 20:00:00+00:00,725
markdown_proxy,2026-06-22 21:00:00+00:00,725
markdown_proxy,2026-06-22 22:00:00+00:00,725
markdown_proxy,2026-06-22 23:00:00+00:00,725
markdown_proxy,2026-06-23 00:00:00+00:00,725
markdown_proxy,2026-06-23 01:00:00+00:00,725
markdown_proxy,2026-06-23 02:00:00+00:00,725
markdown_proxy,2026-06-23 03:00:00+00:00,725
markdown_proxy,2026-06-23 04:00:00+00:00,725
markdown_proxy,2026-06-23 05:00:00+00:00,725
markdown_proxy,2026-06-23 06:00:00+00:00,725
markdown_proxy,2026-06-23 07:00:00+00:00,725
markdown_proxy,2026-06-23 08:00:00+00:00,725
markdown_proxy,2026-06-23 09:00:00+00:00,725
markdown_proxy,2026-06-23 10:00:00+00:00,725
markdown_proxy,2026-06-23 11:00:00+00:00,725
markdown_proxy,2026-06-23 12:00:00+00:00,725
markdown_proxy,2026-06-23 13:00:00+00:00,725
markdown_proxy,2026-06-23 14:00:00+00:00,725
markdown_proxy,2026-06-23 15:00:00+00:00,725
markdown_proxy,2026-06-23 16:00:00+00:00,725
markdown_proxy,2026-06-23 17:00:00+00:00,725
markdown_proxy,2026-06-23 18:00:00+00:00,725
markdown_proxy,2026-06-23 19:00:00+00:00,725
markdown_proxy,2026-06-23 20:00:00+00:00,725
markdown_proxy,2026-06-23 21:00:00+00:00,725
markdown_proxy,2026-06-23 22:00:00+00:00,725
markdown_proxy,2026-06-23 23:00:00+00:00,725
markdown_proxy,2026-06-24 00:00:00+00:00,725
markdown_proxy,2026-06-24 01:00:00+00:00,725
markdown_proxy,2026-06-24 02:00:00+00:00,725
markdown_proxy,2026-06-24 03:00:00+00:00,725
markdown_proxy,2026-06-24 04:00:00+00:00,725
markdown_proxy,2026-06-24 05:00:00+00:00,725
markdown_proxy,2026-06-24 06:00:00+00:00,725
markdown_proxy,2026-06-24 07:00:00+00:00,725
markdown_proxy,2026-06-24 08:00:00+00:00,725
markdown_proxy,2026-06-24 09:00:00+00:00,725
markdown_proxy,2026-06-24 10:00:00+00:00,725
markdown_proxy,2026-06-24 11:00:00+00:00,725
markdown_proxy,2026-06-24 12:00:00+00:00,725
markdown_proxy,2026-06-24 13:00:00+00:00,725
markdown_proxy,2026-06-24 14:00:00+00:00,725
markdown_proxy,2026-06-24 15:00:00+00:00,725
markdown_proxy,2026-06-24 16:00:00+00:00,725
markdown_proxy,2026-06-24 17:00:00+00:00,725
markdown_proxy,2026-06-24 18:00:00+00:00,725
markdown_proxy,2026-06-24 19:00:00+00:00,725
markdown_proxy,2026-06-24 20:00:00+00:00,725
markdown_proxy,2026-06-24 21:00:00+00:00,725
markdown_proxy,2026-06-24 22:00:00+00:00,725
markdown_proxy,2026-06-24 23:00:00+00:00,725
markdown_proxy,2026-06-25 00:00:00+00:00,725
markdown_proxy,2026-06-25 01:00:00+00:00,725
markdown_proxy,2026-06-25 02:00:00+00:00,725
markdown_proxy,2026-06-25 03:00:00+00:00,725
markdown_proxy,2026-06-25 04:00:00+00:00,725
markdown_proxy,2026-06-25 05:00:00+00:00,725
markdown_proxy,2026-06-25 06:00:00+00:00,725
markdown_proxy,2026-06-25 07:00:00+00:00,725
markdown_proxy,2026-06-25 08:00:00+00:00,725
markdown_proxy,2026-06-25 09:00:00+00:00,725
markdown_proxy,2026-06-25 10:00:00+00:00,725
markdown_proxy,2026-06-25 11:00:00+00:00,725
markdown_proxy,2026-06-25 12:00:00+00:00,725
markdown_proxy,2026-06-25 13:00:00+00:00,725
markdown_proxy,2026-06-25 14:00:00+00:00,725
markdown_proxy,2026-06-25 15:00:00+00:00,725
markdown_proxy,2026-06-25 16:00:00+00:00,725
markdown_proxy,2026-06-25 17:00:00+00:00,725
markdown_proxy,2026-06-25 18:00:00+00:00,725
markdown_proxy,2026-06-25 19:00:00+00:00,725
markdown_proxy,2026-06-25 20:00:00+00:00,725
markdown_proxy,2026-06-25 21:00:00+00:00,725
markdown_proxy,2026-06-25 22:00:00+00:00,725
markdown_proxy,2026-06-25 23:00:00+00:00,725
markdown_proxy,2026-06-26 00:00:00+00:00,725
markdown_proxy,2026-06-26 01:00:00+00:00,725
markdown_proxy,2026-06-26 02:00:00+00:00,725
markdown_proxy,2026-06-26 03:00:00+00:00,725
markdown_proxy,2026-06-26 04:00:00+00:00,725
markdown_proxy,2026-06-26 05:00:00+00:00,725
markdown_proxy,2026-06-26 06:00:00+00:00,725
markdown_proxy,2026-06-26 07:00:00+00:00,725
markdown_proxy,2026-06-26 08:00:00+00:00,725
markdown_proxy,2026-06-26 09:00:00+00:00,725
markdown_proxy,2026-06-26 10:00:00+00:00,725
markdown_proxy,2026-06-26 11:00:00+00:00,725
markdown_proxy,2026-06-26 12:00:00+00:00,725
markdown_proxy,2026-06-26 13:00:00+00:00,725
markdown_proxy,2026-06-26 14:00:00+00:00,725
markdown_proxy,2026-06-26 15:00:00+00:00,725
markdown_proxy,2026-06-26 16:00:00+00:00,725
markdown_proxy,2026-06-26 17:00:00+00:00,725
markdown_proxy,2026-06-26 18:00:00+00:00,725
markdown_proxy,2026-06-26 19:00:00+00:00,725
markdown_proxy,2026-06-26 20:00:00+00:00,725
markdown_proxy,2026-06-26 21:00:00+00:00,725
markdown_proxy,2026-06-26 22:00:00+00:00,725
markdown_proxy,2026-06-26 23:00:00+00:00,725
markdown_proxy,2026-06-27 00:00:00+00:00,725
markdown_proxy,2026-06-27 01:00:00+00:00,725
markdown_proxy,2026-06-27 02:00:00+00:00,725
markdown_proxy,2026-06-27 03:00:00+00:00,725
markdown_proxy,2026-06-27 04:00:00+00:00,725
markdown_proxy,2026-06-27 05:00:00+00:00,725
markdown_proxy,2026-06-27 06:00:00+00:00,725
markdown_proxy,2026-06-27 07:00:00+00:00,725
markdown_proxy,2026-06-27 08:00:00+00:00,725
markdown_proxy,2026-06-27 09:00:00+00:00,725
markdown_proxy,2026-06-27 10:00:00+00:00,725
markdown_proxy,2026-06-27 11:00:00+00:00,725
markdown_proxy,2026-06-27 12:00:00+00:00,725
markdown_proxy,2026-06-27 13:00:00+00:00,725
markdown_proxy,2026-06-27 14:00:00+00:00,725
markdown_proxy,2026-06-27 15:00:00+00:00,725
markdown_proxy,2026-06-27 16:00:00+00:00,725
markdown_proxy,2026-06-27 17:00:00+00:00,725
markdown_proxy,2026-06-27 18:00:00+00:00,725
markdown_proxy,2026-06-27 19:00:00+00:00,725
markdown_proxy,2026-06-27 20:00:00+00:00,725
markdown_proxy,2026-06-27 21:00:00+00:00,725
markdown_proxy,2026-06-27 22:00:00+00:00,725
markdown_proxy,2026-06-27 23:00:00+00:00,725
markdown_proxy,2026-06-28 00:00:00+00:00,725
markdown_proxy,2026-06-28 01:00:00+00:00,725
markdown_proxy,2026-06-28 02:00:00+00:00,725
markdown_proxy,2026-06-28 03:00:00+00:00,725
markdown_proxy,2026-06-28 04:00:00+00:00,725
markdown_proxy,2026-06-28 05:00:00+00:00,725
markdown_proxy,2026-06-28 06:00:00+00:00,725
markdown_proxy,2026-06-28 07:00:00+00:00,725
markdown_proxy,2026-06-28 08:00:00+00:00,725
markdown_proxy,2026-06-28 09:00:00+00:00,725
markdown_proxy,2026-06-28 10:00:00+00:00,725
markdown_proxy,2026-06-28 11:00:00+00:00,725
markdown_proxy,2026-06-28 12:00:00+00:00,725
markdown_proxy,2026-06-28 13:00:00+00:00,725
markdown_proxy,2026-06-28 14:00:00+00:00,725
markdown_proxy,2026-06-28 15:00:00+00:00,725
markdown_proxy,2026-06-28 16:00:00+00:00,725
markdown_proxy,2026-06-28 17:00:00+00:00,725
markdown_proxy,2026-06-28 18:00:00+00:00,725
markdown_proxy,2026-06-28 19:00:00+00:00,725
markdown_proxy,2026-06-28 20:00:00+00:00,725
markdown_proxy,2026-06-28 21:00:00+00:00,725
markdown_proxy,2026-06-28 22:00:00+00:00,725
markdown_proxy,2026-06-28 23:00:00+00:00,725
markdown_proxy,2026-06-29 00:00:00+00:00,725
markdown_proxy,2026-06-29 01:00:00+00:00,725
markdown_proxy,2026-06-29 02:00:00+00:00,725
markdown_proxy,2026-06-29 03:00:00+00:00,725
markdown_proxy,2026-06-29 04:00:00+00:00,725
markdown_proxy,2026-06-29 05:00:00+00:00,725
markdown_proxy,2026-06-29 06:00:00+00:00,725
markdown_proxy,2026-06-29 07:00:00+00:00,725
markdown_proxy,2026-06-29 08:00:00+00:00,725
markdown_proxy,2026-06-29 09:00:00+00:00,725
markdown_proxy,2026-06-29 10:00:00+00:00,725
markdown_proxy,2026-06-29 11:00:00+00:00,725
markdown_proxy,2026-06-29 12:00:00+00:00,725
markdown_proxy,2026-06-29 13:00:00+00:00,725
markdown_proxy,2026-06-29 14:00:00+00:00,725
markdown_proxy,2026-06-29 15:00:00+00:00,725
markdown_proxy,2026-06-29 16:00:00+00:00,725
markdown_proxy,2026-06-29 17:00:00+00:00,725
markdown_proxy,2026-06-29 18:00:00+00:00,725
markdown_proxy,2026-06-29 19:00:00+00:00,725
markdown_proxy,2026-06-29 20:00:00+00:00,725
markdown_proxy,2026-06-29 21:00:00+00:00,725
markdown_proxy,2026-06-29 22:00:00+00:00,725
markdown_proxy,2026-06-29 23:00:00+00:00,725
markdown_proxy,2026-06-30 00:00:00+00:00,725
markdown_proxy,2026-06-30 01:00:00+00:00,725
markdown_proxy,2026-06-30 02:00:00+00:00,725
markdown_proxy,2026-06-30 03:00:00+00:00,725
markdown_proxy,2026-06-30 04:00:00+00:00,725
markdown_proxy,2026-06-30 05:00:00+00:00,725
markdown_proxy,2026-06-30 06:00:00+00:00,725
markdown_proxy,2026-06-30 07:00:00+00:00,725
markdown_proxy,2026-06-30 08:00:00+00:00,725
markdown_proxy,2026-06-30 09:00:00+00:00,725
markdown_proxy,2026-06-30 10:00:00+00:00,725
markdown_proxy,2026-06-30 11:00:00+00:00,725
markdown_proxy,2026-06-30 12:00:00+00:00,725
markdown_proxy,2026-06-30 13:00:00+00:00,725
markdown_proxy,2026-06-30 14:00:00+00:00,725
markdown_proxy,2026-06-30 15:00:00+00:00,725
markdown_proxy,2026-06-30 16:00:00+00:00,725
markdown_proxy,2026-06-30 17:00:00+00:00,725
markdown_proxy,2026-06-30 18:00:00+00:00,725
markdown_proxy,2026-06-30 19:00:00+00:00,725
markdown_proxy,2026-06-30 20:00:00+00:00,725
markdown_proxy,2026-06-30 21:00:00+00:00,725
markdown_proxy,2026-06-30 22:00:00+00:00,725
markdown_proxy,2026-06-30 23:00:00+00:00,725
markdown_proxy,2026-07-01 00:00:00+00:00,725
markdown_proxy,2026-07-01 01:00:00+00:00,725
markdown_proxy,2026-07-01 02:00:00+00:00,725
markdown_proxy,2026-07-01 03:00:00+00:00,725
markdown_proxy,2026-07-01 04:00:00+00:00,725
markdown_proxy,2026-07-01 05:00:00+00:00,725
markdown_proxy,2026-07-01 06:00:00+00:00,725
markdown_proxy,2026-07-01 07:00:00+00:00,725
markdown_proxy,2026-07-01 08:00:00+00:00,725
markdown_proxy,2026-07-01 09:00:00+00:00,725
markdown_proxy,2026-07-01 10:00:00+00:00,725
markdown_proxy,2026-07-01 11:00:00+00:00,725
markdown_proxy,2026-07-01 12:00:00+00:00,725
markdown_proxy,2026-07-01 13:00:00+00:00,725
markdown_proxy,2026-07-01 14:00:00+00:00,725
markdown_proxy,2026-07-01 15:00:00+00:00,725
markdown_proxy,2026-07-01 16:00:00+00:00,725
markdown_proxy,2026-07-01 17:00:00+00:00,725
markdown_proxy,2026-07-01 18:00:00+00:00,725
markdown_proxy,2026-07-01 19:00:00+00:00,725
markdown_proxy,2026-07-01 20:00:00+00:00,725
markdown_proxy,2026-07-01 21:00:00+00:00,725
markdown_proxy,2026-07-01 22:00:00+00:00,725
markdown_proxy,2026-07-01 23:00:00+00:00,725
markdown_proxy,2026-07-02 00:00:00+00:00,725
markdown_proxy,2026-07-02 01:00:00+00:00,725
markdown_proxy,2026-07-02 02:00:00+00:00,725
markdown_proxy,2026-07-02 03:00:00+00:00,725
markdown_proxy,2026-07-02 04:00:00+00:00,725
markdown_proxy,2026-07-02 05:00:00+00:00,725
markdown_proxy,2026-07-02 06:00:00+00:00,725
markdown_proxy,2026-07-02 07:00:00+00:00,725
markdown_proxy,2026-07-02 08:00:00+00:00,725
markdown_proxy,2026-07-02 09:00:00+00:00,725
markdown_proxy,2026-07-02 10:00:00+00:00,725
markdown_proxy,2026-07-02 11:00:00+00:00,725
markdown_proxy,2026-07-02 12:00:00+00:00,725
markdown_proxy,2026-07-02 13:00:00+00:00,725
markdown_proxy,2026-07-02 14:00:00+00:00,725
markdown_proxy,2026-07-02 15:00:00+00:00,725
markdown_proxy,2026-07-02 16:00:00+00:00,725
markdown_proxy,2026-07-02 17:00:00+00:00,725
sink_or_test,2026-05-24 06:00:00+00:00,0
sink_or_test,2026-05-24 07:00:00+00:00,0
sink_or_test,2026-05-24 08:00:00+00:00,0
sink_or_test,2026-05-24 09:00:00+00:00,0
sink_or_test,2026-05-24 10:00:00+00:00,0
sink_or_test,2026-05-24 11:00:00+00:00,0
sink_or_test,2026-05-24 12:00:00+00:00,0
sink_or_test,2026-05-24 13:00:00+00:00,0
sink_or_test,2026-05-24 14:00:00+00:00,0
sink_or_test,2026-05-24 15:00:00+00:00,0
sink_or_test,2026-05-24 16:00:00+00:00,0
sink_or_test,2026-05-24 17:00:00+00:00,0
sink_or_test,2026-05-24 18:00:00+00:00,0
sink_or_test,2026-05-24 19:00:00+00:00,0
sink_or_test,2026-05-24 20:00:00+00:00,0
sink_or_test,2026-05-24 21:00:00+00:00,0
sink_or_test,2026-05-24 22:00:00+00:00,0
sink_or_test,2026-05-24 23:00:00+00:00,0
sink_or_test,2026-05-25 00:00:00+00:00,0
sink_or_test,2026-05-25 01:00:00+00:00,0
sink_or_test,2026-05-25 02:00:00+00:00,0
sink_or_test,2026-05-25 03:00:00+00:00,0
sink_or_test,2026-05-25 04:00:00+00:00,0
sink_or_test,2026-05-25 05:00:00+00:00,0
sink_or_test,2026-05-25 06:00:00+00:00,0
sink_or_test,2026-05-25 07:00:00+00:00,0
sink_or_test,2026-05-25 08:00:00+00:00,0
sink_or_test,2026-05-25 09:00:00+00:00,0
sink_or_test,2026-05-25 10:00:00+00:00,0
sink_or_test,2026-05-25 11:00:00+00:00,0
sink_or_test,2026-05-25 12:00:00+00:00,0
sink_or_test,2026-05-25 13:00:00+00:00,0
sink_or_test,2026-05-25 14:00:00+00:00,0
sink_or_test,2026-05-25 15:00:00+00:00,0
sink_or_test,2026-05-25 16:00:00+00:00,0
sink_or_test,2026-05-25 17:00:00+00:00,0
sink_or_test,2026-05-25 18:00:00+00:00,0
sink_or_test,2026-05-25 19:00:00+00:00,0
sink_or_test,2026-05-25 20:00:00+00:00,0
sink_or_test,2026-05-25 21:00:00+00:00,0
sink_or_test,2026-05-25 22:00:00+00:00,0
sink_or_test,2026-05-25 23:00:00+00:00,0
sink_or_test,2026-05-26 00:00:00+00:00,0
sink_or_test,2026-05-26 01:00:00+00:00,0
sink_or_test,2026-05-26 02:00:00+00:00,0
sink_or_test,2026-05-26 03:00:00+00:00,0
sink_or_test,2026-05-26 04:00:00+00:00,0
sink_or_test,2026-05-26 05:00:00+00:00,0
sink_or_test,2026-05-26 06:00:00+00:00,0
sink_or_test,2026-05-26 07:00:00+00:00,0
sink_or_test,2026-05-26 08:00:00+00:00,0
sink_or_test,2026-05-26 09:00:00+00:00,2
sink_or_test,2026-05-26 10:00:00+00:00,7
sink_or_test,2026-05-26 11:00:00+00:00,12
sink_or_test,2026-05-26 12:00:00+00:00,13
sink_or_test,2026-05-26 13:00:00+00:00,15
sink_or_test,2026-05-26 14:00:00+00:00,17
sink_or_test,2026-05-26 15:00:00+00:00,19
sink_or_test,2026-05-26 16:00:00+00:00,28
sink_or_test,2026-05-26 17:00:00+00:00,28
sink_or_test,2026-05-26 18:00:00+00:00,28
sink_or_test,2026-05-26 19:00:00+00:00,28
sink_or_test,2026-05-26 20:00:00+00:00,28
sink_or_test,2026-05-26 21:00:00+00:00,28
sink_or_test,2026-05-26 22:00:00+00:00,28
sink_or_test,2026-05-26 23:00:00+00:00,28
sink_or_test,2026-05-27 00:00:00+00:00,28
sink_or_test,2026-05-27 01:00:00+00:00,29
sink_or_test,2026-05-27 02:00:00+00:00,31
sink_or_test,2026-05-27 03:00:00+00:00,31
sink_or_test,2026-05-27 04:00:00+00:00,31
sink_or_test,2026-05-27 05:00:00+00:00,31
sink_or_test,2026-05-27 06:00:00+00:00,31
sink_or_test,2026-05-27 07:00:00+00:00,31
sink_or_test,2026-05-27 08:00:00+00:00,32
sink_or_test,2026-05-27 09:00:00+00:00,32
sink_or_test,2026-05-27 10:00:00+00:00,32
sink_or_test,2026-05-27 11:00:00+00:00,32
sink_or_test,2026-05-27 12:00:00+00:00,33
sink_or_test,2026-05-27 13:00:00+00:00,33
sink_or_test,2026-05-27 14:00:00+00:00,33
sink_or_test,2026-05-27 15:00:00+00:00,33
sink_or_test,2026-05-27 16:00:00+00:00,33
sink_or_test,2026-05-27 17:00:00+00:00,33
sink_or_test,2026-05-27 18:00:00+00:00,33
sink_or_test,2026-05-27 19:00:00+00:00,33
sink_or_test,2026-05-27 20:00:00+00:00,33
sink_or_test,2026-05-27 21:00:00+00:00,33
sink_or_test,2026-05-27 22:00:00+00:00,33
sink_or_test,2026-05-27 23:00:00+00:00,33
sink_or_test,2026-05-28 00:00:00+00:00,33
sink_or_test,2026-05-28 01:00:00+00:00,33
sink_or_test,2026-05-28 02:00:00+00:00,33
sink_or_test,2026-05-28 03:00:00+00:00,33
sink_or_test,2026-05-28 04:00:00+00:00,33
sink_or_test,2026-05-28 05:00:00+00:00,33
sink_or_test,2026-05-28 06:00:00+00:00,33
sink_or_test,2026-05-28 07:00:00+00:00,33
sink_or_test,2026-05-28 08:00:00+00:00,33
sink_or_test,2026-05-28 09:00:00+00:00,33
sink_or_test,2026-05-28 10:00:00+00:00,33
sink_or_test,2026-05-28 11:00:00+00:00,33
sink_or_test,2026-05-28 12:00:00+00:00,34
sink_or_test,2026-05-28 13:00:00+00:00,39
sink_or_test,2026-05-28 14:00:00+00:00,42
sink_or_test,2026-05-28 15:00:00+00:00,43
sink_or_test,2026-05-28 16:00:00+00:00,43
sink_or_test,2026-05-28 17:00:00+00:00,43
sink_or_test,2026-05-28 18:00:00+00:00,43
sink_or_test,2026-05-28 19:00:00+00:00,43
sink_or_test,2026-05-28 20:00:00+00:00,43
sink_or_test,2026-05-28 21:00:00+00:00,43
sink_or_test,2026-05-28 22:00:00+00:00,43
sink_or_test,2026-05-28 23:00:00+00:00,43
sink_or_test,2026-05-29 00:00:00+00:00,43
sink_or_test,2026-05-29 01:00:00+00:00,43
sink_or_test,2026-05-29 02:00:00+00:00,43
sink_or_test,2026-05-29 03:00:00+00:00,43
sink_or_test,2026-05-29 04:00:00+00:00,43
sink_or_test,2026-05-29 05:00:00+00:00,43
sink_or_test,2026-05-29 06:00:00+00:00,43
sink_or_test,2026-05-29 07:00:00+00:00,43
sink_or_test,2026-05-29 08:00:00+00:00,43
sink_or_test,2026-05-29 09:00:00+00:00,43
sink_or_test,2026-05-29 10:00:00+00:00,43
sink_or_test,2026-05-29 11:00:00+00:00,43
sink_or_test,2026-05-29 12:00:00+00:00,43
sink_or_test,2026-05-29 13:00:00+00:00,43
sink_or_test,2026-05-29 14:00:00+00:00,43
sink_or_test,2026-05-29 15:00:00+00:00,43
sink_or_test,2026-05-29 16:00:00+00:00,43
sink_or_test,2026-05-29 17:00:00+00:00,43
sink_or_test,2026-05-29 18:00:00+00:00,43
sink_or_test,2026-05-29 19:00:00+00:00,43
sink_or_test,2026-05-29 20:00:00+00:00,43
sink_or_test,2026-05-29 21:00:00+00:00,44
sink_or_test,2026-05-29 22:00:00+00:00,47
sink_or_test,2026-05-29 23:00:00+00:00,47
sink_or_test,2026-05-30 00:00:00+00:00,47
sink_or_test,2026-05-30 01:00:00+00:00,47
sink_or_test,2026-05-30 02:00:00+00:00,47
sink_or_test,2026-05-30 03:00:00+00:00,47
sink_or_test,2026-05-30 04:00:00+00:00,47
sink_or_test,2026-05-30 05:00:00+00:00,47
sink_or_test,2026-05-30 06:00:00+00:00,47
sink_or_test,2026-05-30 07:00:00+00:00,47
sink_or_test,2026-05-30 08:00:00+00:00,47
sink_or_test,2026-05-30 09:00:00+00:00,47
sink_or_test,2026-05-30 10:00:00+00:00,47
sink_or_test,2026-05-30 11:00:00+00:00,47
sink_or_test,2026-05-30 12:00:00+00:00,47
sink_or_test,2026-05-30 13:00:00+00:00,47
sink_or_test,2026-05-30 14:00:00+00:00,47
sink_or_test,2026-05-30 15:00:00+00:00,47
sink_or_test,2026-05-30 16:00:00+00:00,47
sink_or_test,2026-05-30 17:00:00+00:00,47
sink_or_test,2026-05-30 18:00:00+00:00,47
sink_or_test,2026-05-30 19:00:00+00:00,47
sink_or_test,2026-05-30 20:00:00+00:00,47
sink_or_test,2026-05-30 21:00:00+00:00,49
sink_or_test,2026-05-30 22:00:00+00:00,49
sink_or_test,2026-05-30 23:00:00+00:00,50
sink_or_test,2026-05-31 00:00:00+00:00,51
sink_or_test,2026-05-31 01:00:00+00:00,51
sink_or_test,2026-05-31 02:00:00+00:00,51
sink_or_test,2026-05-31 03:00:00+00:00,51
sink_or_test,2026-05-31 04:00:00+00:00,51
sink_or_test,2026-05-31 05:00:00+00:00,51
sink_or_test,2026-05-31 06:00:00+00:00,51
sink_or_test,2026-05-31 07:00:00+00:00,51
sink_or_test,2026-05-31 08:00:00+00:00,51
sink_or_test,2026-05-31 09:00:00+00:00,51
sink_or_test,2026-05-31 10:00:00+00:00,51
sink_or_test,2026-05-31 11:00:00+00:00,51
sink_or_test,2026-05-31 12:00:00+00:00,51
sink_or_test,2026-05-31 13:00:00+00:00,51
sink_or_test,2026-05-31 14:00:00+00:00,51
sink_or_test,2026-05-31 15:00:00+00:00,51
sink_or_test,2026-05-31 16:00:00+00:00,51
sink_or_test,2026-05-31 17:00:00+00:00,51
sink_or_test,2026-05-31 18:00:00+00:00,51
sink_or_test,2026-05-31 19:00:00+00:00,51
sink_or_test,2026-05-31 20:00:00+00:00,51
sink_or_test,2026-05-31 21:00:00+00:00,51
sink_or_test,2026-05-31 22:00:00+00:00,51
sink_or_test,2026-05-31 23:00:00+00:00,51
sink_or_test,2026-06-01 00:00:00+00:00,51
sink_or_test,2026-06-01 01:00:00+00:00,51
sink_or_test,2026-06-01 02:00:00+00:00,51
sink_or_test,2026-06-01 03:00:00+00:00,51
sink_or_test,2026-06-01 04:00:00+00:00,51
sink_or_test,2026-06-01 05:00:00+00:00,51
sink_or_test,2026-06-01 06:00:00+00:00,51
sink_or_test,2026-06-01 07:00:00+00:00,51
sink_or_test,2026-06-01 08:00:00+00:00,51
sink_or_test,2026-06-01 09:00:00+00:00,51
sink_or_test,2026-06-01 10:00:00+00:00,51
sink_or_test,2026-06-01 11:00:00+00:00,51
sink_or_test,2026-06-01 12:00:00+00:00,52
sink_or_test,2026-06-01 13:00:00+00:00,52
sink_or_test,2026-06-01 14:00:00+00:00,53
sink_or_test,2026-06-01 15:00:00+00:00,53
sink_or_test,2026-06-01 16:00:00+00:00,53
sink_or_test,2026-06-01 17:00:00+00:00,53
sink_or_test,2026-06-01 18:00:00+00:00,53
sink_or_test,2026-06-01 19:00:00+00:00,53
sink_or_test,2026-06-01 20:00:00+00:00,53
sink_or_test,2026-06-01 21:00:00+00:00,53
sink_or_test,2026-06-01 22:00:00+00:00,53
sink_or_test,2026-06-01 23:00:00+00:00,53
sink_or_test,2026-06-02 00:00:00+00:00,53
sink_or_test,2026-06-02 01:00:00+00:00,53
sink_or_test,2026-06-02 02:00:00+00:00,53
sink_or_test,2026-06-02 03:00:00+00:00,53
sink_or_test,2026-06-02 04:00:00+00:00,53
sink_or_test,2026-06-02 05:00:00+00:00,53
sink_or_test,2026-06-02 06:00:00+00:00,53
sink_or_test,2026-06-02 07:00:00+00:00,53
sink_or_test,2026-06-02 08:00:00+00:00,53
sink_or_test,2026-06-02 09:00:00+00:00,53
sink_or_test,2026-06-02 10:00:00+00:00,53
sink_or_test,2026-06-02 11:00:00+00:00,53
sink_or_test,2026-06-02 12:00:00+00:00,53
sink_or_test,2026-06-02 13:00:00+00:00,53
sink_or_test,2026-06-02 14:00:00+00:00,53
sink_or_test,2026-06-02 15:00:00+00:00,53
sink_or_test,2026-06-02 16:00:00+00:00,53
sink_or_test,2026-06-02 17:00:00+00:00,53
sink_or_test,2026-06-02 18:00:00+00:00,53
sink_or_test,2026-06-02 19:00:00+00:00,53
sink_or_test,2026-06-02 20:00:00+00:00,53
sink_or_test,2026-06-02 21:00:00+00:00,53
sink_or_test,2026-06-02 22:00:00+00:00,53
sink_or_test,2026-06-02 23:00:00+00:00,53
sink_or_test,2026-06-03 00:00:00+00:00,53
sink_or_test,2026-06-03 01:00:00+00:00,53
sink_or_test,2026-06-03 02:00:00+00:00,53
sink_or_test,2026-06-03 03:00:00+00:00,53
sink_or_test,2026-06-03 04:00:00+00:00,53
sink_or_test,2026-06-03 05:00:00+00:00,53
sink_or_test,2026-06-03 06:00:00+00:00,53
sink_or_test,2026-06-03 07:00:00+00:00,53
sink_or_test,2026-06-03 08:00:00+00:00,53
sink_or_test,2026-06-03 09:00:00+00:00,53
sink_or_test,2026-06-03 10:00:00+00:00,53
sink_or_test,2026-06-03 11:00:00+00:00,53
sink_or_test,2026-06-03 12:00:00+00:00,53
sink_or_test,2026-06-03 13:00:00+00:00,53
sink_or_test,2026-06-03 14:00:00+00:00,53
sink_or_test,2026-06-03 15:00:00+00:00,53
sink_or_test,2026-06-03 16:00:00+00:00,53
sink_or_test,2026-06-03 17:00:00+00:00,53
sink_or_test,2026-06-03 18:00:00+00:00,53
sink_or_test,2026-06-03 19:00:00+00:00,53
sink_or_test,2026-06-03 20:00:00+00:00,53
sink_or_test,2026-06-03 21:00:00+00:00,53
sink_or_test,2026-06-03 22:00:00+00:00,53
sink_or_test,2026-06-03 23:00:00+00:00,53
sink_or_test,2026-06-04 00:00:00+00:00,53
sink_or_test,2026-06-04 01:00:00+00:00,53
sink_or_test,2026-06-04 02:00:00+00:00,53
sink_or_test,2026-06-04 03:00:00+00:00,53
sink_or_test,2026-06-04 04:00:00+00:00,53
sink_or_test,2026-06-04 05:00:00+00:00,53
sink_or_test,2026-06-04 06:00:00+00:00,53
sink_or_test,2026-06-04 07:00:00+00:00,53
sink_or_test,2026-06-04 08:00:00+00:00,53
sink_or_test,2026-06-04 09:00:00+00:00,53
sink_or_test,2026-06-04 10:00:00+00:00,53
sink_or_test,2026-06-04 11:00:00+00:00,53
sink_or_test,2026-06-04 12:00:00+00:00,53
sink_or_test,2026-06-04 13:00:00+00:00,53
sink_or_test,2026-06-04 14:00:00+00:00,53
sink_or_test,2026-06-04 15:00:00+00:00,53
sink_or_test,2026-06-04 16:00:00+00:00,54
sink_or_test,2026-06-04 17:00:00+00:00,54
sink_or_test,2026-06-04 18:00:00+00:00,54
sink_or_test,2026-06-04 19:00:00+00:00,54
sink_or_test,2026-06-04 20:00:00+00:00,54
sink_or_test,2026-06-04 21:00:00+00:00,54
sink_or_test,2026-06-04 22:00:00+00:00,54
sink_or_test,2026-06-04 23:00:00+00:00,54
sink_or_test,2026-06-05 00:00:00+00:00,54
sink_or_test,2026-06-05 01:00:00+00:00,54
sink_or_test,2026-06-05 02:00:00+00:00,54
sink_or_test,2026-06-05 03:00:00+00:00,54
sink_or_test,2026-06-05 04:00:00+00:00,54
sink_or_test,2026-06-05 05:00:00+00:00,54
sink_or_test,2026-06-05 06:00:00+00:00,54
sink_or_test,2026-06-05 07:00:00+00:00,54
sink_or_test,2026-06-05 08:00:00+00:00,54
sink_or_test,2026-06-05 09:00:00+00:00,54
sink_or_test,2026-06-05 10:00:00+00:00,54
sink_or_test,2026-06-05 11:00:00+00:00,54
sink_or_test,2026-06-05 12:00:00+00:00,54
sink_or_test,2026-06-05 13:00:00+00:00,54
sink_or_test,2026-06-05 14:00:00+00:00,54
sink_or_test,2026-06-05 15:00:00+00:00,54
sink_or_test,2026-06-05 16:00:00+00:00,54
sink_or_test,2026-06-05 17:00:00+00:00,54
sink_or_test,2026-06-05 18:00:00+00:00,54
sink_or_test,2026-06-05 19:00:00+00:00,54
sink_or_test,2026-06-05 20:00:00+00:00,54
sink_or_test,2026-06-05 21:00:00+00:00,54
sink_or_test,2026-06-05 22:00:00+00:00,54
sink_or_test,2026-06-05 23:00:00+00:00,54
sink_or_test,2026-06-06 00:00:00+00:00,54
sink_or_test,2026-06-06 01:00:00+00:00,54
sink_or_test,2026-06-06 02:00:00+00:00,54
sink_or_test,2026-06-06 03:00:00+00:00,54
sink_or_test,2026-06-06 04:00:00+00:00,54
sink_or_test,2026-06-06 05:00:00+00:00,54
sink_or_test,2026-06-06 06:00:00+00:00,54
sink_or_test,2026-06-06 07:00:00+00:00,54
sink_or_test,2026-06-06 08:00:00+00:00,54
sink_or_test,2026-06-06 09:00:00+00:00,54
sink_or_test,2026-06-06 10:00:00+00:00,54
sink_or_test,2026-06-06 11:00:00+00:00,54
sink_or_test,2026-06-06 12:00:00+00:00,54
sink_or_test,2026-06-06 13:00:00+00:00,54
sink_or_test,2026-06-06 14:00:00+00:00,54
sink_or_test,2026-06-06 15:00:00+00:00,54
sink_or_test,2026-06-06 16:00:00+00:00,54
sink_or_test,2026-06-06 17:00:00+00:00,54
sink_or_test,2026-06-06 18:00:00+00:00,54
sink_or_test,2026-06-06 19:00:00+00:00,54
sink_or_test,2026-06-06 20:00:00+00:00,54
sink_or_test,2026-06-06 21:00:00+00:00,54
sink_or_test,2026-06-06 22:00:00+00:00,54
sink_or_test,2026-06-06 23:00:00+00:00,54
sink_or_test,2026-06-07 00:00:00+00:00,54
sink_or_test,2026-06-07 01:00:00+00:00,54
sink_or_test,2026-06-07 02:00:00+00:00,54
sink_or_test,2026-06-07 03:00:00+00:00,54
sink_or_test,2026-06-07 04:00:00+00:00,54
sink_or_test,2026-06-07 05:00:00+00:00,54
sink_or_test,2026-06-07 06:00:00+00:00,54
sink_or_test,2026-06-07 07:00:00+00:00,54
sink_or_test,2026-06-07 08:00:00+00:00,54
sink_or_test,2026-06-07 09:00:00+00:00,54
sink_or_test,2026-06-07 10:00:00+00:00,54
sink_or_test,2026-06-07 11:00:00+00:00,54
sink_or_test,2026-06-07 12:00:00+00:00,54
sink_or_test,2026-06-07 13:00:00+00:00,54
sink_or_test,2026-06-07 14:00:00+00:00,54
sink_or_test,2026-06-07 15:00:00+00:00,54
sink_or_test,2026-06-07 16:00:00+00:00,54
sink_or_test,2026-06-07 17:00:00+00:00,54
sink_or_test,2026-06-07 18:00:00+00:00,54
sink_or_test,2026-06-07 19:00:00+00:00,54
sink_or_test,2026-06-07 20:00:00+00:00,54
sink_or_test,2026-06-07 21:00:00+00:00,54
sink_or_test,2026-06-07 22:00:00+00:00,54
sink_or_test,2026-06-07 23:00:00+00:00,54
sink_or_test,2026-06-08 00:00:00+00:00,54
sink_or_test,2026-06-08 01:00:00+00:00,54
sink_or_test,2026-06-08 02:00:00+00:00,54
sink_or_test,2026-06-08 03:00:00+00:00,55
sink_or_test,2026-06-08 04:00:00+00:00,55
sink_or_test,2026-06-08 05:00:00+00:00,55
sink_or_test,2026-06-08 06:00:00+00:00,55
sink_or_test,2026-06-08 07:00:00+00:00,55
sink_or_test,2026-06-08 08:00:00+00:00,55
sink_or_test,2026-06-08 09:00:00+00:00,55
sink_or_test,2026-06-08 10:00:00+00:00,55
sink_or_test,2026-06-08 11:00:00+00:00,55
sink_or_test,2026-06-08 12:00:00+00:00,55
sink_or_test,2026-06-08 13:00:00+00:00,55
sink_or_test,2026-06-08 14:00:00+00:00,55
sink_or_test,2026-06-08 15:00:00+00:00,55
sink_or_test,2026-06-08 16:00:00+00:00,55
sink_or_test,2026-06-08 17:00:00+00:00,55
sink_or_test,2026-06-08 18:00:00+00:00,55
sink_or_test,2026-06-08 19:00:00+00:00,55
sink_or_test,2026-06-08 20:00:00+00:00,55
sink_or_test,2026-06-08 21:00:00+00:00,55
sink_or_test,2026-06-08 22:00:00+00:00,55
sink_or_test,2026-06-08 23:00:00+00:00,55
sink_or_test,2026-06-09 00:00:00+00:00,55
sink_or_test,2026-06-09 01:00:00+00:00,55
sink_or_test,2026-06-09 02:00:00+00:00,55
sink_or_test,2026-06-09 03:00:00+00:00,55
sink_or_test,2026-06-09 04:00:00+00:00,55
sink_or_test,2026-06-09 05:00:00+00:00,55
sink_or_test,2026-06-09 06:00:00+00:00,55
sink_or_test,2026-06-09 07:00:00+00:00,55
sink_or_test,2026-06-09 08:00:00+00:00,55
sink_or_test,2026-06-09 09:00:00+00:00,55
sink_or_test,2026-06-09 10:00:00+00:00,55
sink_or_test,2026-06-09 11:00:00+00:00,55
sink_or_test,2026-06-09 12:00:00+00:00,55
sink_or_test,2026-06-09 13:00:00+00:00,55
sink_or_test,2026-06-09 14:00:00+00:00,55
sink_or_test,2026-06-09 15:00:00+00:00,55
sink_or_test,2026-06-09 16:00:00+00:00,55
sink_or_test,2026-06-09 17:00:00+00:00,55
sink_or_test,2026-06-09 18:00:00+00:00,55
sink_or_test,2026-06-09 19:00:00+00:00,55
sink_or_test,2026-06-09 20:00:00+00:00,55
sink_or_test,2026-06-09 21:00:00+00:00,55
sink_or_test,2026-06-09 22:00:00+00:00,55
sink_or_test,2026-06-09 23:00:00+00:00,55
sink_or_test,2026-06-10 00:00:00+00:00,55
sink_or_test,2026-06-10 01:00:00+00:00,55
sink_or_test,2026-06-10 02:00:00+00:00,55
sink_or_test,2026-06-10 03:00:00+00:00,55
sink_or_test,2026-06-10 04:00:00+00:00,55
sink_or_test,2026-06-10 05:00:00+00:00,55
sink_or_test,2026-06-10 06:00:00+00:00,55
sink_or_test,2026-06-10 07:00:00+00:00,55
sink_or_test,2026-06-10 08:00:00+00:00,55
sink_or_test,2026-06-10 09:00:00+00:00,55
sink_or_test,2026-06-10 10:00:00+00:00,55
sink_or_test,2026-06-10 11:00:00+00:00,55
sink_or_test,2026-06-10 12:00:00+00:00,55
sink_or_test,2026-06-10 13:00:00+00:00,55
sink_or_test,2026-06-10 14:00:00+00:00,55
sink_or_test,2026-06-10 15:00:00+00:00,55
sink_or_test,2026-06-10 16:00:00+00:00,55
sink_or_test,2026-06-10 17:00:00+00:00,55
sink_or_test,2026-06-10 18:00:00+00:00,55
sink_or_test,2026-06-10 19:00:00+00:00,55
sink_or_test,2026-06-10 20:00:00+00:00,55
sink_or_test,2026-06-10 21:00:00+00:00,55
sink_or_test,2026-06-10 22:00:00+00:00,55
sink_or_test,2026-06-10 23:00:00+00:00,55
sink_or_test,2026-06-11 00:00:00+00:00,55
sink_or_test,2026-06-11 01:00:00+00:00,55
sink_or_test,2026-06-11 02:00:00+00:00,55
sink_or_test,2026-06-11 03:00:00+00:00,55
sink_or_test,2026-06-11 04:00:00+00:00,55
sink_or_test,2026-06-11 05:00:00+00:00,56
sink_or_test,2026-06-11 06:00:00+00:00,58
sink_or_test,2026-06-11 07:00:00+00:00,59
sink_or_test,2026-06-11 08:00:00+00:00,59
sink_or_test,2026-06-11 09:00:00+00:00,59
sink_or_test,2026-06-11 10:00:00+00:00,59
sink_or_test,2026-06-11 11:00:00+00:00,59
sink_or_test,2026-06-11 12:00:00+00:00,60
sink_or_test,2026-06-11 13:00:00+00:00,62
sink_or_test,2026-06-11 14:00:00+00:00,65
sink_or_test,2026-06-11 15:00:00+00:00,65
sink_or_test,2026-06-11 16:00:00+00:00,65
sink_or_test,2026-06-11 17:00:00+00:00,65
sink_or_test,2026-06-11 18:00:00+00:00,65
sink_or_test,2026-06-11 19:00:00+00:00,65
sink_or_test,2026-06-11 20:00:00+00:00,65
sink_or_test,2026-06-11 21:00:00+00:00,65
sink_or_test,2026-06-11 22:00:00+00:00,65
sink_or_test,2026-06-11 23:00:00+00:00,65
sink_or_test,2026-06-12 00:00:00+00:00,65
sink_or_test,2026-06-12 01:00:00+00:00,65
sink_or_test,2026-06-12 02:00:00+00:00,65
sink_or_test,2026-06-12 03:00:00+00:00,65
sink_or_test,2026-06-12 04:00:00+00:00,65
sink_or_test,2026-06-12 05:00:00+00:00,65
sink_or_test,2026-06-12 06:00:00+00:00,65
sink_or_test,2026-06-12 07:00:00+00:00,65
sink_or_test,2026-06-12 08:00:00+00:00,65
sink_or_test,2026-06-12 09:00:00+00:00,65
sink_or_test,2026-06-12 10:00:00+00:00,65
sink_or_test,2026-06-12 11:00:00+00:00,65
sink_or_test,2026-06-12 12:00:00+00:00,65
sink_or_test,2026-06-12 13:00:00+00:00,65
sink_or_test,2026-06-12 14:00:00+00:00,65
sink_or_test,2026-06-12 15:00:00+00:00,65
sink_or_test,2026-06-12 16:00:00+00:00,65
sink_or_test,2026-06-12 17:00:00+00:00,65
sink_or_test,2026-06-12 18:00:00+00:00,65
sink_or_test,2026-06-12 19:00:00+00:00,65
sink_or_test,2026-06-12 20:00:00+00:00,65
sink_or_test,2026-06-12 21:00:00+00:00,65
sink_or_test,2026-06-12 22:00:00+00:00,65
sink_or_test,2026-06-12 23:00:00+00:00,65
sink_or_test,2026-06-13 00:00:00+00:00,65
sink_or_test,2026-06-13 01:00:00+00:00,65
sink_or_test,2026-06-13 02:00:00+00:00,65
sink_or_test,2026-06-13 03:00:00+00:00,65
sink_or_test,2026-06-13 04:00:00+00:00,65
sink_or_test,2026-06-13 05:00:00+00:00,65
sink_or_test,2026-06-13 06:00:00+00:00,65
sink_or_test,2026-06-13 07:00:00+00:00,65
sink_or_test,2026-06-13 08:00:00+00:00,65
sink_or_test,2026-06-13 09:00:00+00:00,65
sink_or_test,2026-06-13 10:00:00+00:00,65
sink_or_test,2026-06-13 11:00:00+00:00,65
sink_or_test,2026-06-13 12:00:00+00:00,65
sink_or_test,2026-06-13 13:00:00+00:00,65
sink_or_test,2026-06-13 14:00:00+00:00,65
sink_or_test,2026-06-13 15:00:00+00:00,65
sink_or_test,2026-06-13 16:00:00+00:00,65
sink_or_test,2026-06-13 17:00:00+00:00,65
sink_or_test,2026-06-13 18:00:00+00:00,65
sink_or_test,2026-06-13 19:00:00+00:00,65
sink_or_test,2026-06-13 20:00:00+00:00,65
sink_or_test,2026-06-13 21:00:00+00:00,65
sink_or_test,2026-06-13 22:00:00+00:00,65
sink_or_test,2026-06-13 23:00:00+00:00,65
sink_or_test,2026-06-14 00:00:00+00:00,65
sink_or_test,2026-06-14 01:00:00+00:00,65
sink_or_test,2026-06-14 02:00:00+00:00,65
sink_or_test,2026-06-14 03:00:00+00:00,65
sink_or_test,2026-06-14 04:00:00+00:00,65
sink_or_test,2026-06-14 05:00:00+00:00,65
sink_or_test,2026-06-14 06:00:00+00:00,65
sink_or_test,2026-06-14 07:00:00+00:00,65
sink_or_test,2026-06-14 08:00:00+00:00,65
sink_or_test,2026-06-14 09:00:00+00:00,65
sink_or_test,2026-06-14 10:00:00+00:00,65
sink_or_test,2026-06-14 11:00:00+00:00,65
sink_or_test,2026-06-14 12:00:00+00:00,65
sink_or_test,2026-06-14 13:00:00+00:00,65
sink_or_test,2026-06-14 14:00:00+00:00,65
sink_or_test,2026-06-14 15:00:00+00:00,65
sink_or_test,2026-06-14 16:00:00+00:00,65
sink_or_test,2026-06-14 17:00:00+00:00,65
sink_or_test,2026-06-14 18:00:00+00:00,65
sink_or_test,2026-06-14 19:00:00+00:00,65
sink_or_test,2026-06-14 20:00:00+00:00,65
sink_or_test,2026-06-14 21:00:00+00:00,65
sink_or_test,2026-06-14 22:00:00+00:00,65
sink_or_test,2026-06-14 23:00:00+00:00,65
sink_or_test,2026-06-15 00:00:00+00:00,65
sink_or_test,2026-06-15 01:00:00+00:00,65
sink_or_test,2026-06-15 02:00:00+00:00,65
sink_or_test,2026-06-15 03:00:00+00:00,65
sink_or_test,2026-06-15 04:00:00+00:00,65
sink_or_test,2026-06-15 05:00:00+00:00,65
sink_or_test,2026-06-15 06:00:00+00:00,65
sink_or_test,2026-06-15 07:00:00+00:00,65
sink_or_test,2026-06-15 08:00:00+00:00,65
sink_or_test,2026-06-15 09:00:00+00:00,65
sink_or_test,2026-06-15 10:00:00+00:00,65
sink_or_test,2026-06-15 11:00:00+00:00,65
sink_or_test,2026-06-15 12:00:00+00:00,65
sink_or_test,2026-06-15 13:00:00+00:00,65
sink_or_test,2026-06-15 14:00:00+00:00,65
sink_or_test,2026-06-15 15:00:00+00:00,65
sink_or_test,2026-06-15 16:00:00+00:00,65
sink_or_test,2026-06-15 17:00:00+00:00,65
sink_or_test,2026-06-15 18:00:00+00:00,65
sink_or_test,2026-06-15 19:00:00+00:00,65
sink_or_test,2026-06-15 20:00:00+00:00,65
sink_or_test,2026-06-15 21:00:00+00:00,65
sink_or_test,2026-06-15 22:00:00+00:00,65
sink_or_test,2026-06-15 23:00:00+00:00,65
sink_or_test,2026-06-16 00:00:00+00:00,65
sink_or_test,2026-06-16 01:00:00+00:00,65
sink_or_test,2026-06-16 02:00:00+00:00,65
sink_or_test,2026-06-16 03:00:00+00:00,65
sink_or_test,2026-06-16 04:00:00+00:00,65
sink_or_test,2026-06-16 05:00:00+00:00,65
sink_or_test,2026-06-16 06:00:00+00:00,65
sink_or_test,2026-06-16 07:00:00+00:00,67
sink_or_test,2026-06-16 08:00:00+00:00,72
sink_or_test,2026-06-16 09:00:00+00:00,77
sink_or_test,2026-06-16 10:00:00+00:00,77
sink_or_test,2026-06-16 11:00:00+00:00,78
sink_or_test,2026-06-16 12:00:00+00:00,80
sink_or_test,2026-06-16 13:00:00+00:00,80
sink_or_test,2026-06-16 14:00:00+00:00,80
sink_or_test,2026-06-16 15:00:00+00:00,80
sink_or_test,2026-06-16 16:00:00+00:00,80
sink_or_test,2026-06-16 17:00:00+00:00,80
sink_or_test,2026-06-16 18:00:00+00:00,92
sink_or_test,2026-06-16 19:00:00+00:00,105
sink_or_test,2026-06-16 20:00:00+00:00,111
sink_or_test,2026-06-16 21:00:00+00:00,117
sink_or_test,2026-06-16 22:00:00+00:00,117
sink_or_test,2026-06-16 23:00:00+00:00,117
sink_or_test,2026-06-17 00:00:00+00:00,121
sink_or_test,2026-06-17 01:00:00+00:00,124
sink_or_test,2026-06-17 02:00:00+00:00,125
sink_or_test,2026-06-17 03:00:00+00:00,127
sink_or_test,2026-06-17 04:00:00+00:00,129
sink_or_test,2026-06-17 05:00:00+00:00,130
sink_or_test,2026-06-17 06:00:00+00:00,130
sink_or_test,2026-06-17 07:00:00+00:00,132
sink_or_test,2026-06-17 08:00:00+00:00,132
sink_or_test,2026-06-17 09:00:00+00:00,132
sink_or_test,2026-06-17 10:00:00+00:00,132
sink_or_test,2026-06-17 11:00:00+00:00,132
sink_or_test,2026-06-17 12:00:00+00:00,133
sink_or_test,2026-06-17 13:00:00+00:00,133
sink_or_test,2026-06-17 14:00:00+00:00,133
sink_or_test,2026-06-17 15:00:00+00:00,133
sink_or_test,2026-06-17 16:00:00+00:00,139
sink_or_test,2026-06-17 17:00:00+00:00,139
sink_or_test,2026-06-17 18:00:00+00:00,139
sink_or_test,2026-06-17 19:00:00+00:00,139
sink_or_test,2026-06-17 20:00:00+00:00,139
sink_or_test,2026-06-17 21:00:00+00:00,139
sink_or_test,2026-06-17 22:00:00+00:00,139
sink_or_test,2026-06-17 23:00:00+00:00,139
sink_or_test,2026-06-18 00:00:00+00:00,139
sink_or_test,2026-06-18 01:00:00+00:00,139
sink_or_test,2026-06-18 02:00:00+00:00,139
sink_or_test,2026-06-18 03:00:00+00:00,139
sink_or_test,2026-06-18 04:00:00+00:00,139
sink_or_test,2026-06-18 05:00:00+00:00,139
sink_or_test,2026-06-18 06:00:00+00:00,139
sink_or_test,2026-06-18 07:00:00+00:00,139
sink_or_test,2026-06-18 08:00:00+00:00,139
sink_or_test,2026-06-18 09:00:00+00:00,139
sink_or_test,2026-06-18 10:00:00+00:00,139
sink_or_test,2026-06-18 11:00:00+00:00,139
sink_or_test,2026-06-18 12:00:00+00:00,139
sink_or_test,2026-06-18 13:00:00+00:00,139
sink_or_test,2026-06-18 14:00:00+00:00,140
sink_or_test,2026-06-18 15:00:00+00:00,140
sink_or_test,2026-06-18 16:00:00+00:00,145
sink_or_test,2026-06-18 17:00:00+00:00,159
sink_or_test,2026-06-18 18:00:00+00:00,165
sink_or_test,2026-06-18 19:00:00+00:00,190
sink_or_test,2026-06-18 20:00:00+00:00,209
sink_or_test,2026-06-18 21:00:00+00:00,213
sink_or_test,2026-06-18 22:00:00+00:00,213
sink_or_test,2026-06-18 23:00:00+00:00,213
sink_or_test,2026-06-19 00:00:00+00:00,215
sink_or_test,2026-06-19 01:00:00+00:00,215
sink_or_test,2026-06-19 02:00:00+00:00,215
sink_or_test,2026-06-19 03:00:00+00:00,215
sink_or_test,2026-06-19 04:00:00+00:00,215
sink_or_test,2026-06-19 05:00:00+00:00,215
sink_or_test,2026-06-19 06:00:00+00:00,215
sink_or_test,2026-06-19 07:00:00+00:00,215
sink_or_test,2026-06-19 08:00:00+00:00,215
sink_or_test,2026-06-19 09:00:00+00:00,215
sink_or_test,2026-06-19 10:00:00+00:00,215
sink_or_test,2026-06-19 11:00:00+00:00,215
sink_or_test,2026-06-19 12:00:00+00:00,215
sink_or_test,2026-06-19 13:00:00+00:00,215
sink_or_test,2026-06-19 14:00:00+00:00,215
sink_or_test,2026-06-19 15:00:00+00:00,216
sink_or_test,2026-06-19 16:00:00+00:00,216
sink_or_test,2026-06-19 17:00:00+00:00,216
sink_or_test,2026-06-19 18:00:00+00:00,216
sink_or_test,2026-06-19 19:00:00+00:00,217
sink_or_test,2026-06-19 20:00:00+00:00,217
sink_or_test,2026-06-19 21:00:00+00:00,217
sink_or_test,2026-06-19 22:00:00+00:00,217
sink_or_test,2026-06-19 23:00:00+00:00,217
sink_or_test,2026-06-20 00:00:00+00:00,217
sink_or_test,2026-06-20 01:00:00+00:00,217
sink_or_test,2026-06-20 02:00:00+00:00,217
sink_or_test,2026-06-20 03:00:00+00:00,217
sink_or_test,2026-06-20 04:00:00+00:00,217
sink_or_test,2026-06-20 05:00:00+00:00,217
sink_or_test,2026-06-20 06:00:00+00:00,217
sink_or_test,2026-06-20 07:00:00+00:00,217
sink_or_test,2026-06-20 08:00:00+00:00,217
sink_or_test,2026-06-20 09:00:00+00:00,217
sink_or_test,2026-06-20 10:00:00+00:00,217
sink_or_test,2026-06-20 11:00:00+00:00,217
sink_or_test,2026-06-20 12:00:00+00:00,217
sink_or_test,2026-06-20 13:00:00+00:00,217
sink_or_test,2026-06-20 14:00:00+00:00,217
sink_or_test,2026-06-20 15:00:00+00:00,217
sink_or_test,2026-06-20 16:00:00+00:00,217
sink_or_test,2026-06-20 17:00:00+00:00,217
sink_or_test,2026-06-20 18:00:00+00:00,217
sink_or_test,2026-06-20 19:00:00+00:00,217
sink_or_test,2026-06-20 20:00:00+00:00,217
sink_or_test,2026-06-20 21:00:00+00:00,217
sink_or_test,2026-06-20 22:00:00+00:00,217
sink_or_test,2026-06-20 23:00:00+00:00,217
sink_or_test,2026-06-21 00:00:00+00:00,217
sink_or_test,2026-06-21 01:00:00+00:00,217
sink_or_test,2026-06-21 02:00:00+00:00,217
sink_or_test,2026-06-21 03:00:00+00:00,217
sink_or_test,2026-06-21 04:00:00+00:00,217
sink_or_test,2026-06-21 05:00:00+00:00,217
sink_or_test,2026-06-21 06:00:00+00:00,217
sink_or_test,2026-06-21 07:00:00+00:00,217
sink_or_test,2026-06-21 08:00:00+00:00,217
sink_or_test,2026-06-21 09:00:00+00:00,217
sink_or_test,2026-06-21 10:00:00+00:00,218
sink_or_test,2026-06-21 11:00:00+00:00,219
sink_or_test,2026-06-21 12:00:00+00:00,220
sink_or_test,2026-06-21 13:00:00+00:00,221
sink_or_test,2026-06-21 14:00:00+00:00,222
sink_or_test,2026-06-21 15:00:00+00:00,222
sink_or_test,2026-06-21 16:00:00+00:00,222
sink_or_test,2026-06-21 17:00:00+00:00,225
sink_or_test,2026-06-21 18:00:00+00:00,226
sink_or_test,2026-06-21 19:00:00+00:00,228
sink_or_test,2026-06-21 20:00:00+00:00,228
sink_or_test,2026-06-21 21:00:00+00:00,228
sink_or_test,2026-06-21 22:00:00+00:00,228
sink_or_test,2026-06-21 23:00:00+00:00,229
sink_or_test,2026-06-22 00:00:00+00:00,229
sink_or_test,2026-06-22 01:00:00+00:00,229
sink_or_test,2026-06-22 02:00:00+00:00,235
sink_or_test,2026-06-22 03:00:00+00:00,235
sink_or_test,2026-06-22 04:00:00+00:00,235
sink_or_test,2026-06-22 05:00:00+00:00,235
sink_or_test,2026-06-22 06:00:00+00:00,235
sink_or_test,2026-06-22 07:00:00+00:00,235
sink_or_test,2026-06-22 08:00:00+00:00,239
sink_or_test,2026-06-22 09:00:00+00:00,239
sink_or_test,2026-06-22 10:00:00+00:00,239
sink_or_test,2026-06-22 11:00:00+00:00,239
sink_or_test,2026-06-22 12:00:00+00:00,239
sink_or_test,2026-06-22 13:00:00+00:00,239
sink_or_test,2026-06-22 14:00:00+00:00,239
sink_or_test,2026-06-22 15:00:00+00:00,239
sink_or_test,2026-06-22 16:00:00+00:00,239
sink_or_test,2026-06-22 17:00:00+00:00,239
sink_or_test,2026-06-22 18:00:00+00:00,239
sink_or_test,2026-06-22 19:00:00+00:00,239
sink_or_test,2026-06-22 20:00:00+00:00,239
sink_or_test,2026-06-22 21:00:00+00:00,239
sink_or_test,2026-06-22 22:00:00+00:00,239
sink_or_test,2026-06-22 23:00:00+00:00,239
sink_or_test,2026-06-23 00:00:00+00:00,239
sink_or_test,2026-06-23 01:00:00+00:00,239
sink_or_test,2026-06-23 02:00:00+00:00,239
sink_or_test,2026-06-23 03:00:00+00:00,239
sink_or_test,2026-06-23 04:00:00+00:00,239
sink_or_test,2026-06-23 05:00:00+00:00,239
sink_or_test,2026-06-23 06:00:00+00:00,239
sink_or_test,2026-06-23 07:00:00+00:00,239
sink_or_test,2026-06-23 08:00:00+00:00,239
sink_or_test,2026-06-23 09:00:00+00:00,239
sink_or_test,2026-06-23 10:00:00+00:00,239
sink_or_test,2026-06-23 11:00:00+00:00,239
sink_or_test,2026-06-23 12:00:00+00:00,239
sink_or_test,2026-06-23 13:00:00+00:00,239
sink_or_test,2026-06-23 14:00:00+00:00,239
sink_or_test,2026-06-23 15:00:00+00:00,239
sink_or_test,2026-06-23 16:00:00+00:00,239
sink_or_test,2026-06-23 17:00:00+00:00,239
sink_or_test,2026-06-23 18:00:00+00:00,239
sink_or_test,2026-06-23 19:00:00+00:00,239
sink_or_test,2026-06-23 20:00:00+00:00,239
sink_or_test,2026-06-23 21:00:00+00:00,239
sink_or_test,2026-06-23 22:00:00+00:00,239
sink_or_test,2026-06-23 23:00:00+00:00,239
sink_or_test,2026-06-24 00:00:00+00:00,239
sink_or_test,2026-06-24 01:00:00+00:00,239
sink_or_test,2026-06-24 02:00:00+00:00,239
sink_or_test,2026-06-24 03:00:00+00:00,239
sink_or_test,2026-06-24 04:00:00+00:00,239
sink_or_test,2026-06-24 05:00:00+00:00,239
sink_or_test,2026-06-24 06:00:00+00:00,239
sink_or_test,2026-06-24 07:00:00+00:00,239
sink_or_test,2026-06-24 08:00:00+00:00,239
sink_or_test,2026-06-24 09:00:00+00:00,239
sink_or_test,2026-06-24 10:00:00+00:00,239
sink_or_test,2026-06-24 11:00:00+00:00,239
sink_or_test,2026-06-24 12:00:00+00:00,239
sink_or_test,2026-06-24 13:00:00+00:00,239
sink_or_test,2026-06-24 14:00:00+00:00,239
sink_or_test,2026-06-24 15:00:00+00:00,239
sink_or_test,2026-06-24 16:00:00+00:00,239
sink_or_test,2026-06-24 17:00:00+00:00,239
sink_or_test,2026-06-24 18:00:00+00:00,239
sink_or_test,2026-06-24 19:00:00+00:00,239
sink_or_test,2026-06-24 20:00:00+00:00,239
sink_or_test,2026-06-24 21:00:00+00:00,239
sink_or_test,2026-06-24 22:00:00+00:00,239
sink_or_test,2026-06-24 23:00:00+00:00,239
sink_or_test,2026-06-25 00:00:00+00:00,239
sink_or_test,2026-06-25 01:00:00+00:00,239
sink_or_test,2026-06-25 02:00:00+00:00,239
sink_or_test,2026-06-25 03:00:00+00:00,239
sink_or_test,2026-06-25 04:00:00+00:00,239
sink_or_test,2026-06-25 05:00:00+00:00,239
sink_or_test,2026-06-25 06:00:00+00:00,239
sink_or_test,2026-06-25 07:00:00+00:00,239
sink_or_test,2026-06-25 08:00:00+00:00,239
sink_or_test,2026-06-25 09:00:00+00:00,239
sink_or_test,2026-06-25 10:00:00+00:00,239
sink_or_test,2026-06-25 11:00:00+00:00,239
sink_or_test,2026-06-25 12:00:00+00:00,239
sink_or_test,2026-06-25 13:00:00+00:00,239
sink_or_test,2026-06-25 14:00:00+00:00,239
sink_or_test,2026-06-25 15:00:00+00:00,239
sink_or_test,2026-06-25 16:00:00+00:00,239
sink_or_test,2026-06-25 17:00:00+00:00,239
sink_or_test,2026-06-25 18:00:00+00:00,239
sink_or_test,2026-06-25 19:00:00+00:00,239
sink_or_test,2026-06-25 20:00:00+00:00,239
sink_or_test,2026-06-25 21:00:00+00:00,239
sink_or_test,2026-06-25 22:00:00+00:00,239
sink_or_test,2026-06-25 23:00:00+00:00,239
sink_or_test,2026-06-26 00:00:00+00:00,239
sink_or_test,2026-06-26 01:00:00+00:00,239
sink_or_test,2026-06-26 02:00:00+00:00,239
sink_or_test,2026-06-26 03:00:00+00:00,239
sink_or_test,2026-06-26 04:00:00+00:00,239
sink_or_test,2026-06-26 05:00:00+00:00,239
sink_or_test,2026-06-26 06:00:00+00:00,239
sink_or_test,2026-06-26 07:00:00+00:00,239
sink_or_test,2026-06-26 08:00:00+00:00,239
sink_or_test,2026-06-26 09:00:00+00:00,239
sink_or_test,2026-06-26 10:00:00+00:00,239
sink_or_test,2026-06-26 11:00:00+00:00,239
sink_or_test,2026-06-26 12:00:00+00:00,239
sink_or_test,2026-06-26 13:00:00+00:00,239
sink_or_test,2026-06-26 14:00:00+00:00,239
sink_or_test,2026-06-26 15:00:00+00:00,239
sink_or_test,2026-06-26 16:00:00+00:00,239
sink_or_test,2026-06-26 17:00:00+00:00,239
sink_or_test,2026-06-26 18:00:00+00:00,239
sink_or_test,2026-06-26 19:00:00+00:00,239
sink_or_test,2026-06-26 20:00:00+00:00,239
sink_or_test,2026-06-26 21:00:00+00:00,239
sink_or_test,2026-06-26 22:00:00+00:00,239
sink_or_test,2026-06-26 23:00:00+00:00,239
sink_or_test,2026-06-27 00:00:00+00:00,239
sink_or_test,2026-06-27 01:00:00+00:00,239
sink_or_test,2026-06-27 02:00:00+00:00,239
sink_or_test,2026-06-27 03:00:00+00:00,239
sink_or_test,2026-06-27 04:00:00+00:00,239
sink_or_test,2026-06-27 05:00:00+00:00,239
sink_or_test,2026-06-27 06:00:00+00:00,239
sink_or_test,2026-06-27 07:00:00+00:00,239
sink_or_test,2026-06-27 08:00:00+00:00,239
sink_or_test,2026-06-27 09:00:00+00:00,239
sink_or_test,2026-06-27 10:00:00+00:00,239
sink_or_test,2026-06-27 11:00:00+00:00,239
sink_or_test,2026-06-27 12:00:00+00:00,239
sink_or_test,2026-06-27 13:00:00+00:00,239
sink_or_test,2026-06-27 14:00:00+00:00,239
sink_or_test,2026-06-27 15:00:00+00:00,239
sink_or_test,2026-06-27 16:00:00+00:00,239
sink_or_test,2026-06-27 17:00:00+00:00,239
sink_or_test,2026-06-27 18:00:00+00:00,239
sink_or_test,2026-06-27 19:00:00+00:00,239
sink_or_test,2026-06-27 20:00:00+00:00,239
sink_or_test,2026-06-27 21:00:00+00:00,239
sink_or_test,2026-06-27 22:00:00+00:00,239
sink_or_test,2026-06-27 23:00:00+00:00,239
sink_or_test,2026-06-28 00:00:00+00:00,239
sink_or_test,2026-06-28 01:00:00+00:00,239
sink_or_test,2026-06-28 02:00:00+00:00,239
sink_or_test,2026-06-28 03:00:00+00:00,239
sink_or_test,2026-06-28 04:00:00+00:00,239
sink_or_test,2026-06-28 05:00:00+00:00,239
sink_or_test,2026-06-28 06:00:00+00:00,239
sink_or_test,2026-06-28 07:00:00+00:00,239
sink_or_test,2026-06-28 08:00:00+00:00,239
sink_or_test,2026-06-28 09:00:00+00:00,239
sink_or_test,2026-06-28 10:00:00+00:00,239
sink_or_test,2026-06-28 11:00:00+00:00,239
sink_or_test,2026-06-28 12:00:00+00:00,239
sink_or_test,2026-06-28 13:00:00+00:00,239
sink_or_test,2026-06-28 14:00:00+00:00,239
sink_or_test,2026-06-28 15:00:00+00:00,239
sink_or_test,2026-06-28 16:00:00+00:00,239
sink_or_test,2026-06-28 17:00:00+00:00,239
sink_or_test,2026-06-28 18:00:00+00:00,239
sink_or_test,2026-06-28 19:00:00+00:00,239
sink_or_test,2026-06-28 20:00:00+00:00,239
sink_or_test,2026-06-28 21:00:00+00:00,239
sink_or_test,2026-06-28 22:00:00+00:00,239
sink_or_test,2026-06-28 23:00:00+00:00,239
sink_or_test,2026-06-29 00:00:00+00:00,239
sink_or_test,2026-06-29 01:00:00+00:00,239
sink_or_test,2026-06-29 02:00:00+00:00,239
sink_or_test,2026-06-29 03:00:00+00:00,239
sink_or_test,2026-06-29 04:00:00+00:00,239
sink_or_test,2026-06-29 05:00:00+00:00,239
sink_or_test,2026-06-29 06:00:00+00:00,239
sink_or_test,2026-06-29 07:00:00+00:00,239
sink_or_test,2026-06-29 08:00:00+00:00,239
sink_or_test,2026-06-29 09:00:00+00:00,239
sink_or_test,2026-06-29 10:00:00+00:00,239
sink_or_test,2026-06-29 11:00:00+00:00,239
sink_or_test,2026-06-29 12:00:00+00:00,239
sink_or_test,2026-06-29 13:00:00+00:00,239
sink_or_test,2026-06-29 14:00:00+00:00,239
sink_or_test,2026-06-29 15:00:00+00:00,239
sink_or_test,2026-06-29 16:00:00+00:00,239
sink_or_test,2026-06-29 17:00:00+00:00,239
sink_or_test,2026-06-29 18:00:00+00:00,239
sink_or_test,2026-06-29 19:00:00+00:00,239
sink_or_test,2026-06-29 20:00:00+00:00,239
sink_or_test,2026-06-29 21:00:00+00:00,239
sink_or_test,2026-06-29 22:00:00+00:00,239
sink_or_test,2026-06-29 23:00:00+00:00,239
sink_or_test,2026-06-30 00:00:00+00:00,239
sink_or_test,2026-06-30 01:00:00+00:00,239
sink_or_test,2026-06-30 02:00:00+00:00,239
sink_or_test,2026-06-30 03:00:00+00:00,239
sink_or_test,2026-06-30 04:00:00+00:00,239
sink_or_test,2026-06-30 05:00:00+00:00,239
sink_or_test,2026-06-30 06:00:00+00:00,239
sink_or_test,2026-06-30 07:00:00+00:00,239
sink_or_test,2026-06-30 08:00:00+00:00,239
sink_or_test,2026-06-30 09:00:00+00:00,239
sink_or_test,2026-06-30 10:00:00+00:00,239
sink_or_test,2026-06-30 11:00:00+00:00,239
sink_or_test,2026-06-30 12:00:00+00:00,239
sink_or_test,2026-06-30 13:00:00+00:00,239
sink_or_test,2026-06-30 14:00:00+00:00,239
sink_or_test,2026-06-30 15:00:00+00:00,239
sink_or_test,2026-06-30 16:00:00+00:00,239
sink_or_test,2026-06-30 17:00:00+00:00,239
sink_or_test,2026-06-30 18:00:00+00:00,239
sink_or_test,2026-06-30 19:00:00+00:00,239
sink_or_test,2026-06-30 20:00:00+00:00,239
sink_or_test,2026-06-30 21:00:00+00:00,239
sink_or_test,2026-06-30 22:00:00+00:00,239
sink_or_test,2026-06-30 23:00:00+00:00,239
sink_or_test,2026-07-01 00:00:00+00:00,239
sink_or_test,2026-07-01 01:00:00+00:00,239
sink_or_test,2026-07-01 02:00:00+00:00,239
sink_or_test,2026-07-01 03:00:00+00:00,239
sink_or_test,2026-07-01 04:00:00+00:00,239
sink_or_test,2026-07-01 05:00:00+00:00,239
sink_or_test,2026-07-01 06:00:00+00:00,239
sink_or_test,2026-07-01 07:00:00+00:00,239
sink_or_test,2026-07-01 08:00:00+00:00,239
sink_or_test,2026-07-01 09:00:00+00:00,239
sink_or_test,2026-07-01 10:00:00+00:00,239
sink_or_test,2026-07-01 11:00:00+00:00,239
sink_or_test,2026-07-01 12:00:00+00:00,239
sink_or_test,2026-07-01 13:00:00+00:00,239
sink_or_test,2026-07-01 14:00:00+00:00,239
sink_or_test,2026-07-01 15:00:00+00:00,239
sink_or_test,2026-07-01 16:00:00+00:00,239
sink_or_test,2026-07-01 17:00:00+00:00,239
sink_or_test,2026-07-01 18:00:00+00:00,239
sink_or_test,2026-07-01 19:00:00+00:00,239
sink_or_test,2026-07-01 20:00:00+00:00,239
sink_or_test,2026-07-01 21:00:00+00:00,239
sink_or_test,2026-07-01 22:00:00+00:00,239
sink_or_test,2026-07-01 23:00:00+00:00,239
sink_or_test,2026-07-02 00:00:00+00:00,239
sink_or_test,2026-07-02 01:00:00+00:00,239
sink_or_test,2026-07-02 02:00:00+00:00,239
sink_or_test,2026-07-02 03:00:00+00:00,239
sink_or_test,2026-07-02 04:00:00+00:00,239
sink_or_test,2026-07-02 05:00:00+00:00,239
sink_or_test,2026-07-02 06:00:00+00:00,239
sink_or_test,2026-07-02 07:00:00+00:00,239
sink_or_test,2026-07-02 08:00:00+00:00,239
sink_or_test,2026-07-02 09:00:00+00:00,239
sink_or_test,2026-07-02 10:00:00+00:00,239
sink_or_test,2026-07-02 11:00:00+00:00,239
sink_or_test,2026-07-02 12:00:00+00:00,239
sink_or_test,2026-07-02 13:00:00+00:00,239
sink_or_test,2026-07-02 14:00:00+00:00,239
sink_or_test,2026-07-02 15:00:00+00:00,239
sink_or_test,2026-07-02 16:00:00+00:00,239
sink_or_test,2026-07-02 17:00:00+00:00,239
translation_proxy,2026-05-24 06:00:00+00:00,0
translation_proxy,2026-05-24 07:00:00+00:00,0
translation_proxy,2026-05-24 08:00:00+00:00,0
translation_proxy,2026-05-24 09:00:00+00:00,0
translation_proxy,2026-05-24 10:00:00+00:00,0
translation_proxy,2026-05-24 11:00:00+00:00,0
translation_proxy,2026-05-24 12:00:00+00:00,0
translation_proxy,2026-05-24 13:00:00+00:00,0
translation_proxy,2026-05-24 14:00:00+00:00,0
translation_proxy,2026-05-24 15:00:00+00:00,0
translation_proxy,2026-05-24 16:00:00+00:00,0
translation_proxy,2026-05-24 17:00:00+00:00,0
translation_proxy,2026-05-24 18:00:00+00:00,0
translation_proxy,2026-05-24 19:00:00+00:00,0
translation_proxy,2026-05-24 20:00:00+00:00,0
translation_proxy,2026-05-24 21:00:00+00:00,0
translation_proxy,2026-05-24 22:00:00+00:00,0
translation_proxy,2026-05-24 23:00:00+00:00,0
translation_proxy,2026-05-25 00:00:00+00:00,0
translation_proxy,2026-05-25 01:00:00+00:00,0
translation_proxy,2026-05-25 02:00:00+00:00,0
translation_proxy,2026-05-25 03:00:00+00:00,0
translation_proxy,2026-05-25 04:00:00+00:00,0
translation_proxy,2026-05-25 05:00:00+00:00,0
translation_proxy,2026-05-25 06:00:00+00:00,0
translation_proxy,2026-05-25 07:00:00+00:00,0
translation_proxy,2026-05-25 08:00:00+00:00,0
translation_proxy,2026-05-25 09:00:00+00:00,0
translation_proxy,2026-05-25 10:00:00+00:00,0
translation_proxy,2026-05-25 11:00:00+00:00,0
translation_proxy,2026-05-25 12:00:00+00:00,0
translation_proxy,2026-05-25 13:00:00+00:00,0
translation_proxy,2026-05-25 14:00:00+00:00,0
translation_proxy,2026-05-25 15:00:00+00:00,0
translation_proxy,2026-05-25 16:00:00+00:00,0
translation_proxy,2026-05-25 17:00:00+00:00,0
translation_proxy,2026-05-25 18:00:00+00:00,0
translation_proxy,2026-05-25 19:00:00+00:00,0
translation_proxy,2026-05-25 20:00:00+00:00,0
translation_proxy,2026-05-25 21:00:00+00:00,0
translation_proxy,2026-05-25 22:00:00+00:00,0
translation_proxy,2026-05-25 23:00:00+00:00,0
translation_proxy,2026-05-26 00:00:00+00:00,0
translation_proxy,2026-05-26 01:00:00+00:00,0
translation_proxy,2026-05-26 02:00:00+00:00,0
translation_proxy,2026-05-26 03:00:00+00:00,0
translation_proxy,2026-05-26 04:00:00+00:00,0
translation_proxy,2026-05-26 05:00:00+00:00,0
translation_proxy,2026-05-26 06:00:00+00:00,0
translation_proxy,2026-05-26 07:00:00+00:00,0
translation_proxy,2026-05-26 08:00:00+00:00,0
translation_proxy,2026-05-26 09:00:00+00:00,0
translation_proxy,2026-05-26 10:00:00+00:00,0
translation_proxy,2026-05-26 11:00:00+00:00,1
translation_proxy,2026-05-26 12:00:00+00:00,1
translation_proxy,2026-05-26 13:00:00+00:00,1
translation_proxy,2026-05-26 14:00:00+00:00,1
translation_proxy,2026-05-26 15:00:00+00:00,1
translation_proxy,2026-05-26 16:00:00+00:00,1
translation_proxy,2026-05-26 17:00:00+00:00,1
translation_proxy,2026-05-26 18:00:00+00:00,1
translation_proxy,2026-05-26 19:00:00+00:00,1
translation_proxy,2026-05-26 20:00:00+00:00,1
translation_proxy,2026-05-26 21:00:00+00:00,1
translation_proxy,2026-05-26 22:00:00+00:00,1
translation_proxy,2026-05-26 23:00:00+00:00,1
translation_proxy,2026-05-27 00:00:00+00:00,1
translation_proxy,2026-05-27 01:00:00+00:00,1
translation_proxy,2026-05-27 02:00:00+00:00,1
translation_proxy,2026-05-27 03:00:00+00:00,1
translation_proxy,2026-05-27 04:00:00+00:00,1
translation_proxy,2026-05-27 05:00:00+00:00,1
translation_proxy,2026-05-27 06:00:00+00:00,1
translation_proxy,2026-05-27 07:00:00+00:00,1
translation_proxy,2026-05-27 08:00:00+00:00,1
translation_proxy,2026-05-27 09:00:00+00:00,1
translation_proxy,2026-05-27 10:00:00+00:00,1
translation_proxy,2026-05-27 11:00:00+00:00,1
translation_proxy,2026-05-27 12:00:00+00:00,1
translation_proxy,2026-05-27 13:00:00+00:00,1
translation_proxy,2026-05-27 14:00:00+00:00,1
translation_proxy,2026-05-27 15:00:00+00:00,1
translation_proxy,2026-05-27 16:00:00+00:00,1
translation_proxy,2026-05-27 17:00:00+00:00,1
translation_proxy,2026-05-27 18:00:00+00:00,1
translation_proxy,2026-05-27 19:00:00+00:00,1
translation_proxy,2026-05-27 20:00:00+00:00,1
translation_proxy,2026-05-27 21:00:00+00:00,1
translation_proxy,2026-05-27 22:00:00+00:00,1
translation_proxy,2026-05-27 23:00:00+00:00,1
translation_proxy,2026-05-28 00:00:00+00:00,1
translation_proxy,2026-05-28 01:00:00+00:00,1
translation_proxy,2026-05-28 02:00:00+00:00,1
translation_proxy,2026-05-28 03:00:00+00:00,1
translation_proxy,2026-05-28 04:00:00+00:00,1
translation_proxy,2026-05-28 05:00:00+00:00,1
translation_proxy,2026-05-28 06:00:00+00:00,1
translation_proxy,2026-05-28 07:00:00+00:00,1
translation_proxy,2026-05-28 08:00:00+00:00,1
translation_proxy,2026-05-28 09:00:00+00:00,1
translation_proxy,2026-05-28 10:00:00+00:00,1
translation_proxy,2026-05-28 11:00:00+00:00,1
translation_proxy,2026-05-28 12:00:00+00:00,1
translation_proxy,2026-05-28 13:00:00+00:00,1
translation_proxy,2026-05-28 14:00:00+00:00,1
translation_proxy,2026-05-28 15:00:00+00:00,1
translation_proxy,2026-05-28 16:00:00+00:00,1
translation_proxy,2026-05-28 17:00:00+00:00,1
translation_proxy,2026-05-28 18:00:00+00:00,1
translation_proxy,2026-05-28 19:00:00+00:00,1
translation_proxy,2026-05-28 20:00:00+00:00,1
translation_proxy,2026-05-28 21:00:00+00:00,1
translation_proxy,2026-05-28 22:00:00+00:00,1
translation_proxy,2026-05-28 23:00:00+00:00,1
translation_proxy,2026-05-29 00:00:00+00:00,1
translation_proxy,2026-05-29 01:00:00+00:00,1
translation_proxy,2026-05-29 02:00:00+00:00,1
translation_proxy,2026-05-29 03:00:00+00:00,1
translation_proxy,2026-05-29 04:00:00+00:00,1
translation_proxy,2026-05-29 05:00:00+00:00,1
translation_proxy,2026-05-29 06:00:00+00:00,1
translation_proxy,2026-05-29 07:00:00+00:00,1
translation_proxy,2026-05-29 08:00:00+00:00,1
translation_proxy,2026-05-29 09:00:00+00:00,1
translation_proxy,2026-05-29 10:00:00+00:00,1
translation_proxy,2026-05-29 11:00:00+00:00,1
translation_proxy,2026-05-29 12:00:00+00:00,1
translation_proxy,2026-05-29 13:00:00+00:00,1
translation_proxy,2026-05-29 14:00:00+00:00,1
translation_proxy,2026-05-29 15:00:00+00:00,1
translation_proxy,2026-05-29 16:00:00+00:00,1
translation_proxy,2026-05-29 17:00:00+00:00,1
translation_proxy,2026-05-29 18:00:00+00:00,1
translation_proxy,2026-05-29 19:00:00+00:00,1
translation_proxy,2026-05-29 20:00:00+00:00,1
translation_proxy,2026-05-29 21:00:00+00:00,1
translation_proxy,2026-05-29 22:00:00+00:00,1
translation_proxy,2026-05-29 23:00:00+00:00,1
translation_proxy,2026-05-30 00:00:00+00:00,1
translation_proxy,2026-05-30 01:00:00+00:00,1
translation_proxy,2026-05-30 02:00:00+00:00,1
translation_proxy,2026-05-30 03:00:00+00:00,1
translation_proxy,2026-05-30 04:00:00+00:00,1
translation_proxy,2026-05-30 05:00:00+00:00,1
translation_proxy,2026-05-30 06:00:00+00:00,1
translation_proxy,2026-05-30 07:00:00+00:00,1
translation_proxy,2026-05-30 08:00:00+00:00,1
translation_proxy,2026-05-30 09:00:00+00:00,1
translation_proxy,2026-05-30 10:00:00+00:00,1
translation_proxy,2026-05-30 11:00:00+00:00,1
translation_proxy,2026-05-30 12:00:00+00:00,1
translation_proxy,2026-05-30 13:00:00+00:00,1
translation_proxy,2026-05-30 14:00:00+00:00,1
translation_proxy,2026-05-30 15:00:00+00:00,1
translation_proxy,2026-05-30 16:00:00+00:00,1
translation_proxy,2026-05-30 17:00:00+00:00,1
translation_proxy,2026-05-30 18:00:00+00:00,1
translation_proxy,2026-05-30 19:00:00+00:00,1
translation_proxy,2026-05-30 20:00:00+00:00,1
translation_proxy,2026-05-30 21:00:00+00:00,1
translation_proxy,2026-05-30 22:00:00+00:00,1
translation_proxy,2026-05-30 23:00:00+00:00,1
translation_proxy,2026-05-31 00:00:00+00:00,1
translation_proxy,2026-05-31 01:00:00+00:00,1
translation_proxy,2026-05-31 02:00:00+00:00,1
translation_proxy,2026-05-31 03:00:00+00:00,1
translation_proxy,2026-05-31 04:00:00+00:00,1
translation_proxy,2026-05-31 05:00:00+00:00,1
translation_proxy,2026-05-31 06:00:00+00:00,1
translation_proxy,2026-05-31 07:00:00+00:00,1
translation_proxy,2026-05-31 08:00:00+00:00,1
translation_proxy,2026-05-31 09:00:00+00:00,1
translation_proxy,2026-05-31 10:00:00+00:00,1
translation_proxy,2026-05-31 11:00:00+00:00,1
translation_proxy,2026-05-31 12:00:00+00:00,1
translation_proxy,2026-05-31 13:00:00+00:00,1
translation_proxy,2026-05-31 14:00:00+00:00,1
translation_proxy,2026-05-31 15:00:00+00:00,1
translation_proxy,2026-05-31 16:00:00+00:00,1
translation_proxy,2026-05-31 17:00:00+00:00,1
translation_proxy,2026-05-31 18:00:00+00:00,1
translation_proxy,2026-05-31 19:00:00+00:00,1
translation_proxy,2026-05-31 20:00:00+00:00,1
translation_proxy,2026-05-31 21:00:00+00:00,1
translation_proxy,2026-05-31 22:00:00+00:00,1
translation_proxy,2026-05-31 23:00:00+00:00,1
translation_proxy,2026-06-01 00:00:00+00:00,1
translation_proxy,2026-06-01 01:00:00+00:00,1
translation_proxy,2026-06-01 02:00:00+00:00,1
translation_proxy,2026-06-01 03:00:00+00:00,1
translation_proxy,2026-06-01 04:00:00+00:00,1
translation_proxy,2026-06-01 05:00:00+00:00,1
translation_proxy,2026-06-01 06:00:00+00:00,1
translation_proxy,2026-06-01 07:00:00+00:00,1
translation_proxy,2026-06-01 08:00:00+00:00,1
translation_proxy,2026-06-01 09:00:00+00:00,1
translation_proxy,2026-06-01 10:00:00+00:00,1
translation_proxy,2026-06-01 11:00:00+00:00,1
translation_proxy,2026-06-01 12:00:00+00:00,1
translation_proxy,2026-06-01 13:00:00+00:00,1
translation_proxy,2026-06-01 14:00:00+00:00,1
translation_proxy,2026-06-01 15:00:00+00:00,1
translation_proxy,2026-06-01 16:00:00+00:00,1
translation_proxy,2026-06-01 17:00:00+00:00,1
translation_proxy,2026-06-01 18:00:00+00:00,1
translation_proxy,2026-06-01 19:00:00+00:00,1
translation_proxy,2026-06-01 20:00:00+00:00,1
translation_proxy,2026-06-01 21:00:00+00:00,1
translation_proxy,2026-06-01 22:00:00+00:00,1
translation_proxy,2026-06-01 23:00:00+00:00,1
translation_proxy,2026-06-02 00:00:00+00:00,1
translation_proxy,2026-06-02 01:00:00+00:00,1
translation_proxy,2026-06-02 02:00:00+00:00,1
translation_proxy,2026-06-02 03:00:00+00:00,1
translation_proxy,2026-06-02 04:00:00+00:00,1
translation_proxy,2026-06-02 05:00:00+00:00,1
translation_proxy,2026-06-02 06:00:00+00:00,1
translation_proxy,2026-06-02 07:00:00+00:00,1
translation_proxy,2026-06-02 08:00:00+00:00,1
translation_proxy,2026-06-02 09:00:00+00:00,1
translation_proxy,2026-06-02 10:00:00+00:00,1
translation_proxy,2026-06-02 11:00:00+00:00,1
translation_proxy,2026-06-02 12:00:00+00:00,1
translation_proxy,2026-06-02 13:00:00+00:00,1
translation_proxy,2026-06-02 14:00:00+00:00,1
translation_proxy,2026-06-02 15:00:00+00:00,1
translation_proxy,2026-06-02 16:00:00+00:00,1
translation_proxy,2026-06-02 17:00:00+00:00,1
translation_proxy,2026-06-02 18:00:00+00:00,1
translation_proxy,2026-06-02 19:00:00+00:00,1
translation_proxy,2026-06-02 20:00:00+00:00,1
translation_proxy,2026-06-02 21:00:00+00:00,1
translation_proxy,2026-06-02 22:00:00+00:00,1
translation_proxy,2026-06-02 23:00:00+00:00,1
translation_proxy,2026-06-03 00:00:00+00:00,1
translation_proxy,2026-06-03 01:00:00+00:00,1
translation_proxy,2026-06-03 02:00:00+00:00,1
translation_proxy,2026-06-03 03:00:00+00:00,1
translation_proxy,2026-06-03 04:00:00+00:00,1
translation_proxy,2026-06-03 05:00:00+00:00,1
translation_proxy,2026-06-03 06:00:00+00:00,1
translation_proxy,2026-06-03 07:00:00+00:00,1
translation_proxy,2026-06-03 08:00:00+00:00,1
translation_proxy,2026-06-03 09:00:00+00:00,1
translation_proxy,2026-06-03 10:00:00+00:00,1
translation_proxy,2026-06-03 11:00:00+00:00,1
translation_proxy,2026-06-03 12:00:00+00:00,1
translation_proxy,2026-06-03 13:00:00+00:00,1
translation_proxy,2026-06-03 14:00:00+00:00,1
translation_proxy,2026-06-03 15:00:00+00:00,1
translation_proxy,2026-06-03 16:00:00+00:00,1
translation_proxy,2026-06-03 17:00:00+00:00,1
translation_proxy,2026-06-03 18:00:00+00:00,1
translation_proxy,2026-06-03 19:00:00+00:00,1
translation_proxy,2026-06-03 20:00:00+00:00,1
translation_proxy,2026-06-03 21:00:00+00:00,1
translation_proxy,2026-06-03 22:00:00+00:00,1
translation_proxy,2026-06-03 23:00:00+00:00,1
translation_proxy,2026-06-04 00:00:00+00:00,1
translation_proxy,2026-06-04 01:00:00+00:00,1
translation_proxy,2026-06-04 02:00:00+00:00,1
translation_proxy,2026-06-04 03:00:00+00:00,1
translation_proxy,2026-06-04 04:00:00+00:00,1
translation_proxy,2026-06-04 05:00:00+00:00,1
translation_proxy,2026-06-04 06:00:00+00:00,1
translation_proxy,2026-06-04 07:00:00+00:00,1
translation_proxy,2026-06-04 08:00:00+00:00,1
translation_proxy,2026-06-04 09:00:00+00:00,1
translation_proxy,2026-06-04 10:00:00+00:00,1
translation_proxy,2026-06-04 11:00:00+00:00,1
translation_proxy,2026-06-04 12:00:00+00:00,1
translation_proxy,2026-06-04 13:00:00+00:00,1
translation_proxy,2026-06-04 14:00:00+00:00,1
translation_proxy,2026-06-04 15:00:00+00:00,1
translation_proxy,2026-06-04 16:00:00+00:00,1
translation_proxy,2026-06-04 17:00:00+00:00,1
translation_proxy,2026-06-04 18:00:00+00:00,1
translation_proxy,2026-06-04 19:00:00+00:00,1
translation_proxy,2026-06-04 20:00:00+00:00,1
translation_proxy,2026-06-04 21:00:00+00:00,1
translation_proxy,2026-06-04 22:00:00+00:00,1
translation_proxy,2026-06-04 23:00:00+00:00,1
translation_proxy,2026-06-05 00:00:00+00:00,1
translation_proxy,2026-06-05 01:00:00+00:00,1
translation_proxy,2026-06-05 02:00:00+00:00,1
translation_proxy,2026-06-05 03:00:00+00:00,1
translation_proxy,2026-06-05 04:00:00+00:00,1
translation_proxy,2026-06-05 05:00:00+00:00,1
translation_proxy,2026-06-05 06:00:00+00:00,1
translation_proxy,2026-06-05 07:00:00+00:00,1
translation_proxy,2026-06-05 08:00:00+00:00,1
translation_proxy,2026-06-05 09:00:00+00:00,1
translation_proxy,2026-06-05 10:00:00+00:00,1
translation_proxy,2026-06-05 11:00:00+00:00,1
translation_proxy,2026-06-05 12:00:00+00:00,1
translation_proxy,2026-06-05 13:00:00+00:00,1
translation_proxy,2026-06-05 14:00:00+00:00,1
translation_proxy,2026-06-05 15:00:00+00:00,1
translation_proxy,2026-06-05 16:00:00+00:00,1
translation_proxy,2026-06-05 17:00:00+00:00,1
translation_proxy,2026-06-05 18:00:00+00:00,1
translation_proxy,2026-06-05 19:00:00+00:00,1
translation_proxy,2026-06-05 20:00:00+00:00,1
translation_proxy,2026-06-05 21:00:00+00:00,1
translation_proxy,2026-06-05 22:00:00+00:00,1
translation_proxy,2026-06-05 23:00:00+00:00,1
translation_proxy,2026-06-06 00:00:00+00:00,1
translation_proxy,2026-06-06 01:00:00+00:00,1
translation_proxy,2026-06-06 02:00:00+00:00,1
translation_proxy,2026-06-06 03:00:00+00:00,1
translation_proxy,2026-06-06 04:00:00+00:00,1
translation_proxy,2026-06-06 05:00:00+00:00,1
translation_proxy,2026-06-06 06:00:00+00:00,1
translation_proxy,2026-06-06 07:00:00+00:00,1
translation_proxy,2026-06-06 08:00:00+00:00,1
translation_proxy,2026-06-06 09:00:00+00:00,1
translation_proxy,2026-06-06 10:00:00+00:00,1
translation_proxy,2026-06-06 11:00:00+00:00,1
translation_proxy,2026-06-06 12:00:00+00:00,1
translation_proxy,2026-06-06 13:00:00+00:00,1
translation_proxy,2026-06-06 14:00:00+00:00,1
translation_proxy,2026-06-06 15:00:00+00:00,1
translation_proxy,2026-06-06 16:00:00+00:00,1
translation_proxy,2026-06-06 17:00:00+00:00,1
translation_proxy,2026-06-06 18:00:00+00:00,1
translation_proxy,2026-06-06 19:00:00+00:00,1
translation_proxy,2026-06-06 20:00:00+00:00,1
translation_proxy,2026-06-06 21:00:00+00:00,1
translation_proxy,2026-06-06 22:00:00+00:00,1
translation_proxy,2026-06-06 23:00:00+00:00,1
translation_proxy,2026-06-07 00:00:00+00:00,1
translation_proxy,2026-06-07 01:00:00+00:00,1
translation_proxy,2026-06-07 02:00:00+00:00,1
translation_proxy,2026-06-07 03:00:00+00:00,1
translation_proxy,2026-06-07 04:00:00+00:00,1
translation_proxy,2026-06-07 05:00:00+00:00,1
translation_proxy,2026-06-07 06:00:00+00:00,1
translation_proxy,2026-06-07 07:00:00+00:00,1
translation_proxy,2026-06-07 08:00:00+00:00,1
translation_proxy,2026-06-07 09:00:00+00:00,1
translation_proxy,2026-06-07 10:00:00+00:00,1
translation_proxy,2026-06-07 11:00:00+00:00,1
translation_proxy,2026-06-07 12:00:00+00:00,1
translation_proxy,2026-06-07 13:00:00+00:00,1
translation_proxy,2026-06-07 14:00:00+00:00,1
translation_proxy,2026-06-07 15:00:00+00:00,1
translation_proxy,2026-06-07 16:00:00+00:00,1
translation_proxy,2026-06-07 17:00:00+00:00,1
translation_proxy,2026-06-07 18:00:00+00:00,1
translation_proxy,2026-06-07 19:00:00+00:00,1
translation_proxy,2026-06-07 20:00:00+00:00,1
translation_proxy,2026-06-07 21:00:00+00:00,1
translation_proxy,2026-06-07 22:00:00+00:00,1
translation_proxy,2026-06-07 23:00:00+00:00,1
translation_proxy,2026-06-08 00:00:00+00:00,1
translation_proxy,2026-06-08 01:00:00+00:00,1
translation_proxy,2026-06-08 02:00:00+00:00,1
translation_proxy,2026-06-08 03:00:00+00:00,1
translation_proxy,2026-06-08 04:00:00+00:00,1
translation_proxy,2026-06-08 05:00:00+00:00,1
translation_proxy,2026-06-08 06:00:00+00:00,1
translation_proxy,2026-06-08 07:00:00+00:00,1
translation_proxy,2026-06-08 08:00:00+00:00,1
translation_proxy,2026-06-08 09:00:00+00:00,1
translation_proxy,2026-06-08 10:00:00+00:00,1
translation_proxy,2026-06-08 11:00:00+00:00,1
translation_proxy,2026-06-08 12:00:00+00:00,1
translation_proxy,2026-06-08 13:00:00+00:00,1
translation_proxy,2026-06-08 14:00:00+00:00,1
translation_proxy,2026-06-08 15:00:00+00:00,1
translation_proxy,2026-06-08 16:00:00+00:00,1
translation_proxy,2026-06-08 17:00:00+00:00,1
translation_proxy,2026-06-08 18:00:00+00:00,1
translation_proxy,2026-06-08 19:00:00+00:00,1
translation_proxy,2026-06-08 20:00:00+00:00,1
translation_proxy,2026-06-08 21:00:00+00:00,1
translation_proxy,2026-06-08 22:00:00+00:00,1
translation_proxy,2026-06-08 23:00:00+00:00,1
translation_proxy,2026-06-09 00:00:00+00:00,1
translation_proxy,2026-06-09 01:00:00+00:00,1
translation_proxy,2026-06-09 02:00:00+00:00,1
translation_proxy,2026-06-09 03:00:00+00:00,1
translation_proxy,2026-06-09 04:00:00+00:00,1
translation_proxy,2026-06-09 05:00:00+00:00,1
translation_proxy,2026-06-09 06:00:00+00:00,1
translation_proxy,2026-06-09 07:00:00+00:00,1
translation_proxy,2026-06-09 08:00:00+00:00,1
translation_proxy,2026-06-09 09:00:00+00:00,1
translation_proxy,2026-06-09 10:00:00+00:00,1
translation_proxy,2026-06-09 11:00:00+00:00,1
translation_proxy,2026-06-09 12:00:00+00:00,1
translation_proxy,2026-06-09 13:00:00+00:00,1
translation_proxy,2026-06-09 14:00:00+00:00,1
translation_proxy,2026-06-09 15:00:00+00:00,1
translation_proxy,2026-06-09 16:00:00+00:00,1
translation_proxy,2026-06-09 17:00:00+00:00,1
translation_proxy,2026-06-09 18:00:00+00:00,1
translation_proxy,2026-06-09 19:00:00+00:00,1
translation_proxy,2026-06-09 20:00:00+00:00,1
translation_proxy,2026-06-09 21:00:00+00:00,1
translation_proxy,2026-06-09 22:00:00+00:00,1
translation_proxy,2026-06-09 23:00:00+00:00,1
translation_proxy,2026-06-10 00:00:00+00:00,1
translation_proxy,2026-06-10 01:00:00+00:00,1
translation_proxy,2026-06-10 02:00:00+00:00,1
translation_proxy,2026-06-10 03:00:00+00:00,1
translation_proxy,2026-06-10 04:00:00+00:00,1
translation_proxy,2026-06-10 05:00:00+00:00,1
translation_proxy,2026-06-10 06:00:00+00:00,1
translation_proxy,2026-06-10 07:00:00+00:00,1
translation_proxy,2026-06-10 08:00:00+00:00,1
translation_proxy,2026-06-10 09:00:00+00:00,1
translation_proxy,2026-06-10 10:00:00+00:00,1
translation_proxy,2026-06-10 11:00:00+00:00,1
translation_proxy,2026-06-10 12:00:00+00:00,1
translation_proxy,2026-06-10 13:00:00+00:00,1
translation_proxy,2026-06-10 14:00:00+00:00,1
translation_proxy,2026-06-10 15:00:00+00:00,1
translation_proxy,2026-06-10 16:00:00+00:00,1
translation_proxy,2026-06-10 17:00:00+00:00,1
translation_proxy,2026-06-10 18:00:00+00:00,1
translation_proxy,2026-06-10 19:00:00+00:00,1
translation_proxy,2026-06-10 20:00:00+00:00,1
translation_proxy,2026-06-10 21:00:00+00:00,1
translation_proxy,2026-06-10 22:00:00+00:00,1
translation_proxy,2026-06-10 23:00:00+00:00,1
translation_proxy,2026-06-11 00:00:00+00:00,1
translation_proxy,2026-06-11 01:00:00+00:00,1
translation_proxy,2026-06-11 02:00:00+00:00,1
translation_proxy,2026-06-11 03:00:00+00:00,1
translation_proxy,2026-06-11 04:00:00+00:00,1
translation_proxy,2026-06-11 05:00:00+00:00,1
translation_proxy,2026-06-11 06:00:00+00:00,1
translation_proxy,2026-06-11 07:00:00+00:00,1
translation_proxy,2026-06-11 08:00:00+00:00,1
translation_proxy,2026-06-11 09:00:00+00:00,1
translation_proxy,2026-06-11 10:00:00+00:00,1
translation_proxy,2026-06-11 11:00:00+00:00,1
translation_proxy,2026-06-11 12:00:00+00:00,1
translation_proxy,2026-06-11 13:00:00+00:00,1
translation_proxy,2026-06-11 14:00:00+00:00,1
translation_proxy,2026-06-11 15:00:00+00:00,1
translation_proxy,2026-06-11 16:00:00+00:00,1
translation_proxy,2026-06-11 17:00:00+00:00,1
translation_proxy,2026-06-11 18:00:00+00:00,1
translation_proxy,2026-06-11 19:00:00+00:00,1
translation_proxy,2026-06-11 20:00:00+00:00,1
translation_proxy,2026-06-11 21:00:00+00:00,1
translation_proxy,2026-06-11 22:00:00+00:00,1
translation_proxy,2026-06-11 23:00:00+00:00,1
translation_proxy,2026-06-12 00:00:00+00:00,1
translation_proxy,2026-06-12 01:00:00+00:00,1
translation_proxy,2026-06-12 02:00:00+00:00,1
translation_proxy,2026-06-12 03:00:00+00:00,1
translation_proxy,2026-06-12 04:00:00+00:00,1
translation_proxy,2026-06-12 05:00:00+00:00,1
translation_proxy,2026-06-12 06:00:00+00:00,1
translation_proxy,2026-06-12 07:00:00+00:00,1
translation_proxy,2026-06-12 08:00:00+00:00,1
translation_proxy,2026-06-12 09:00:00+00:00,1
translation_proxy,2026-06-12 10:00:00+00:00,1
translation_proxy,2026-06-12 11:00:00+00:00,1
translation_proxy,2026-06-12 12:00:00+00:00,1
translation_proxy,2026-06-12 13:00:00+00:00,1
translation_proxy,2026-06-12 14:00:00+00:00,1
translation_proxy,2026-06-12 15:00:00+00:00,1
translation_proxy,2026-06-12 16:00:00+00:00,1
translation_proxy,2026-06-12 17:00:00+00:00,1
translation_proxy,2026-06-12 18:00:00+00:00,1
translation_proxy,2026-06-12 19:00:00+00:00,1
translation_proxy,2026-06-12 20:00:00+00:00,1
translation_proxy,2026-06-12 21:00:00+00:00,1
translation_proxy,2026-06-12 22:00:00+00:00,1
translation_proxy,2026-06-12 23:00:00+00:00,1
translation_proxy,2026-06-13 00:00:00+00:00,1
translation_proxy,2026-06-13 01:00:00+00:00,1
translation_proxy,2026-06-13 02:00:00+00:00,1
translation_proxy,2026-06-13 03:00:00+00:00,1
translation_proxy,2026-06-13 04:00:00+00:00,1
translation_proxy,2026-06-13 05:00:00+00:00,1
translation_proxy,2026-06-13 06:00:00+00:00,1
translation_proxy,2026-06-13 07:00:00+00:00,1
translation_proxy,2026-06-13 08:00:00+00:00,1
translation_proxy,2026-06-13 09:00:00+00:00,1
translation_proxy,2026-06-13 10:00:00+00:00,1
translation_proxy,2026-06-13 11:00:00+00:00,1
translation_proxy,2026-06-13 12:00:00+00:00,1
translation_proxy,2026-06-13 13:00:00+00:00,1
translation_proxy,2026-06-13 14:00:00+00:00,1
translation_proxy,2026-06-13 15:00:00+00:00,1
translation_proxy,2026-06-13 16:00:00+00:00,1
translation_proxy,2026-06-13 17:00:00+00:00,1
translation_proxy,2026-06-13 18:00:00+00:00,1
translation_proxy,2026-06-13 19:00:00+00:00,1
translation_proxy,2026-06-13 20:00:00+00:00,1
translation_proxy,2026-06-13 21:00:00+00:00,1
translation_proxy,2026-06-13 22:00:00+00:00,1
translation_proxy,2026-06-13 23:00:00+00:00,1
translation_proxy,2026-06-14 00:00:00+00:00,1
translation_proxy,2026-06-14 01:00:00+00:00,1
translation_proxy,2026-06-14 02:00:00+00:00,1
translation_proxy,2026-06-14 03:00:00+00:00,1
translation_proxy,2026-06-14 04:00:00+00:00,1
translation_proxy,2026-06-14 05:00:00+00:00,1
translation_proxy,2026-06-14 06:00:00+00:00,1
translation_proxy,2026-06-14 07:00:00+00:00,1
translation_proxy,2026-06-14 08:00:00+00:00,1
translation_proxy,2026-06-14 09:00:00+00:00,1
translation_proxy,2026-06-14 10:00:00+00:00,1
translation_proxy,2026-06-14 11:00:00+00:00,1
translation_proxy,2026-06-14 12:00:00+00:00,1
translation_proxy,2026-06-14 13:00:00+00:00,1
translation_proxy,2026-06-14 14:00:00+00:00,1
translation_proxy,2026-06-14 15:00:00+00:00,1
translation_proxy,2026-06-14 16:00:00+00:00,1
translation_proxy,2026-06-14 17:00:00+00:00,1
translation_proxy,2026-06-14 18:00:00+00:00,1
translation_proxy,2026-06-14 19:00:00+00:00,1
translation_proxy,2026-06-14 20:00:00+00:00,1
translation_proxy,2026-06-14 21:00:00+00:00,1
translation_proxy,2026-06-14 22:00:00+00:00,1
translation_proxy,2026-06-14 23:00:00+00:00,1
translation_proxy,2026-06-15 00:00:00+00:00,1
translation_proxy,2026-06-15 01:00:00+00:00,1
translation_proxy,2026-06-15 02:00:00+00:00,1
translation_proxy,2026-06-15 03:00:00+00:00,1
translation_proxy,2026-06-15 04:00:00+00:00,1
translation_proxy,2026-06-15 05:00:00+00:00,1
translation_proxy,2026-06-15 06:00:00+00:00,1
translation_proxy,2026-06-15 07:00:00+00:00,1
translation_proxy,2026-06-15 08:00:00+00:00,1
translation_proxy,2026-06-15 09:00:00+00:00,1
translation_proxy,2026-06-15 10:00:00+00:00,1
translation_proxy,2026-06-15 11:00:00+00:00,1
translation_proxy,2026-06-15 12:00:00+00:00,1
translation_proxy,2026-06-15 13:00:00+00:00,1
translation_proxy,2026-06-15 14:00:00+00:00,1
translation_proxy,2026-06-15 15:00:00+00:00,1
translation_proxy,2026-06-15 16:00:00+00:00,1
translation_proxy,2026-06-15 17:00:00+00:00,1
translation_proxy,2026-06-15 18:00:00+00:00,1
translation_proxy,2026-06-15 19:00:00+00:00,1
translation_proxy,2026-06-15 20:00:00+00:00,1
translation_proxy,2026-06-15 21:00:00+00:00,1
translation_proxy,2026-06-15 22:00:00+00:00,1
translation_proxy,2026-06-15 23:00:00+00:00,1
translation_proxy,2026-06-16 00:00:00+00:00,1
translation_proxy,2026-06-16 01:00:00+00:00,1
translation_proxy,2026-06-16 02:00:00+00:00,1
translation_proxy,2026-06-16 03:00:00+00:00,1
translation_proxy,2026-06-16 04:00:00+00:00,1
translation_proxy,2026-06-16 05:00:00+00:00,1
translation_proxy,2026-06-16 06:00:00+00:00,1
translation_proxy,2026-06-16 07:00:00+00:00,1
translation_proxy,2026-06-16 08:00:00+00:00,1
translation_proxy,2026-06-16 09:00:00+00:00,1
translation_proxy,2026-06-16 10:00:00+00:00,1
translation_proxy,2026-06-16 11:00:00+00:00,1
translation_proxy,2026-06-16 12:00:00+00:00,1
translation_proxy,2026-06-16 13:00:00+00:00,1
translation_proxy,2026-06-16 14:00:00+00:00,1
translation_proxy,2026-06-16 15:00:00+00:00,1
translation_proxy,2026-06-16 16:00:00+00:00,1
translation_proxy,2026-06-16 17:00:00+00:00,1
translation_proxy,2026-06-16 18:00:00+00:00,1
translation_proxy,2026-06-16 19:00:00+00:00,1
translation_proxy,2026-06-16 20:00:00+00:00,1
translation_proxy,2026-06-16 21:00:00+00:00,1
translation_proxy,2026-06-16 22:00:00+00:00,1
translation_proxy,2026-06-16 23:00:00+00:00,1
translation_proxy,2026-06-17 00:00:00+00:00,1
translation_proxy,2026-06-17 01:00:00+00:00,1
translation_proxy,2026-06-17 02:00:00+00:00,1
translation_proxy,2026-06-17 03:00:00+00:00,1
translation_proxy,2026-06-17 04:00:00+00:00,1
translation_proxy,2026-06-17 05:00:00+00:00,1
translation_proxy,2026-06-17 06:00:00+00:00,1
translation_proxy,2026-06-17 07:00:00+00:00,1
translation_proxy,2026-06-17 08:00:00+00:00,1
translation_proxy,2026-06-17 09:00:00+00:00,1
translation_proxy,2026-06-17 10:00:00+00:00,1
translation_proxy,2026-06-17 11:00:00+00:00,1
translation_proxy,2026-06-17 12:00:00+00:00,1
translation_proxy,2026-06-17 13:00:00+00:00,1
translation_proxy,2026-06-17 14:00:00+00:00,1
translation_proxy,2026-06-17 15:00:00+00:00,1
translation_proxy,2026-06-17 16:00:00+00:00,1
translation_proxy,2026-06-17 17:00:00+00:00,1
translation_proxy,2026-06-17 18:00:00+00:00,1
translation_proxy,2026-06-17 19:00:00+00:00,1
translation_proxy,2026-06-17 20:00:00+00:00,1
translation_proxy,2026-06-17 21:00:00+00:00,1
translation_proxy,2026-06-17 22:00:00+00:00,1
translation_proxy,2026-06-17 23:00:00+00:00,1
translation_proxy,2026-06-18 00:00:00+00:00,1
translation_proxy,2026-06-18 01:00:00+00:00,1
translation_proxy,2026-06-18 02:00:00+00:00,1
translation_proxy,2026-06-18 03:00:00+00:00,1
translation_proxy,2026-06-18 04:00:00+00:00,1
translation_proxy,2026-06-18 05:00:00+00:00,1
translation_proxy,2026-06-18 06:00:00+00:00,1
translation_proxy,2026-06-18 07:00:00+00:00,1
translation_proxy,2026-06-18 08:00:00+00:00,1
translation_proxy,2026-06-18 09:00:00+00:00,1
translation_proxy,2026-06-18 10:00:00+00:00,1
translation_proxy,2026-06-18 11:00:00+00:00,1
translation_proxy,2026-06-18 12:00:00+00:00,1
translation_proxy,2026-06-18 13:00:00+00:00,1
translation_proxy,2026-06-18 14:00:00+00:00,1
translation_proxy,2026-06-18 15:00:00+00:00,1
translation_proxy,2026-06-18 16:00:00+00:00,1
translation_proxy,2026-06-18 17:00:00+00:00,2
translation_proxy,2026-06-18 18:00:00+00:00,6
translation_proxy,2026-06-18 19:00:00+00:00,21
translation_proxy,2026-06-18 20:00:00+00:00,34
translation_proxy,2026-06-18 21:00:00+00:00,37
translation_proxy,2026-06-18 22:00:00+00:00,37
translation_proxy,2026-06-18 23:00:00+00:00,37
translation_proxy,2026-06-19 00:00:00+00:00,37
translation_proxy,2026-06-19 01:00:00+00:00,38
translation_proxy,2026-06-19 02:00:00+00:00,38
translation_proxy,2026-06-19 03:00:00+00:00,40
translation_proxy,2026-06-19 04:00:00+00:00,40
translation_proxy,2026-06-19 05:00:00+00:00,40
translation_proxy,2026-06-19 06:00:00+00:00,40
translation_proxy,2026-06-19 07:00:00+00:00,40
translation_proxy,2026-06-19 08:00:00+00:00,40
translation_proxy,2026-06-19 09:00:00+00:00,40
translation_proxy,2026-06-19 10:00:00+00:00,40
translation_proxy,2026-06-19 11:00:00+00:00,40
translation_proxy,2026-06-19 12:00:00+00:00,40
translation_proxy,2026-06-19 13:00:00+00:00,40
translation_proxy,2026-06-19 14:00:00+00:00,40
translation_proxy,2026-06-19 15:00:00+00:00,40
translation_proxy,2026-06-19 16:00:00+00:00,40
translation_proxy,2026-06-19 17:00:00+00:00,40
translation_proxy,2026-06-19 18:00:00+00:00,40
translation_proxy,2026-06-19 19:00:00+00:00,40
translation_proxy,2026-06-19 20:00:00+00:00,40
translation_proxy,2026-06-19 21:00:00+00:00,40
translation_proxy,2026-06-19 22:00:00+00:00,40
translation_proxy,2026-06-19 23:00:00+00:00,40
translation_proxy,2026-06-20 00:00:00+00:00,40
translation_proxy,2026-06-20 01:00:00+00:00,40
translation_proxy,2026-06-20 02:00:00+00:00,40
translation_proxy,2026-06-20 03:00:00+00:00,40
translation_proxy,2026-06-20 04:00:00+00:00,40
translation_proxy,2026-06-20 05:00:00+00:00,40
translation_proxy,2026-06-20 06:00:00+00:00,40
translation_proxy,2026-06-20 07:00:00+00:00,40
translation_proxy,2026-06-20 08:00:00+00:00,40
translation_proxy,2026-06-20 09:00:00+00:00,40
translation_proxy,2026-06-20 10:00:00+00:00,40
translation_proxy,2026-06-20 11:00:00+00:00,40
translation_proxy,2026-06-20 12:00:00+00:00,40
translation_proxy,2026-06-20 13:00:00+00:00,40
translation_proxy,2026-06-20 14:00:00+00:00,40
translation_proxy,2026-06-20 15:00:00+00:00,40
translation_proxy,2026-06-20 16:00:00+00:00,40
translation_proxy,2026-06-20 17:00:00+00:00,40
translation_proxy,2026-06-20 18:00:00+00:00,40
translation_proxy,2026-06-20 19:00:00+00:00,40
translation_proxy,2026-06-20 20:00:00+00:00,40
translation_proxy,2026-06-20 21:00:00+00:00,40
translation_proxy,2026-06-20 22:00:00+00:00,40
translation_proxy,2026-06-20 23:00:00+00:00,40
translation_proxy,2026-06-21 00:00:00+00:00,40
translation_proxy,2026-06-21 01:00:00+00:00,40
translation_proxy,2026-06-21 02:00:00+00:00,40
translation_proxy,2026-06-21 03:00:00+00:00,40
translation_proxy,2026-06-21 04:00:00+00:00,40
translation_proxy,2026-06-21 05:00:00+00:00,40
translation_proxy,2026-06-21 06:00:00+00:00,40
translation_proxy,2026-06-21 07:00:00+00:00,40
translation_proxy,2026-06-21 08:00:00+00:00,40
translation_proxy,2026-06-21 09:00:00+00:00,40
translation_proxy,2026-06-21 10:00:00+00:00,40
translation_proxy,2026-06-21 11:00:00+00:00,40
translation_proxy,2026-06-21 12:00:00+00:00,40
translation_proxy,2026-06-21 13:00:00+00:00,40
translation_proxy,2026-06-21 14:00:00+00:00,40
translation_proxy,2026-06-21 15:00:00+00:00,40
translation_proxy,2026-06-21 16:00:00+00:00,40
translation_proxy,2026-06-21 17:00:00+00:00,40
translation_proxy,2026-06-21 18:00:00+00:00,40
translation_proxy,2026-06-21 19:00:00+00:00,40
translation_proxy,2026-06-21 20:00:00+00:00,40
translation_proxy,2026-06-21 21:00:00+00:00,40
translation_proxy,2026-06-21 22:00:00+00:00,40
translation_proxy,2026-06-21 23:00:00+00:00,40
translation_proxy,2026-06-22 00:00:00+00:00,40
translation_proxy,2026-06-22 01:00:00+00:00,40
translation_proxy,2026-06-22 02:00:00+00:00,40
translation_proxy,2026-06-22 03:00:00+00:00,40
translation_proxy,2026-06-22 04:00:00+00:00,40
translation_proxy,2026-06-22 05:00:00+00:00,40
translation_proxy,2026-06-22 06:00:00+00:00,40
translation_proxy,2026-06-22 07:00:00+00:00,40
translation_proxy,2026-06-22 08:00:00+00:00,40
translation_proxy,2026-06-22 09:00:00+00:00,40
translation_proxy,2026-06-22 10:00:00+00:00,40
translation_proxy,2026-06-22 11:00:00+00:00,40
translation_proxy,2026-06-22 12:00:00+00:00,40
translation_proxy,2026-06-22 13:00:00+00:00,40
translation_proxy,2026-06-22 14:00:00+00:00,40
translation_proxy,2026-06-22 15:00:00+00:00,40
translation_proxy,2026-06-22 16:00:00+00:00,40
translation_proxy,2026-06-22 17:00:00+00:00,40
translation_proxy,2026-06-22 18:00:00+00:00,40
translation_proxy,2026-06-22 19:00:00+00:00,40
translation_proxy,2026-06-22 20:00:00+00:00,40
translation_proxy,2026-06-22 21:00:00+00:00,40
translation_proxy,2026-06-22 22:00:00+00:00,40
translation_proxy,2026-06-22 23:00:00+00:00,40
translation_proxy,2026-06-23 00:00:00+00:00,40
translation_proxy,2026-06-23 01:00:00+00:00,40
translation_proxy,2026-06-23 02:00:00+00:00,40
translation_proxy,2026-06-23 03:00:00+00:00,40
translation_proxy,2026-06-23 04:00:00+00:00,40
translation_proxy,2026-06-23 05:00:00+00:00,40
translation_proxy,2026-06-23 06:00:00+00:00,40
translation_proxy,2026-06-23 07:00:00+00:00,40
translation_proxy,2026-06-23 08:00:00+00:00,40
translation_proxy,2026-06-23 09:00:00+00:00,40
translation_proxy,2026-06-23 10:00:00+00:00,40
translation_proxy,2026-06-23 11:00:00+00:00,40
translation_proxy,2026-06-23 12:00:00+00:00,40
translation_proxy,2026-06-23 13:00:00+00:00,40
translation_proxy,2026-06-23 14:00:00+00:00,40
translation_proxy,2026-06-23 15:00:00+00:00,40
translation_proxy,2026-06-23 16:00:00+00:00,40
translation_proxy,2026-06-23 17:00:00+00:00,40
translation_proxy,2026-06-23 18:00:00+00:00,40
translation_proxy,2026-06-23 19:00:00+00:00,40
translation_proxy,2026-06-23 20:00:00+00:00,40
translation_proxy,2026-06-23 21:00:00+00:00,40
translation_proxy,2026-06-23 22:00:00+00:00,40
translation_proxy,2026-06-23 23:00:00+00:00,40
translation_proxy,2026-06-24 00:00:00+00:00,40
translation_proxy,2026-06-24 01:00:00+00:00,40
translation_proxy,2026-06-24 02:00:00+00:00,40
translation_proxy,2026-06-24 03:00:00+00:00,40
translation_proxy,2026-06-24 04:00:00+00:00,40
translation_proxy,2026-06-24 05:00:00+00:00,40
translation_proxy,2026-06-24 06:00:00+00:00,40
translation_proxy,2026-06-24 07:00:00+00:00,40
translation_proxy,2026-06-24 08:00:00+00:00,40
translation_proxy,2026-06-24 09:00:00+00:00,40
translation_proxy,2026-06-24 10:00:00+00:00,40
translation_proxy,2026-06-24 11:00:00+00:00,40
translation_proxy,2026-06-24 12:00:00+00:00,40
translation_proxy,2026-06-24 13:00:00+00:00,40
translation_proxy,2026-06-24 14:00:00+00:00,40
translation_proxy,2026-06-24 15:00:00+00:00,40
translation_proxy,2026-06-24 16:00:00+00:00,40
translation_proxy,2026-06-24 17:00:00+00:00,40
translation_proxy,2026-06-24 18:00:00+00:00,40
translation_proxy,2026-06-24 19:00:00+00:00,40
translation_proxy,2026-06-24 20:00:00+00:00,40
translation_proxy,2026-06-24 21:00:00+00:00,40
translation_proxy,2026-06-24 22:00:00+00:00,40
translation_proxy,2026-06-24 23:00:00+00:00,40
translation_proxy,2026-06-25 00:00:00+00:00,40
translation_proxy,2026-06-25 01:00:00+00:00,40
translation_proxy,2026-06-25 02:00:00+00:00,40
translation_proxy,2026-06-25 03:00:00+00:00,40
translation_proxy,2026-06-25 04:00:00+00:00,40
translation_proxy,2026-06-25 05:00:00+00:00,40
translation_proxy,2026-06-25 06:00:00+00:00,40
translation_proxy,2026-06-25 07:00:00+00:00,40
translation_proxy,2026-06-25 08:00:00+00:00,40
translation_proxy,2026-06-25 09:00:00+00:00,40
translation_proxy,2026-06-25 10:00:00+00:00,40
translation_proxy,2026-06-25 11:00:00+00:00,40
translation_proxy,2026-06-25 12:00:00+00:00,40
translation_proxy,2026-06-25 13:00:00+00:00,40
translation_proxy,2026-06-25 14:00:00+00:00,40
translation_proxy,2026-06-25 15:00:00+00:00,40
translation_proxy,2026-06-25 16:00:00+00:00,40
translation_proxy,2026-06-25 17:00:00+00:00,40
translation_proxy,2026-06-25 18:00:00+00:00,40
translation_proxy,2026-06-25 19:00:00+00:00,40
translation_proxy,2026-06-25 20:00:00+00:00,40
translation_proxy,2026-06-25 21:00:00+00:00,40
translation_proxy,2026-06-25 22:00:00+00:00,40
translation_proxy,2026-06-25 23:00:00+00:00,40
translation_proxy,2026-06-26 00:00:00+00:00,40
translation_proxy,2026-06-26 01:00:00+00:00,40
translation_proxy,2026-06-26 02:00:00+00:00,40
translation_proxy,2026-06-26 03:00:00+00:00,40
translation_proxy,2026-06-26 04:00:00+00:00,40
translation_proxy,2026-06-26 05:00:00+00:00,40
translation_proxy,2026-06-26 06:00:00+00:00,40
translation_proxy,2026-06-26 07:00:00+00:00,40
translation_proxy,2026-06-26 08:00:00+00:00,40
translation_proxy,2026-06-26 09:00:00+00:00,40
translation_proxy,2026-06-26 10:00:00+00:00,40
translation_proxy,2026-06-26 11:00:00+00:00,40
translation_proxy,2026-06-26 12:00:00+00:00,40
translation_proxy,2026-06-26 13:00:00+00:00,40
translation_proxy,2026-06-26 14:00:00+00:00,40
translation_proxy,2026-06-26 15:00:00+00:00,40
translation_proxy,2026-06-26 16:00:00+00:00,40
translation_proxy,2026-06-26 17:00:00+00:00,40
translation_proxy,2026-06-26 18:00:00+00:00,40
translation_proxy,2026-06-26 19:00:00+00:00,40
translation_proxy,2026-06-26 20:00:00+00:00,40
translation_proxy,2026-06-26 21:00:00+00:00,40
translation_proxy,2026-06-26 22:00:00+00:00,40
translation_proxy,2026-06-26 23:00:00+00:00,40
translation_proxy,2026-06-27 00:00:00+00:00,40
translation_proxy,2026-06-27 01:00:00+00:00,40
translation_proxy,2026-06-27 02:00:00+00:00,40
translation_proxy,2026-06-27 03:00:00+00:00,40
translation_proxy,2026-06-27 04:00:00+00:00,40
translation_proxy,2026-06-27 05:00:00+00:00,40
translation_proxy,2026-06-27 06:00:00+00:00,40
translation_proxy,2026-06-27 07:00:00+00:00,40
translation_proxy,2026-06-27 08:00:00+00:00,40
translation_proxy,2026-06-27 09:00:00+00:00,40
translation_proxy,2026-06-27 10:00:00+00:00,40
translation_proxy,2026-06-27 11:00:00+00:00,40
translation_proxy,2026-06-27 12:00:00+00:00,40
translation_proxy,2026-06-27 13:00:00+00:00,40
translation_proxy,2026-06-27 14:00:00+00:00,40
translation_proxy,2026-06-27 15:00:00+00:00,40
translation_proxy,2026-06-27 16:00:00+00:00,40
translation_proxy,2026-06-27 17:00:00+00:00,40
translation_proxy,2026-06-27 18:00:00+00:00,40
translation_proxy,2026-06-27 19:00:00+00:00,40
translation_proxy,2026-06-27 20:00:00+00:00,40
translation_proxy,2026-06-27 21:00:00+00:00,40
translation_proxy,2026-06-27 22:00:00+00:00,40
translation_proxy,2026-06-27 23:00:00+00:00,40
translation_proxy,2026-06-28 00:00:00+00:00,40
translation_proxy,2026-06-28 01:00:00+00:00,40
translation_proxy,2026-06-28 02:00:00+00:00,40
translation_proxy,2026-06-28 03:00:00+00:00,40
translation_proxy,2026-06-28 04:00:00+00:00,40
translation_proxy,2026-06-28 05:00:00+00:00,40
translation_proxy,2026-06-28 06:00:00+00:00,40
translation_proxy,2026-06-28 07:00:00+00:00,40
translation_proxy,2026-06-28 08:00:00+00:00,40
translation_proxy,2026-06-28 09:00:00+00:00,40
translation_proxy,2026-06-28 10:00:00+00:00,40
translation_proxy,2026-06-28 11:00:00+00:00,40
translation_proxy,2026-06-28 12:00:00+00:00,40
translation_proxy,2026-06-28 13:00:00+00:00,40
translation_proxy,2026-06-28 14:00:00+00:00,40
translation_proxy,2026-06-28 15:00:00+00:00,40
translation_proxy,2026-06-28 16:00:00+00:00,40
translation_proxy,2026-06-28 17:00:00+00:00,40
translation_proxy,2026-06-28 18:00:00+00:00,40
translation_proxy,2026-06-28 19:00:00+00:00,40
translation_proxy,2026-06-28 20:00:00+00:00,40
translation_proxy,2026-06-28 21:00:00+00:00,40
translation_proxy,2026-06-28 22:00:00+00:00,40
translation_proxy,2026-06-28 23:00:00+00:00,40
translation_proxy,2026-06-29 00:00:00+00:00,40
translation_proxy,2026-06-29 01:00:00+00:00,40
translation_proxy,2026-06-29 02:00:00+00:00,40
translation_proxy,2026-06-29 03:00:00+00:00,40
translation_proxy,2026-06-29 04:00:00+00:00,40
translation_proxy,2026-06-29 05:00:00+00:00,40
translation_proxy,2026-06-29 06:00:00+00:00,40
translation_proxy,2026-06-29 07:00:00+00:00,40
translation_proxy,2026-06-29 08:00:00+00:00,40
translation_proxy,2026-06-29 09:00:00+00:00,40
translation_proxy,2026-06-29 10:00:00+00:00,40
translation_proxy,2026-06-29 11:00:00+00:00,40
translation_proxy,2026-06-29 12:00:00+00:00,40
translation_proxy,2026-06-29 13:00:00+00:00,40
translation_proxy,2026-06-29 14:00:00+00:00,40
translation_proxy,2026-06-29 15:00:00+00:00,40
translation_proxy,2026-06-29 16:00:00+00:00,40
translation_proxy,2026-06-29 17:00:00+00:00,40
translation_proxy,2026-06-29 18:00:00+00:00,40
translation_proxy,2026-06-29 19:00:00+00:00,40
translation_proxy,2026-06-29 20:00:00+00:00,40
translation_proxy,2026-06-29 21:00:00+00:00,40
translation_proxy,2026-06-29 22:00:00+00:00,40
translation_proxy,2026-06-29 23:00:00+00:00,40
translation_proxy,2026-06-30 00:00:00+00:00,40
translation_proxy,2026-06-30 01:00:00+00:00,40
translation_proxy,2026-06-30 02:00:00+00:00,40
translation_proxy,2026-06-30 03:00:00+00:00,40
translation_proxy,2026-06-30 04:00:00+00:00,40
translation_proxy,2026-06-30 05:00:00+00:00,40
translation_proxy,2026-06-30 06:00:00+00:00,40
translation_proxy,2026-06-30 07:00:00+00:00,40
translation_proxy,2026-06-30 08:00:00+00:00,40
translation_proxy,2026-06-30 09:00:00+00:00,40
translation_proxy,2026-06-30 10:00:00+00:00,40
translation_proxy,2026-06-30 11:00:00+00:00,40
translation_proxy,2026-06-30 12:00:00+00:00,40
translation_proxy,2026-06-30 13:00:00+00:00,40
translation_proxy,2026-06-30 14:00:00+00:00,40
translation_proxy,2026-06-30 15:00:00+00:00,40
translation_proxy,2026-06-30 16:00:00+00:00,40
translation_proxy,2026-06-30 17:00:00+00:00,40
translation_proxy,2026-06-30 18:00:00+00:00,40
translation_proxy,2026-06-30 19:00:00+00:00,40
translation_proxy,2026-06-30 20:00:00+00:00,40
translation_proxy,2026-06-30 21:00:00+00:00,40
translation_proxy,2026-06-30 22:00:00+00:00,40
translation_proxy,2026-06-30 23:00:00+00:00,40
translation_proxy,2026-07-01 00:00:00+00:00,40
translation_proxy,2026-07-01 01:00:00+00:00,40
translation_proxy,2026-07-01 02:00:00+00:00,40
translation_proxy,2026-07-01 03:00:00+00:00,40
translation_proxy,2026-07-01 04:00:00+00:00,40
translation_proxy,2026-07-01 05:00:00+00:00,40
translation_proxy,2026-07-01 06:00:00+00:00,40
translation_proxy,2026-07-01 07:00:00+00:00,40
translation_proxy,2026-07-01 08:00:00+00:00,40
translation_proxy,2026-07-01 09:00:00+00:00,40
translation_proxy,2026-07-01 10:00:00+00:00,40
translation_proxy,2026-07-01 11:00:00+00:00,40
translation_proxy,2026-07-01 12:00:00+00:00,40
translation_proxy,2026-07-01 13:00:00+00:00,40
translation_proxy,2026-07-01 14:00:00+00:00,40
translation_proxy,2026-07-01 15:00:00+00:00,40
translation_proxy,2026-07-01 16:00:00+00:00,40
translation_proxy,2026-07-01 17:00:00+00:00,40
translation_proxy,2026-07-01 18:00:00+00:00,40
translation_proxy,2026-07-01 19:00:00+00:00,40
translation_proxy,2026-07-01 20:00:00+00:00,40
translation_proxy,2026-07-01 21:00:00+00:00,40
translation_proxy,2026-07-01 22:00:00+00:00,40
translation_proxy,2026-07-01 23:00:00+00:00,40
translation_proxy,2026-07-02 00:00:00+00:00,40
translation_proxy,2026-07-02 01:00:00+00:00,40
translation_proxy,2026-07-02 02:00:00+00:00,40
translation_proxy,2026-07-02 03:00:00+00:00,40
translation_proxy,2026-07-02 04:00:00+00:00,40
translation_proxy,2026-07-02 05:00:00+00:00,40
translation_proxy,2026-07-02 06:00:00+00:00,40
translation_proxy,2026-07-02 07:00:00+00:00,40
translation_proxy,2026-07-02 08:00:00+00:00,40
translation_proxy,2026-07-02 09:00:00+00:00,40
translation_proxy,2026-07-02 10:00:00+00:00,40
translation_proxy,2026-07-02 11:00:00+00:00,40
translation_proxy,2026-07-02 12:00:00+00:00,40
translation_proxy,2026-07-02 13:00:00+00:00,40
translation_proxy,2026-07-02 14:00:00+00:00,40
translation_proxy,2026-07-02 15:00:00+00:00,40
translation_proxy,2026-07-02 16:00:00+00:00,40
translation_proxy,2026-07-02 17:00:00+00:00,40
upstream_data,2026-05-24 06:00:00+00:00,3
upstream_data,2026-05-24 07:00:00+00:00,3
upstream_data,2026-05-24 08:00:00+00:00,3
upstream_data,2026-05-24 09:00:00+00:00,3
upstream_data,2026-05-24 10:00:00+00:00,3
upstream_data,2026-05-24 11:00:00+00:00,5
upstream_data,2026-05-24 12:00:00+00:00,5
upstream_data,2026-05-24 13:00:00+00:00,9
upstream_data,2026-05-24 14:00:00+00:00,13
upstream_data,2026-05-24 15:00:00+00:00,13
upstream_data,2026-05-24 16:00:00+00:00,13
upstream_data,2026-05-24 17:00:00+00:00,13
upstream_data,2026-05-24 18:00:00+00:00,15
upstream_data,2026-05-24 19:00:00+00:00,15
upstream_data,2026-05-24 20:00:00+00:00,15
upstream_data,2026-05-24 21:00:00+00:00,15
upstream_data,2026-05-24 22:00:00+00:00,15
upstream_data,2026-05-24 23:00:00+00:00,15
upstream_data,2026-05-25 00:00:00+00:00,15
upstream_data,2026-05-25 01:00:00+00:00,15
upstream_data,2026-05-25 02:00:00+00:00,15
upstream_data,2026-05-25 03:00:00+00:00,15
upstream_data,2026-05-25 04:00:00+00:00,15
upstream_data,2026-05-25 05:00:00+00:00,15
upstream_data,2026-05-25 06:00:00+00:00,15
upstream_data,2026-05-25 07:00:00+00:00,15
upstream_data,2026-05-25 08:00:00+00:00,15
upstream_data,2026-05-25 09:00:00+00:00,15
upstream_data,2026-05-25 10:00:00+00:00,15
upstream_data,2026-05-25 11:00:00+00:00,15
upstream_data,2026-05-25 12:00:00+00:00,15
upstream_data,2026-05-25 13:00:00+00:00,15
upstream_data,2026-05-25 14:00:00+00:00,15
upstream_data,2026-05-25 15:00:00+00:00,15
upstream_data,2026-05-25 16:00:00+00:00,15
upstream_data,2026-05-25 17:00:00+00:00,15
upstream_data,2026-05-25 18:00:00+00:00,15
upstream_data,2026-05-25 19:00:00+00:00,15
upstream_data,2026-05-25 20:00:00+00:00,15
upstream_data,2026-05-25 21:00:00+00:00,15
upstream_data,2026-05-25 22:00:00+00:00,15
upstream_data,2026-05-25 23:00:00+00:00,15
upstream_data,2026-05-26 00:00:00+00:00,15
upstream_data,2026-05-26 01:00:00+00:00,15
upstream_data,2026-05-26 02:00:00+00:00,15
upstream_data,2026-05-26 03:00:00+00:00,15
upstream_data,2026-05-26 04:00:00+00:00,15
upstream_data,2026-05-26 05:00:00+00:00,16
upstream_data,2026-05-26 06:00:00+00:00,16
upstream_data,2026-05-26 07:00:00+00:00,16
upstream_data,2026-05-26 08:00:00+00:00,16
upstream_data,2026-05-26 09:00:00+00:00,17
upstream_data,2026-05-26 10:00:00+00:00,29
upstream_data,2026-05-26 11:00:00+00:00,42
upstream_data,2026-05-26 12:00:00+00:00,51
upstream_data,2026-05-26 13:00:00+00:00,73
upstream_data,2026-05-26 14:00:00+00:00,94
upstream_data,2026-05-26 15:00:00+00:00,107
upstream_data,2026-05-26 16:00:00+00:00,138
upstream_data,2026-05-26 17:00:00+00:00,139
upstream_data,2026-05-26 18:00:00+00:00,139
upstream_data,2026-05-26 19:00:00+00:00,139
upstream_data,2026-05-26 20:00:00+00:00,139
upstream_data,2026-05-26 21:00:00+00:00,139
upstream_data,2026-05-26 22:00:00+00:00,139
upstream_data,2026-05-26 23:00:00+00:00,140
upstream_data,2026-05-27 00:00:00+00:00,142
upstream_data,2026-05-27 01:00:00+00:00,142
upstream_data,2026-05-27 02:00:00+00:00,145
upstream_data,2026-05-27 03:00:00+00:00,145
upstream_data,2026-05-27 04:00:00+00:00,145
upstream_data,2026-05-27 05:00:00+00:00,145
upstream_data,2026-05-27 06:00:00+00:00,147
upstream_data,2026-05-27 07:00:00+00:00,152
upstream_data,2026-05-27 08:00:00+00:00,157
upstream_data,2026-05-27 09:00:00+00:00,157
upstream_data,2026-05-27 10:00:00+00:00,157
upstream_data,2026-05-27 11:00:00+00:00,157
upstream_data,2026-05-27 12:00:00+00:00,160
upstream_data,2026-05-27 13:00:00+00:00,161
upstream_data,2026-05-27 14:00:00+00:00,161
upstream_data,2026-05-27 15:00:00+00:00,161
upstream_data,2026-05-27 16:00:00+00:00,161
upstream_data,2026-05-27 17:00:00+00:00,161
upstream_data,2026-05-27 18:00:00+00:00,161
upstream_data,2026-05-27 19:00:00+00:00,161
upstream_data,2026-05-27 20:00:00+00:00,161
upstream_data,2026-05-27 21:00:00+00:00,161
upstream_data,2026-05-27 22:00:00+00:00,161
upstream_data,2026-05-27 23:00:00+00:00,161
upstream_data,2026-05-28 00:00:00+00:00,161
upstream_data,2026-05-28 01:00:00+00:00,162
upstream_data,2026-05-28 02:00:00+00:00,162
upstream_data,2026-05-28 03:00:00+00:00,162
upstream_data,2026-05-28 04:00:00+00:00,162
upstream_data,2026-05-28 05:00:00+00:00,162
upstream_data,2026-05-28 06:00:00+00:00,162
upstream_data,2026-05-28 07:00:00+00:00,162
upstream_data,2026-05-28 08:00:00+00:00,162
upstream_data,2026-05-28 09:00:00+00:00,162
upstream_data,2026-05-28 10:00:00+00:00,162
upstream_data,2026-05-28 11:00:00+00:00,162
upstream_data,2026-05-28 12:00:00+00:00,165
upstream_data,2026-05-28 13:00:00+00:00,169
upstream_data,2026-05-28 14:00:00+00:00,180
upstream_data,2026-05-28 15:00:00+00:00,192
upstream_data,2026-05-28 16:00:00+00:00,195
upstream_data,2026-05-28 17:00:00+00:00,195
upstream_data,2026-05-28 18:00:00+00:00,195
upstream_data,2026-05-28 19:00:00+00:00,197
upstream_data,2026-05-28 20:00:00+00:00,197
upstream_data,2026-05-28 21:00:00+00:00,197
upstream_data,2026-05-28 22:00:00+00:00,197
upstream_data,2026-05-28 23:00:00+00:00,197
upstream_data,2026-05-29 00:00:00+00:00,197
upstream_data,2026-05-29 01:00:00+00:00,197
upstream_data,2026-05-29 02:00:00+00:00,197
upstream_data,2026-05-29 03:00:00+00:00,197
upstream_data,2026-05-29 04:00:00+00:00,197
upstream_data,2026-05-29 05:00:00+00:00,197
upstream_data,2026-05-29 06:00:00+00:00,197
upstream_data,2026-05-29 07:00:00+00:00,197
upstream_data,2026-05-29 08:00:00+00:00,197
upstream_data,2026-05-29 09:00:00+00:00,197
upstream_data,2026-05-29 10:00:00+00:00,197
upstream_data,2026-05-29 11:00:00+00:00,197
upstream_data,2026-05-29 12:00:00+00:00,197
upstream_data,2026-05-29 13:00:00+00:00,197
upstream_data,2026-05-29 14:00:00+00:00,197
upstream_data,2026-05-29 15:00:00+00:00,197
upstream_data,2026-05-29 16:00:00+00:00,197
upstream_data,2026-05-29 17:00:00+00:00,197
upstream_data,2026-05-29 18:00:00+00:00,197
upstream_data,2026-05-29 19:00:00+00:00,200
upstream_data,2026-05-29 20:00:00+00:00,200
upstream_data,2026-05-29 21:00:00+00:00,200
upstream_data,2026-05-29 22:00:00+00:00,206
upstream_data,2026-05-29 23:00:00+00:00,208
upstream_data,2026-05-30 00:00:00+00:00,208
upstream_data,2026-05-30 01:00:00+00:00,208
upstream_data,2026-05-30 02:00:00+00:00,208
upstream_data,2026-05-30 03:00:00+00:00,208
upstream_data,2026-05-30 04:00:00+00:00,208
upstream_data,2026-05-30 05:00:00+00:00,208
upstream_data,2026-05-30 06:00:00+00:00,208
upstream_data,2026-05-30 07:00:00+00:00,208
upstream_data,2026-05-30 08:00:00+00:00,208
upstream_data,2026-05-30 09:00:00+00:00,208
upstream_data,2026-05-30 10:00:00+00:00,208
upstream_data,2026-05-30 11:00:00+00:00,208
upstream_data,2026-05-30 12:00:00+00:00,208
upstream_data,2026-05-30 13:00:00+00:00,208
upstream_data,2026-05-30 14:00:00+00:00,208
upstream_data,2026-05-30 15:00:00+00:00,208
upstream_data,2026-05-30 16:00:00+00:00,208
upstream_data,2026-05-30 17:00:00+00:00,211
upstream_data,2026-05-30 18:00:00+00:00,211
upstream_data,2026-05-30 19:00:00+00:00,212
upstream_data,2026-05-30 20:00:00+00:00,213
upstream_data,2026-05-30 21:00:00+00:00,217
upstream_data,2026-05-30 22:00:00+00:00,219
upstream_data,2026-05-30 23:00:00+00:00,221
upstream_data,2026-05-31 00:00:00+00:00,222
upstream_data,2026-05-31 01:00:00+00:00,222
upstream_data,2026-05-31 02:00:00+00:00,222
upstream_data,2026-05-31 03:00:00+00:00,222
upstream_data,2026-05-31 04:00:00+00:00,222
upstream_data,2026-05-31 05:00:00+00:00,222
upstream_data,2026-05-31 06:00:00+00:00,222
upstream_data,2026-05-31 07:00:00+00:00,222
upstream_data,2026-05-31 08:00:00+00:00,222
upstream_data,2026-05-31 09:00:00+00:00,222
upstream_data,2026-05-31 10:00:00+00:00,222
upstream_data,2026-05-31 11:00:00+00:00,222
upstream_data,2026-05-31 12:00:00+00:00,222
upstream_data,2026-05-31 13:00:00+00:00,222
upstream_data,2026-05-31 14:00:00+00:00,222
upstream_data,2026-05-31 15:00:00+00:00,222
upstream_data,2026-05-31 16:00:00+00:00,222
upstream_data,2026-05-31 17:00:00+00:00,222
upstream_data,2026-05-31 18:00:00+00:00,222
upstream_data,2026-05-31 19:00:00+00:00,222
upstream_data,2026-05-31 20:00:00+00:00,222
upstream_data,2026-05-31 21:00:00+00:00,222
upstream_data,2026-05-31 22:00:00+00:00,223
upstream_data,2026-05-31 23:00:00+00:00,223
upstream_data,2026-06-01 00:00:00+00:00,223
upstream_data,2026-06-01 01:00:00+00:00,223
upstream_data,2026-06-01 02:00:00+00:00,223
upstream_data,2026-06-01 03:00:00+00:00,229
upstream_data,2026-06-01 04:00:00+00:00,229
upstream_data,2026-06-01 05:00:00+00:00,229
upstream_data,2026-06-01 06:00:00+00:00,229
upstream_data,2026-06-01 07:00:00+00:00,229
upstream_data,2026-06-01 08:00:00+00:00,229
upstream_data,2026-06-01 09:00:00+00:00,229
upstream_data,2026-06-01 10:00:00+00:00,229
upstream_data,2026-06-01 11:00:00+00:00,229
upstream_data,2026-06-01 12:00:00+00:00,229
upstream_data,2026-06-01 13:00:00+00:00,229
upstream_data,2026-06-01 14:00:00+00:00,231
upstream_data,2026-06-01 15:00:00+00:00,231
upstream_data,2026-06-01 16:00:00+00:00,233
upstream_data,2026-06-01 17:00:00+00:00,233
upstream_data,2026-06-01 18:00:00+00:00,233
upstream_data,2026-06-01 19:00:00+00:00,233
upstream_data,2026-06-01 20:00:00+00:00,233
upstream_data,2026-06-01 21:00:00+00:00,233
upstream_data,2026-06-01 22:00:00+00:00,234
upstream_data,2026-06-01 23:00:00+00:00,234
upstream_data,2026-06-02 00:00:00+00:00,234
upstream_data,2026-06-02 01:00:00+00:00,234
upstream_data,2026-06-02 02:00:00+00:00,234
upstream_data,2026-06-02 03:00:00+00:00,234
upstream_data,2026-06-02 04:00:00+00:00,234
upstream_data,2026-06-02 05:00:00+00:00,234
upstream_data,2026-06-02 06:00:00+00:00,234
upstream_data,2026-06-02 07:00:00+00:00,234
upstream_data,2026-06-02 08:00:00+00:00,234
upstream_data,2026-06-02 09:00:00+00:00,234
upstream_data,2026-06-02 10:00:00+00:00,234
upstream_data,2026-06-02 11:00:00+00:00,234
upstream_data,2026-06-02 12:00:00+00:00,234
upstream_data,2026-06-02 13:00:00+00:00,234
upstream_data,2026-06-02 14:00:00+00:00,234
upstream_data,2026-06-02 15:00:00+00:00,234
upstream_data,2026-06-02 16:00:00+00:00,234
upstream_data,2026-06-02 17:00:00+00:00,234
upstream_data,2026-06-02 18:00:00+00:00,234
upstream_data,2026-06-02 19:00:00+00:00,234
upstream_data,2026-06-02 20:00:00+00:00,234
upstream_data,2026-06-02 21:00:00+00:00,234
upstream_data,2026-06-02 22:00:00+00:00,234
upstream_data,2026-06-02 23:00:00+00:00,234
upstream_data,2026-06-03 00:00:00+00:00,234
upstream_data,2026-06-03 01:00:00+00:00,234
upstream_data,2026-06-03 02:00:00+00:00,234
upstream_data,2026-06-03 03:00:00+00:00,234
upstream_data,2026-06-03 04:00:00+00:00,234
upstream_data,2026-06-03 05:00:00+00:00,234
upstream_data,2026-06-03 06:00:00+00:00,234
upstream_data,2026-06-03 07:00:00+00:00,234
upstream_data,2026-06-03 08:00:00+00:00,234
upstream_data,2026-06-03 09:00:00+00:00,234
upstream_data,2026-06-03 10:00:00+00:00,234
upstream_data,2026-06-03 11:00:00+00:00,234
upstream_data,2026-06-03 12:00:00+00:00,234
upstream_data,2026-06-03 13:00:00+00:00,234
upstream_data,2026-06-03 14:00:00+00:00,234
upstream_data,2026-06-03 15:00:00+00:00,234
upstream_data,2026-06-03 16:00:00+00:00,234
upstream_data,2026-06-03 17:00:00+00:00,234
upstream_data,2026-06-03 18:00:00+00:00,234
upstream_data,2026-06-03 19:00:00+00:00,234
upstream_data,2026-06-03 20:00:00+00:00,234
upstream_data,2026-06-03 21:00:00+00:00,234
upstream_data,2026-06-03 22:00:00+00:00,234
upstream_data,2026-06-03 23:00:00+00:00,234
upstream_data,2026-06-04 00:00:00+00:00,234
upstream_data,2026-06-04 01:00:00+00:00,234
upstream_data,2026-06-04 02:00:00+00:00,234
upstream_data,2026-06-04 03:00:00+00:00,234
upstream_data,2026-06-04 04:00:00+00:00,234
upstream_data,2026-06-04 05:00:00+00:00,234
upstream_data,2026-06-04 06:00:00+00:00,234
upstream_data,2026-06-04 07:00:00+00:00,234
upstream_data,2026-06-04 08:00:00+00:00,234
upstream_data,2026-06-04 09:00:00+00:00,234
upstream_data,2026-06-04 10:00:00+00:00,234
upstream_data,2026-06-04 11:00:00+00:00,234
upstream_data,2026-06-04 12:00:00+00:00,234
upstream_data,2026-06-04 13:00:00+00:00,234
upstream_data,2026-06-04 14:00:00+00:00,234
upstream_data,2026-06-04 15:00:00+00:00,234
upstream_data,2026-06-04 16:00:00+00:00,234
upstream_data,2026-06-04 17:00:00+00:00,235
upstream_data,2026-06-04 18:00:00+00:00,235
upstream_data,2026-06-04 19:00:00+00:00,235
upstream_data,2026-06-04 20:00:00+00:00,235
upstream_data,2026-06-04 21:00:00+00:00,235
upstream_data,2026-06-04 22:00:00+00:00,235
upstream_data,2026-06-04 23:00:00+00:00,235
upstream_data,2026-06-05 00:00:00+00:00,235
upstream_data,2026-06-05 01:00:00+00:00,235
upstream_data,2026-06-05 02:00:00+00:00,235
upstream_data,2026-06-05 03:00:00+00:00,235
upstream_data,2026-06-05 04:00:00+00:00,235
upstream_data,2026-06-05 05:00:00+00:00,235
upstream_data,2026-06-05 06:00:00+00:00,235
upstream_data,2026-06-05 07:00:00+00:00,235
upstream_data,2026-06-05 08:00:00+00:00,235
upstream_data,2026-06-05 09:00:00+00:00,235
upstream_data,2026-06-05 10:00:00+00:00,235
upstream_data,2026-06-05 11:00:00+00:00,235
upstream_data,2026-06-05 12:00:00+00:00,235
upstream_data,2026-06-05 13:00:00+00:00,235
upstream_data,2026-06-05 14:00:00+00:00,235
upstream_data,2026-06-05 15:00:00+00:00,235
upstream_data,2026-06-05 16:00:00+00:00,235
upstream_data,2026-06-05 17:00:00+00:00,235
upstream_data,2026-06-05 18:00:00+00:00,235
upstream_data,2026-06-05 19:00:00+00:00,235
upstream_data,2026-06-05 20:00:00+00:00,235
upstream_data,2026-06-05 21:00:00+00:00,235
upstream_data,2026-06-05 22:00:00+00:00,235
upstream_data,2026-06-05 23:00:00+00:00,235
upstream_data,2026-06-06 00:00:00+00:00,235
upstream_data,2026-06-06 01:00:00+00:00,235
upstream_data,2026-06-06 02:00:00+00:00,235
upstream_data,2026-06-06 03:00:00+00:00,235
upstream_data,2026-06-06 04:00:00+00:00,235
upstream_data,2026-06-06 05:00:00+00:00,235
upstream_data,2026-06-06 06:00:00+00:00,235
upstream_data,2026-06-06 07:00:00+00:00,236
upstream_data,2026-06-06 08:00:00+00:00,236
upstream_data,2026-06-06 09:00:00+00:00,236
upstream_data,2026-06-06 10:00:00+00:00,236
upstream_data,2026-06-06 11:00:00+00:00,236
upstream_data,2026-06-06 12:00:00+00:00,236
upstream_data,2026-06-06 13:00:00+00:00,236
upstream_data,2026-06-06 14:00:00+00:00,236
upstream_data,2026-06-06 15:00:00+00:00,236
upstream_data,2026-06-06 16:00:00+00:00,236
upstream_data,2026-06-06 17:00:00+00:00,236
upstream_data,2026-06-06 18:00:00+00:00,236
upstream_data,2026-06-06 19:00:00+00:00,236
upstream_data,2026-06-06 20:00:00+00:00,236
upstream_data,2026-06-06 21:00:00+00:00,236
upstream_data,2026-06-06 22:00:00+00:00,236
upstream_data,2026-06-06 23:00:00+00:00,237
upstream_data,2026-06-07 00:00:00+00:00,237
upstream_data,2026-06-07 01:00:00+00:00,237
upstream_data,2026-06-07 02:00:00+00:00,237
upstream_data,2026-06-07 03:00:00+00:00,237
upstream_data,2026-06-07 04:00:00+00:00,238
upstream_data,2026-06-07 05:00:00+00:00,241
upstream_data,2026-06-07 06:00:00+00:00,241
upstream_data,2026-06-07 07:00:00+00:00,241
upstream_data,2026-06-07 08:00:00+00:00,241
upstream_data,2026-06-07 09:00:00+00:00,241
upstream_data,2026-06-07 10:00:00+00:00,241
upstream_data,2026-06-07 11:00:00+00:00,241
upstream_data,2026-06-07 12:00:00+00:00,241
upstream_data,2026-06-07 13:00:00+00:00,241
upstream_data,2026-06-07 14:00:00+00:00,241
upstream_data,2026-06-07 15:00:00+00:00,241
upstream_data,2026-06-07 16:00:00+00:00,241
upstream_data,2026-06-07 17:00:00+00:00,241
upstream_data,2026-06-07 18:00:00+00:00,241
upstream_data,2026-06-07 19:00:00+00:00,241
upstream_data,2026-06-07 20:00:00+00:00,242
upstream_data,2026-06-07 21:00:00+00:00,242
upstream_data,2026-06-07 22:00:00+00:00,242
upstream_data,2026-06-07 23:00:00+00:00,242
upstream_data,2026-06-08 00:00:00+00:00,242
upstream_data,2026-06-08 01:00:00+00:00,242
upstream_data,2026-06-08 02:00:00+00:00,242
upstream_data,2026-06-08 03:00:00+00:00,246
upstream_data,2026-06-08 04:00:00+00:00,251
upstream_data,2026-06-08 05:00:00+00:00,251
upstream_data,2026-06-08 06:00:00+00:00,251
upstream_data,2026-06-08 07:00:00+00:00,251
upstream_data,2026-06-08 08:00:00+00:00,251
upstream_data,2026-06-08 09:00:00+00:00,251
upstream_data,2026-06-08 10:00:00+00:00,251
upstream_data,2026-06-08 11:00:00+00:00,251
upstream_data,2026-06-08 12:00:00+00:00,251
upstream_data,2026-06-08 13:00:00+00:00,251
upstream_data,2026-06-08 14:00:00+00:00,251
upstream_data,2026-06-08 15:00:00+00:00,251
upstream_data,2026-06-08 16:00:00+00:00,251
upstream_data,2026-06-08 17:00:00+00:00,251
upstream_data,2026-06-08 18:00:00+00:00,251
upstream_data,2026-06-08 19:00:00+00:00,251
upstream_data,2026-06-08 20:00:00+00:00,251
upstream_data,2026-06-08 21:00:00+00:00,251
upstream_data,2026-06-08 22:00:00+00:00,251
upstream_data,2026-06-08 23:00:00+00:00,251
upstream_data,2026-06-09 00:00:00+00:00,251
upstream_data,2026-06-09 01:00:00+00:00,251
upstream_data,2026-06-09 02:00:00+00:00,251
upstream_data,2026-06-09 03:00:00+00:00,251
upstream_data,2026-06-09 04:00:00+00:00,251
upstream_data,2026-06-09 05:00:00+00:00,251
upstream_data,2026-06-09 06:00:00+00:00,251
upstream_data,2026-06-09 07:00:00+00:00,251
upstream_data,2026-06-09 08:00:00+00:00,251
upstream_data,2026-06-09 09:00:00+00:00,251
upstream_data,2026-06-09 10:00:00+00:00,251
upstream_data,2026-06-09 11:00:00+00:00,251
upstream_data,2026-06-09 12:00:00+00:00,251
upstream_data,2026-06-09 13:00:00+00:00,251
upstream_data,2026-06-09 14:00:00+00:00,251
upstream_data,2026-06-09 15:00:00+00:00,251
upstream_data,2026-06-09 16:00:00+00:00,251
upstream_data,2026-06-09 17:00:00+00:00,251
upstream_data,2026-06-09 18:00:00+00:00,251
upstream_data,2026-06-09 19:00:00+00:00,251
upstream_data,2026-06-09 20:00:00+00:00,251
upstream_data,2026-06-09 21:00:00+00:00,251
upstream_data,2026-06-09 22:00:00+00:00,251
upstream_data,2026-06-09 23:00:00+00:00,251
upstream_data,2026-06-10 00:00:00+00:00,251
upstream_data,2026-06-10 01:00:00+00:00,251
upstream_data,2026-06-10 02:00:00+00:00,251
upstream_data,2026-06-10 03:00:00+00:00,251
upstream_data,2026-06-10 04:00:00+00:00,251
upstream_data,2026-06-10 05:00:00+00:00,251
upstream_data,2026-06-10 06:00:00+00:00,251
upstream_data,2026-06-10 07:00:00+00:00,251
upstream_data,2026-06-10 08:00:00+00:00,251
upstream_data,2026-06-10 09:00:00+00:00,251
upstream_data,2026-06-10 10:00:00+00:00,251
upstream_data,2026-06-10 11:00:00+00:00,251
upstream_data,2026-06-10 12:00:00+00:00,251
upstream_data,2026-06-10 13:00:00+00:00,251
upstream_data,2026-06-10 14:00:00+00:00,251
upstream_data,2026-06-10 15:00:00+00:00,251
upstream_data,2026-06-10 16:00:00+00:00,251
upstream_data,2026-06-10 17:00:00+00:00,251
upstream_data,2026-06-10 18:00:00+00:00,251
upstream_data,2026-06-10 19:00:00+00:00,251
upstream_data,2026-06-10 20:00:00+00:00,251
upstream_data,2026-06-10 21:00:00+00:00,251
upstream_data,2026-06-10 22:00:00+00:00,251
upstream_data,2026-06-10 23:00:00+00:00,251
upstream_data,2026-06-11 00:00:00+00:00,251
upstream_data,2026-06-11 01:00:00+00:00,251
upstream_data,2026-06-11 02:00:00+00:00,251
upstream_data,2026-06-11 03:00:00+00:00,253
upstream_data,2026-06-11 04:00:00+00:00,253
upstream_data,2026-06-11 05:00:00+00:00,253
upstream_data,2026-06-11 06:00:00+00:00,254
upstream_data,2026-06-11 07:00:00+00:00,254
upstream_data,2026-06-11 08:00:00+00:00,254
upstream_data,2026-06-11 09:00:00+00:00,255
upstream_data,2026-06-11 10:00:00+00:00,255
upstream_data,2026-06-11 11:00:00+00:00,255
upstream_data,2026-06-11 12:00:00+00:00,255
upstream_data,2026-06-11 13:00:00+00:00,260
upstream_data,2026-06-11 14:00:00+00:00,267
upstream_data,2026-06-11 15:00:00+00:00,268
upstream_data,2026-06-11 16:00:00+00:00,268
upstream_data,2026-06-11 17:00:00+00:00,272
upstream_data,2026-06-11 18:00:00+00:00,272
upstream_data,2026-06-11 19:00:00+00:00,272
upstream_data,2026-06-11 20:00:00+00:00,272
upstream_data,2026-06-11 21:00:00+00:00,272
upstream_data,2026-06-11 22:00:00+00:00,272
upstream_data,2026-06-11 23:00:00+00:00,272
upstream_data,2026-06-12 00:00:00+00:00,272
upstream_data,2026-06-12 01:00:00+00:00,272
upstream_data,2026-06-12 02:00:00+00:00,272
upstream_data,2026-06-12 03:00:00+00:00,272
upstream_data,2026-06-12 04:00:00+00:00,272
upstream_data,2026-06-12 05:00:00+00:00,272
upstream_data,2026-06-12 06:00:00+00:00,272
upstream_data,2026-06-12 07:00:00+00:00,272
upstream_data,2026-06-12 08:00:00+00:00,272
upstream_data,2026-06-12 09:00:00+00:00,272
upstream_data,2026-06-12 10:00:00+00:00,272
upstream_data,2026-06-12 11:00:00+00:00,272
upstream_data,2026-06-12 12:00:00+00:00,272
upstream_data,2026-06-12 13:00:00+00:00,272
upstream_data,2026-06-12 14:00:00+00:00,272
upstream_data,2026-06-12 15:00:00+00:00,272
upstream_data,2026-06-12 16:00:00+00:00,272
upstream_data,2026-06-12 17:00:00+00:00,272
upstream_data,2026-06-12 18:00:00+00:00,272
upstream_data,2026-06-12 19:00:00+00:00,272
upstream_data,2026-06-12 20:00:00+00:00,272
upstream_data,2026-06-12 21:00:00+00:00,272
upstream_data,2026-06-12 22:00:00+00:00,272
upstream_data,2026-06-12 23:00:00+00:00,272
upstream_data,2026-06-13 00:00:00+00:00,272
upstream_data,2026-06-13 01:00:00+00:00,272
upstream_data,2026-06-13 02:00:00+00:00,272
upstream_data,2026-06-13 03:00:00+00:00,272
upstream_data,2026-06-13 04:00:00+00:00,272
upstream_data,2026-06-13 05:00:00+00:00,272
upstream_data,2026-06-13 06:00:00+00:00,272
upstream_data,2026-06-13 07:00:00+00:00,272
upstream_data,2026-06-13 08:00:00+00:00,272
upstream_data,2026-06-13 09:00:00+00:00,272
upstream_data,2026-06-13 10:00:00+00:00,272
upstream_data,2026-06-13 11:00:00+00:00,272
upstream_data,2026-06-13 12:00:00+00:00,272
upstream_data,2026-06-13 13:00:00+00:00,272
upstream_data,2026-06-13 14:00:00+00:00,272
upstream_data,2026-06-13 15:00:00+00:00,272
upstream_data,2026-06-13 16:00:00+00:00,272
upstream_data,2026-06-13 17:00:00+00:00,272
upstream_data,2026-06-13 18:00:00+00:00,272
upstream_data,2026-06-13 19:00:00+00:00,272
upstream_data,2026-06-13 20:00:00+00:00,272
upstream_data,2026-06-13 21:00:00+00:00,272
upstream_data,2026-06-13 22:00:00+00:00,272
upstream_data,2026-06-13 23:00:00+00:00,272
upstream_data,2026-06-14 00:00:00+00:00,272
upstream_data,2026-06-14 01:00:00+00:00,272
upstream_data,2026-06-14 02:00:00+00:00,272
upstream_data,2026-06-14 03:00:00+00:00,272
upstream_data,2026-06-14 04:00:00+00:00,272
upstream_data,2026-06-14 05:00:00+00:00,272
upstream_data,2026-06-14 06:00:00+00:00,272
upstream_data,2026-06-14 07:00:00+00:00,272
upstream_data,2026-06-14 08:00:00+00:00,272
upstream_data,2026-06-14 09:00:00+00:00,272
upstream_data,2026-06-14 10:00:00+00:00,272
upstream_data,2026-06-14 11:00:00+00:00,272
upstream_data,2026-06-14 12:00:00+00:00,272
upstream_data,2026-06-14 13:00:00+00:00,272
upstream_data,2026-06-14 14:00:00+00:00,272
upstream_data,2026-06-14 15:00:00+00:00,272
upstream_data,2026-06-14 16:00:00+00:00,272
upstream_data,2026-06-14 17:00:00+00:00,272
upstream_data,2026-06-14 18:00:00+00:00,272
upstream_data,2026-06-14 19:00:00+00:00,272
upstream_data,2026-06-14 20:00:00+00:00,272
upstream_data,2026-06-14 21:00:00+00:00,272
upstream_data,2026-06-14 22:00:00+00:00,272
upstream_data,2026-06-14 23:00:00+00:00,272
upstream_data,2026-06-15 00:00:00+00:00,272
upstream_data,2026-06-15 01:00:00+00:00,272
upstream_data,2026-06-15 02:00:00+00:00,272
upstream_data,2026-06-15 03:00:00+00:00,272
upstream_data,2026-06-15 04:00:00+00:00,272
upstream_data,2026-06-15 05:00:00+00:00,272
upstream_data,2026-06-15 06:00:00+00:00,272
upstream_data,2026-06-15 07:00:00+00:00,272
upstream_data,2026-06-15 08:00:00+00:00,272
upstream_data,2026-06-15 09:00:00+00:00,272
upstream_data,2026-06-15 10:00:00+00:00,272
upstream_data,2026-06-15 11:00:00+00:00,272
upstream_data,2026-06-15 12:00:00+00:00,272
upstream_data,2026-06-15 13:00:00+00:00,272
upstream_data,2026-06-15 14:00:00+00:00,272
upstream_data,2026-06-15 15:00:00+00:00,272
upstream_data,2026-06-15 16:00:00+00:00,272
upstream_data,2026-06-15 17:00:00+00:00,272
upstream_data,2026-06-15 18:00:00+00:00,272
upstream_data,2026-06-15 19:00:00+00:00,272
upstream_data,2026-06-15 20:00:00+00:00,272
upstream_data,2026-06-15 21:00:00+00:00,272
upstream_data,2026-06-15 22:00:00+00:00,272
upstream_data,2026-06-15 23:00:00+00:00,272
upstream_data,2026-06-16 00:00:00+00:00,272
upstream_data,2026-06-16 01:00:00+00:00,272
upstream_data,2026-06-16 02:00:00+00:00,272
upstream_data,2026-06-16 03:00:00+00:00,272
upstream_data,2026-06-16 04:00:00+00:00,272
upstream_data,2026-06-16 05:00:00+00:00,272
upstream_data,2026-06-16 06:00:00+00:00,272
upstream_data,2026-06-16 07:00:00+00:00,289
upstream_data,2026-06-16 08:00:00+00:00,305
upstream_data,2026-06-16 09:00:00+00:00,329
upstream_data,2026-06-16 10:00:00+00:00,338
upstream_data,2026-06-16 11:00:00+00:00,339
upstream_data,2026-06-16 12:00:00+00:00,344
upstream_data,2026-06-16 13:00:00+00:00,344
upstream_data,2026-06-16 14:00:00+00:00,345
upstream_data,2026-06-16 15:00:00+00:00,345
upstream_data,2026-06-16 16:00:00+00:00,345
upstream_data,2026-06-16 17:00:00+00:00,346
upstream_data,2026-06-16 18:00:00+00:00,453
upstream_data,2026-06-16 19:00:00+00:00,604
upstream_data,2026-06-16 20:00:00+00:00,653
upstream_data,2026-06-16 21:00:00+00:00,675
upstream_data,2026-06-16 22:00:00+00:00,685
upstream_data,2026-06-16 23:00:00+00:00,685
upstream_data,2026-06-17 00:00:00+00:00,702
upstream_data,2026-06-17 01:00:00+00:00,730
upstream_data,2026-06-17 02:00:00+00:00,744
upstream_data,2026-06-17 03:00:00+00:00,749
upstream_data,2026-06-17 04:00:00+00:00,750
upstream_data,2026-06-17 05:00:00+00:00,751
upstream_data,2026-06-17 06:00:00+00:00,765
upstream_data,2026-06-17 07:00:00+00:00,780
upstream_data,2026-06-17 08:00:00+00:00,789
upstream_data,2026-06-17 09:00:00+00:00,793
upstream_data,2026-06-17 10:00:00+00:00,793
upstream_data,2026-06-17 11:00:00+00:00,794
upstream_data,2026-06-17 12:00:00+00:00,795
upstream_data,2026-06-17 13:00:00+00:00,795
upstream_data,2026-06-17 14:00:00+00:00,795
upstream_data,2026-06-17 15:00:00+00:00,801
upstream_data,2026-06-17 16:00:00+00:00,820
upstream_data,2026-06-17 17:00:00+00:00,825
upstream_data,2026-06-17 18:00:00+00:00,829
upstream_data,2026-06-17 19:00:00+00:00,832
upstream_data,2026-06-17 20:00:00+00:00,834
upstream_data,2026-06-17 21:00:00+00:00,835
upstream_data,2026-06-17 22:00:00+00:00,835
upstream_data,2026-06-17 23:00:00+00:00,837
upstream_data,2026-06-18 00:00:00+00:00,838
upstream_data,2026-06-18 01:00:00+00:00,838
upstream_data,2026-06-18 02:00:00+00:00,838
upstream_data,2026-06-18 03:00:00+00:00,838
upstream_data,2026-06-18 04:00:00+00:00,838
upstream_data,2026-06-18 05:00:00+00:00,839
upstream_data,2026-06-18 06:00:00+00:00,839
upstream_data,2026-06-18 07:00:00+00:00,839
upstream_data,2026-06-18 08:00:00+00:00,839
upstream_data,2026-06-18 09:00:00+00:00,839
upstream_data,2026-06-18 10:00:00+00:00,840
upstream_data,2026-06-18 11:00:00+00:00,841
upstream_data,2026-06-18 12:00:00+00:00,841
upstream_data,2026-06-18 13:00:00+00:00,842
upstream_data,2026-06-18 14:00:00+00:00,843
upstream_data,2026-06-18 15:00:00+00:00,875
upstream_data,2026-06-18 16:00:00+00:00,911
upstream_data,2026-06-18 17:00:00+00:00,979
upstream_data,2026-06-18 18:00:00+00:00,1152
upstream_data,2026-06-18 19:00:00+00:00,1320
upstream_data,2026-06-18 20:00:00+00:00,1435
upstream_data,2026-06-18 21:00:00+00:00,1459
upstream_data,2026-06-18 22:00:00+00:00,1459
upstream_data,2026-06-18 23:00:00+00:00,1459
upstream_data,2026-06-19 00:00:00+00:00,1461
upstream_data,2026-06-19 01:00:00+00:00,1464
upstream_data,2026-06-19 02:00:00+00:00,1464
upstream_data,2026-06-19 03:00:00+00:00,1470
upstream_data,2026-06-19 04:00:00+00:00,1470
upstream_data,2026-06-19 05:00:00+00:00,1472
upstream_data,2026-06-19 06:00:00+00:00,1472
upstream_data,2026-06-19 07:00:00+00:00,1472
upstream_data,2026-06-19 08:00:00+00:00,1472
upstream_data,2026-06-19 09:00:00+00:00,1472
upstream_data,2026-06-19 10:00:00+00:00,1472
upstream_data,2026-06-19 11:00:00+00:00,1473
upstream_data,2026-06-19 12:00:00+00:00,1483
upstream_data,2026-06-19 13:00:00+00:00,1484
upstream_data,2026-06-19 14:00:00+00:00,1485
upstream_data,2026-06-19 15:00:00+00:00,1486
upstream_data,2026-06-19 16:00:00+00:00,1488
upstream_data,2026-06-19 17:00:00+00:00,1490
upstream_data,2026-06-19 18:00:00+00:00,1491
upstream_data,2026-06-19 19:00:00+00:00,1494
upstream_data,2026-06-19 20:00:00+00:00,1502
upstream_data,2026-06-19 21:00:00+00:00,1503
upstream_data,2026-06-19 22:00:00+00:00,1503
upstream_data,2026-06-19 23:00:00+00:00,1505
upstream_data,2026-06-20 00:00:00+00:00,1509
upstream_data,2026-06-20 01:00:00+00:00,1510
upstream_data,2026-06-20 02:00:00+00:00,1510
upstream_data,2026-06-20 03:00:00+00:00,1514
upstream_data,2026-06-20 04:00:00+00:00,1517
upstream_data,2026-06-20 05:00:00+00:00,1523
upstream_data,2026-06-20 06:00:00+00:00,1528
upstream_data,2026-06-20 07:00:00+00:00,1528
upstream_data,2026-06-20 08:00:00+00:00,1528
upstream_data,2026-06-20 09:00:00+00:00,1529
upstream_data,2026-06-20 10:00:00+00:00,1531
upstream_data,2026-06-20 11:00:00+00:00,1533
upstream_data,2026-06-20 12:00:00+00:00,1533
upstream_data,2026-06-20 13:00:00+00:00,1533
upstream_data,2026-06-20 14:00:00+00:00,1534
upstream_data,2026-06-20 15:00:00+00:00,1534
upstream_data,2026-06-20 16:00:00+00:00,1534
upstream_data,2026-06-20 17:00:00+00:00,1536
upstream_data,2026-06-20 18:00:00+00:00,1536
upstream_data,2026-06-20 19:00:00+00:00,1539
upstream_data,2026-06-20 20:00:00+00:00,1540
upstream_data,2026-06-20 21:00:00+00:00,1542
upstream_data,2026-06-20 22:00:00+00:00,1542
upstream_data,2026-06-20 23:00:00+00:00,1542
upstream_data,2026-06-21 00:00:00+00:00,1542
upstream_data,2026-06-21 01:00:00+00:00,1545
upstream_data,2026-06-21 02:00:00+00:00,1546
upstream_data,2026-06-21 03:00:00+00:00,1554
upstream_data,2026-06-21 04:00:00+00:00,1554
upstream_data,2026-06-21 05:00:00+00:00,1555
upstream_data,2026-06-21 06:00:00+00:00,1557
upstream_data,2026-06-21 07:00:00+00:00,1559
upstream_data,2026-06-21 08:00:00+00:00,1560
upstream_data,2026-06-21 09:00:00+00:00,1560
upstream_data,2026-06-21 10:00:00+00:00,1562
upstream_data,2026-06-21 11:00:00+00:00,1566
upstream_data,2026-06-21 12:00:00+00:00,1569
upstream_data,2026-06-21 13:00:00+00:00,1572
upstream_data,2026-06-21 14:00:00+00:00,1572
upstream_data,2026-06-21 15:00:00+00:00,1572
upstream_data,2026-06-21 16:00:00+00:00,1574
upstream_data,2026-06-21 17:00:00+00:00,1580
upstream_data,2026-06-21 18:00:00+00:00,1584
upstream_data,2026-06-21 19:00:00+00:00,1584
upstream_data,2026-06-21 20:00:00+00:00,1584
upstream_data,2026-06-21 21:00:00+00:00,1584
upstream_data,2026-06-21 22:00:00+00:00,1584
upstream_data,2026-06-21 23:00:00+00:00,1590
upstream_data,2026-06-22 00:00:00+00:00,1600
upstream_data,2026-06-22 01:00:00+00:00,1600
upstream_data,2026-06-22 02:00:00+00:00,1727
upstream_data,2026-06-22 03:00:00+00:00,1736
upstream_data,2026-06-22 04:00:00+00:00,1736
upstream_data,2026-06-22 05:00:00+00:00,1736
upstream_data,2026-06-22 06:00:00+00:00,1752
upstream_data,2026-06-22 07:00:00+00:00,1752
upstream_data,2026-06-22 08:00:00+00:00,1857
upstream_data,2026-06-22 09:00:00+00:00,1859
upstream_data,2026-06-22 10:00:00+00:00,1859
upstream_data,2026-06-22 11:00:00+00:00,1859
upstream_data,2026-06-22 12:00:00+00:00,1859
upstream_data,2026-06-22 13:00:00+00:00,1859
upstream_data,2026-06-22 14:00:00+00:00,1859
upstream_data,2026-06-22 15:00:00+00:00,1859
upstream_data,2026-06-22 16:00:00+00:00,1859
upstream_data,2026-06-22 17:00:00+00:00,1859
upstream_data,2026-06-22 18:00:00+00:00,1859
upstream_data,2026-06-22 19:00:00+00:00,1859
upstream_data,2026-06-22 20:00:00+00:00,1859
upstream_data,2026-06-22 21:00:00+00:00,1859
upstream_data,2026-06-22 22:00:00+00:00,1859
upstream_data,2026-06-22 23:00:00+00:00,1859
upstream_data,2026-06-23 00:00:00+00:00,1859
upstream_data,2026-06-23 01:00:00+00:00,1859
upstream_data,2026-06-23 02:00:00+00:00,1859
upstream_data,2026-06-23 03:00:00+00:00,1859
upstream_data,2026-06-23 04:00:00+00:00,1859
upstream_data,2026-06-23 05:00:00+00:00,1859
upstream_data,2026-06-23 06:00:00+00:00,1859
upstream_data,2026-06-23 07:00:00+00:00,1859
upstream_data,2026-06-23 08:00:00+00:00,1859
upstream_data,2026-06-23 09:00:00+00:00,1859
upstream_data,2026-06-23 10:00:00+00:00,1859
upstream_data,2026-06-23 11:00:00+00:00,1859
upstream_data,2026-06-23 12:00:00+00:00,1859
upstream_data,2026-06-23 13:00:00+00:00,1859
upstream_data,2026-06-23 14:00:00+00:00,1859
upstream_data,2026-06-23 15:00:00+00:00,1859
upstream_data,2026-06-23 16:00:00+00:00,1859
upstream_data,2026-06-23 17:00:00+00:00,1859
upstream_data,2026-06-23 18:00:00+00:00,1859
upstream_data,2026-06-23 19:00:00+00:00,1859
upstream_data,2026-06-23 20:00:00+00:00,1859
upstream_data,2026-06-23 21:00:00+00:00,1859
upstream_data,2026-06-23 22:00:00+00:00,1859
upstream_data,2026-06-23 23:00:00+00:00,1859
upstream_data,2026-06-24 00:00:00+00:00,1859
upstream_data,2026-06-24 01:00:00+00:00,1859
upstream_data,2026-06-24 02:00:00+00:00,1859
upstream_data,2026-06-24 03:00:00+00:00,1859
upstream_data,2026-06-24 04:00:00+00:00,1859
upstream_data,2026-06-24 05:00:00+00:00,1859
upstream_data,2026-06-24 06:00:00+00:00,1859
upstream_data,2026-06-24 07:00:00+00:00,1859
upstream_data,2026-06-24 08:00:00+00:00,1859
upstream_data,2026-06-24 09:00:00+00:00,1859
upstream_data,2026-06-24 10:00:00+00:00,1859
upstream_data,2026-06-24 11:00:00+00:00,1859
upstream_data,2026-06-24 12:00:00+00:00,1859
upstream_data,2026-06-24 13:00:00+00:00,1859
upstream_data,2026-06-24 14:00:00+00:00,1859
upstream_data,2026-06-24 15:00:00+00:00,1859
upstream_data,2026-06-24 16:00:00+00:00,1859
upstream_data,2026-06-24 17:00:00+00:00,1859
upstream_data,2026-06-24 18:00:00+00:00,1859
upstream_data,2026-06-24 19:00:00+00:00,1859
upstream_data,2026-06-24 20:00:00+00:00,1859
upstream_data,2026-06-24 21:00:00+00:00,1859
upstream_data,2026-06-24 22:00:00+00:00,1859
upstream_data,2026-06-24 23:00:00+00:00,1859
upstream_data,2026-06-25 00:00:00+00:00,1859
upstream_data,2026-06-25 01:00:00+00:00,1859
upstream_data,2026-06-25 02:00:00+00:00,1859
upstream_data,2026-06-25 03:00:00+00:00,1859
upstream_data,2026-06-25 04:00:00+00:00,1859
upstream_data,2026-06-25 05:00:00+00:00,1859
upstream_data,2026-06-25 06:00:00+00:00,1859
upstream_data,2026-06-25 07:00:00+00:00,1859
upstream_data,2026-06-25 08:00:00+00:00,1859
upstream_data,2026-06-25 09:00:00+00:00,1859
upstream_data,2026-06-25 10:00:00+00:00,1859
upstream_data,2026-06-25 11:00:00+00:00,1859
upstream_data,2026-06-25 12:00:00+00:00,1859
upstream_data,2026-06-25 13:00:00+00:00,1859
upstream_data,2026-06-25 14:00:00+00:00,1859
upstream_data,2026-06-25 15:00:00+00:00,1859
upstream_data,2026-06-25 16:00:00+00:00,1859
upstream_data,2026-06-25 17:00:00+00:00,1859
upstream_data,2026-06-25 18:00:00+00:00,1859
upstream_data,2026-06-25 19:00:00+00:00,1859
upstream_data,2026-06-25 20:00:00+00:00,1859
upstream_data,2026-06-25 21:00:00+00:00,1859
upstream_data,2026-06-25 22:00:00+00:00,1859
upstream_data,2026-06-25 23:00:00+00:00,1859
upstream_data,2026-06-26 00:00:00+00:00,1859
upstream_data,2026-06-26 01:00:00+00:00,1859
upstream_data,2026-06-26 02:00:00+00:00,1859
upstream_data,2026-06-26 03:00:00+00:00,1859
upstream_data,2026-06-26 04:00:00+00:00,1859
upstream_data,2026-06-26 05:00:00+00:00,1859
upstream_data,2026-06-26 06:00:00+00:00,1859
upstream_data,2026-06-26 07:00:00+00:00,1859
upstream_data,2026-06-26 08:00:00+00:00,1859
upstream_data,2026-06-26 09:00:00+00:00,1859
upstream_data,2026-06-26 10:00:00+00:00,1859
upstream_data,2026-06-26 11:00:00+00:00,1859
upstream_data,2026-06-26 12:00:00+00:00,1859
upstream_data,2026-06-26 13:00:00+00:00,1859
upstream_data,2026-06-26 14:00:00+00:00,1859
upstream_data,2026-06-26 15:00:00+00:00,1859
upstream_data,2026-06-26 16:00:00+00:00,1859
upstream_data,2026-06-26 17:00:00+00:00,1859
upstream_data,2026-06-26 18:00:00+00:00,1859
upstream_data,2026-06-26 19:00:00+00:00,1859
upstream_data,2026-06-26 20:00:00+00:00,1859
upstream_data,2026-06-26 21:00:00+00:00,1859
upstream_data,2026-06-26 22:00:00+00:00,1859
upstream_data,2026-06-26 23:00:00+00:00,1859
upstream_data,2026-06-27 00:00:00+00:00,1859
upstream_data,2026-06-27 01:00:00+00:00,1859
upstream_data,2026-06-27 02:00:00+00:00,1859
upstream_data,2026-06-27 03:00:00+00:00,1859
upstream_data,2026-06-27 04:00:00+00:00,1859
upstream_data,2026-06-27 05:00:00+00:00,1859
upstream_data,2026-06-27 06:00:00+00:00,1859
upstream_data,2026-06-27 07:00:00+00:00,1859
upstream_data,2026-06-27 08:00:00+00:00,1859
upstream_data,2026-06-27 09:00:00+00:00,1859
upstream_data,2026-06-27 10:00:00+00:00,1859
upstream_data,2026-06-27 11:00:00+00:00,1859
upstream_data,2026-06-27 12:00:00+00:00,1859
upstream_data,2026-06-27 13:00:00+00:00,1859
upstream_data,2026-06-27 14:00:00+00:00,1859
upstream_data,2026-06-27 15:00:00+00:00,1859
upstream_data,2026-06-27 16:00:00+00:00,1859
upstream_data,2026-06-27 17:00:00+00:00,1859
upstream_data,2026-06-27 18:00:00+00:00,1859
upstream_data,2026-06-27 19:00:00+00:00,1859
upstream_data,2026-06-27 20:00:00+00:00,1859
upstream_data,2026-06-27 21:00:00+00:00,1859
upstream_data,2026-06-27 22:00:00+00:00,1859
upstream_data,2026-06-27 23:00:00+00:00,1859
upstream_data,2026-06-28 00:00:00+00:00,1859
upstream_data,2026-06-28 01:00:00+00:00,1859
upstream_data,2026-06-28 02:00:00+00:00,1859
upstream_data,2026-06-28 03:00:00+00:00,1859
upstream_data,2026-06-28 04:00:00+00:00,1859
upstream_data,2026-06-28 05:00:00+00:00,1859
upstream_data,2026-06-28 06:00:00+00:00,1859
upstream_data,2026-06-28 07:00:00+00:00,1859
upstream_data,2026-06-28 08:00:00+00:00,1859
upstream_data,2026-06-28 09:00:00+00:00,1859
upstream_data,2026-06-28 10:00:00+00:00,1859
upstream_data,2026-06-28 11:00:00+00:00,1859
upstream_data,2026-06-28 12:00:00+00:00,1859
upstream_data,2026-06-28 13:00:00+00:00,1859
upstream_data,2026-06-28 14:00:00+00:00,1859
upstream_data,2026-06-28 15:00:00+00:00,1859
upstream_data,2026-06-28 16:00:00+00:00,1859
upstream_data,2026-06-28 17:00:00+00:00,1859
upstream_data,2026-06-28 18:00:00+00:00,1859
upstream_data,2026-06-28 19:00:00+00:00,1859
upstream_data,2026-06-28 20:00:00+00:00,1859
upstream_data,2026-06-28 21:00:00+00:00,1859
upstream_data,2026-06-28 22:00:00+00:00,1859
upstream_data,2026-06-28 23:00:00+00:00,1859
upstream_data,2026-06-29 00:00:00+00:00,1859
upstream_data,2026-06-29 01:00:00+00:00,1859
upstream_data,2026-06-29 02:00:00+00:00,1859
upstream_data,2026-06-29 03:00:00+00:00,1859
upstream_data,2026-06-29 04:00:00+00:00,1859
upstream_data,2026-06-29 05:00:00+00:00,1859
upstream_data,2026-06-29 06:00:00+00:00,1859
upstream_data,2026-06-29 07:00:00+00:00,1859
upstream_data,2026-06-29 08:00:00+00:00,1859
upstream_data,2026-06-29 09:00:00+00:00,1859
upstream_data,2026-06-29 10:00:00+00:00,1859
upstream_data,2026-06-29 11:00:00+00:00,1859
upstream_data,2026-06-29 12:00:00+00:00,1859
upstream_data,2026-06-29 13:00:00+00:00,1859
upstream_data,2026-06-29 14:00:00+00:00,1859
upstream_data,2026-06-29 15:00:00+00:00,1859
upstream_data,2026-06-29 16:00:00+00:00,1859
upstream_data,2026-06-29 17:00:00+00:00,1859
upstream_data,2026-06-29 18:00:00+00:00,1859
upstream_data,2026-06-29 19:00:00+00:00,1859
upstream_data,2026-06-29 20:00:00+00:00,1859
upstream_data,2026-06-29 21:00:00+00:00,1859
upstream_data,2026-06-29 22:00:00+00:00,1859
upstream_data,2026-06-29 23:00:00+00:00,1859
upstream_data,2026-06-30 00:00:00+00:00,1859
upstream_data,2026-06-30 01:00:00+00:00,1859
upstream_data,2026-06-30 02:00:00+00:00,1859
upstream_data,2026-06-30 03:00:00+00:00,1859
upstream_data,2026-06-30 04:00:00+00:00,1859
upstream_data,2026-06-30 05:00:00+00:00,1859
upstream_data,2026-06-30 06:00:00+00:00,1859
upstream_data,2026-06-30 07:00:00+00:00,1859
upstream_data,2026-06-30 08:00:00+00:00,1859
upstream_data,2026-06-30 09:00:00+00:00,1859
upstream_data,2026-06-30 10:00:00+00:00,1859
upstream_data,2026-06-30 11:00:00+00:00,1859
upstream_data,2026-06-30 12:00:00+00:00,1859
upstream_data,2026-06-30 13:00:00+00:00,1859
upstream_data,2026-06-30 14:00:00+00:00,1859
upstream_data,2026-06-30 15:00:00+00:00,1859
upstream_data,2026-06-30 16:00:00+00:00,1859
upstream_data,2026-06-30 17:00:00+00:00,1859
upstream_data,2026-06-30 18:00:00+00:00,1859
upstream_data,2026-06-30 19:00:00+00:00,1859
upstream_data,2026-06-30 20:00:00+00:00,1859
upstream_data,2026-06-30 21:00:00+00:00,1859
upstream_data,2026-06-30 22:00:00+00:00,1859
upstream_data,2026-06-30 23:00:00+00:00,1859
upstream_data,2026-07-01 00:00:00+00:00,1861
upstream_data,2026-07-01 01:00:00+00:00,1861
upstream_data,2026-07-01 02:00:00+00:00,1861
upstream_data,2026-07-01 03:00:00+00:00,1861
upstream_data,2026-07-01 04:00:00+00:00,1861
upstream_data,2026-07-01 05:00:00+00:00,1861
upstream_data,2026-07-01 06:00:00+00:00,1861
upstream_data,2026-07-01 07:00:00+00:00,1861
upstream_data,2026-07-01 08:00:00+00:00,1861
upstream_data,2026-07-01 09:00:00+00:00,1861
upstream_data,2026-07-01 10:00:00+00:00,1861
upstream_data,2026-07-01 11:00:00+00:00,1861
upstream_data,2026-07-01 12:00:00+00:00,1861
upstream_data,2026-07-01 13:00:00+00:00,1861
upstream_data,2026-07-01 14:00:00+00:00,1861
upstream_data,2026-07-01 15:00:00+00:00,1861
upstream_data,2026-07-01 16:00:00+00:00,1861
upstream_data,2026-07-01 17:00:00+00:00,1861
upstream_data,2026-07-01 18:00:00+00:00,1861
upstream_data,2026-07-01 19:00:00+00:00,1861
upstream_data,2026-07-01 20:00:00+00:00,1861
upstream_data,2026-07-01 21:00:00+00:00,1861
upstream_data,2026-07-01 22:00:00+00:00,1861
upstream_data,2026-07-01 23:00:00+00:00,1861
upstream_data,2026-07-02 00:00:00+00:00,1861
upstream_data,2026-07-02 01:00:00+00:00,1861
upstream_data,2026-07-02 02:00:00+00:00,1861
upstream_data,2026-07-02 03:00:00+00:00,1861
upstream_data,2026-07-02 04:00:00+00:00,1861
upstream_data,2026-07-02 05:00:00+00:00,1861
upstream_data,2026-07-02 06:00:00+00:00,1861
upstream_data,2026-07-02 07:00:00+00:00,1861
upstream_data,2026-07-02 08:00:00+00:00,1861
upstream_data,2026-07-02 09:00:00+00:00,1861
upstream_data,2026-07-02 10:00:00+00:00,1861
upstream_data,2026-07-02 11:00:00+00:00,1861
upstream_data,2026-07-02 12:00:00+00:00,1861
upstream_data,2026-07-02 13:00:00+00:00,1861
upstream_data,2026-07-02 14:00:00+00:00,1861
upstream_data,2026-07-02 15:00:00+00:00,1863
upstream_data,2026-07-02 16:00:00+00:00,1866
upstream_data,2026-07-02 17:00:00+00:00,1868
url_shortener,2026-05-24 06:00:00+00:00,0
url_shortener,2026-05-24 07:00:00+00:00,0
url_shortener,2026-05-24 08:00:00+00:00,0
url_shortener,2026-05-24 09:00:00+00:00,0
url_shortener,2026-05-24 10:00:00+00:00,0
url_shortener,2026-05-24 11:00:00+00:00,0
url_shortener,2026-05-24 12:00:00+00:00,0
url_shortener,2026-05-24 13:00:00+00:00,0
url_shortener,2026-05-24 14:00:00+00:00,0
url_shortener,2026-05-24 15:00:00+00:00,0
url_shortener,2026-05-24 16:00:00+00:00,0
url_shortener,2026-05-24 17:00:00+00:00,0
url_shortener,2026-05-24 18:00:00+00:00,0
url_shortener,2026-05-24 19:00:00+00:00,0
url_shortener,2026-05-24 20:00:00+00:00,0
url_shortener,2026-05-24 21:00:00+00:00,0
url_shortener,2026-05-24 22:00:00+00:00,0
url_shortener,2026-05-24 23:00:00+00:00,0
url_shortener,2026-05-25 00:00:00+00:00,0
url_shortener,2026-05-25 01:00:00+00:00,0
url_shortener,2026-05-25 02:00:00+00:00,0
url_shortener,2026-05-25 03:00:00+00:00,0
url_shortener,2026-05-25 04:00:00+00:00,0
url_shortener,2026-05-25 05:00:00+00:00,0
url_shortener,2026-05-25 06:00:00+00:00,0
url_shortener,2026-05-25 07:00:00+00:00,0
url_shortener,2026-05-25 08:00:00+00:00,0
url_shortener,2026-05-25 09:00:00+00:00,0
url_shortener,2026-05-25 10:00:00+00:00,0
url_shortener,2026-05-25 11:00:00+00:00,0
url_shortener,2026-05-25 12:00:00+00:00,0
url_shortener,2026-05-25 13:00:00+00:00,0
url_shortener,2026-05-25 14:00:00+00:00,0
url_shortener,2026-05-25 15:00:00+00:00,0
url_shortener,2026-05-25 16:00:00+00:00,0
url_shortener,2026-05-25 17:00:00+00:00,0
url_shortener,2026-05-25 18:00:00+00:00,0
url_shortener,2026-05-25 19:00:00+00:00,0
url_shortener,2026-05-25 20:00:00+00:00,0
url_shortener,2026-05-25 21:00:00+00:00,0
url_shortener,2026-05-25 22:00:00+00:00,0
url_shortener,2026-05-25 23:00:00+00:00,0
url_shortener,2026-05-26 00:00:00+00:00,0
url_shortener,2026-05-26 01:00:00+00:00,0
url_shortener,2026-05-26 02:00:00+00:00,0
url_shortener,2026-05-26 03:00:00+00:00,0
url_shortener,2026-05-26 04:00:00+00:00,0
url_shortener,2026-05-26 05:00:00+00:00,0
url_shortener,2026-05-26 06:00:00+00:00,0
url_shortener,2026-05-26 07:00:00+00:00,0
url_shortener,2026-05-26 08:00:00+00:00,0
url_shortener,2026-05-26 09:00:00+00:00,0
url_shortener,2026-05-26 10:00:00+00:00,0
url_shortener,2026-05-26 11:00:00+00:00,0
url_shortener,2026-05-26 12:00:00+00:00,0
url_shortener,2026-05-26 13:00:00+00:00,0
url_shortener,2026-05-26 14:00:00+00:00,0
url_shortener,2026-05-26 15:00:00+00:00,0
url_shortener,2026-05-26 16:00:00+00:00,2
url_shortener,2026-05-26 17:00:00+00:00,2
url_shortener,2026-05-26 18:00:00+00:00,2
url_shortener,2026-05-26 19:00:00+00:00,2
url_shortener,2026-05-26 20:00:00+00:00,2
url_shortener,2026-05-26 21:00:00+00:00,2
url_shortener,2026-05-26 22:00:00+00:00,2
url_shortener,2026-05-26 23:00:00+00:00,2
url_shortener,2026-05-27 00:00:00+00:00,2
url_shortener,2026-05-27 01:00:00+00:00,2
url_shortener,2026-05-27 02:00:00+00:00,2
url_shortener,2026-05-27 03:00:00+00:00,2
url_shortener,2026-05-27 04:00:00+00:00,2
url_shortener,2026-05-27 05:00:00+00:00,2
url_shortener,2026-05-27 06:00:00+00:00,2
url_shortener,2026-05-27 07:00:00+00:00,2
url_shortener,2026-05-27 08:00:00+00:00,2
url_shortener,2026-05-27 09:00:00+00:00,2
url_shortener,2026-05-27 10:00:00+00:00,2
url_shortener,2026-05-27 11:00:00+00:00,2
url_shortener,2026-05-27 12:00:00+00:00,2
url_shortener,2026-05-27 13:00:00+00:00,2
url_shortener,2026-05-27 14:00:00+00:00,2
url_shortener,2026-05-27 15:00:00+00:00,2
url_shortener,2026-05-27 16:00:00+00:00,2
url_shortener,2026-05-27 17:00:00+00:00,2
url_shortener,2026-05-27 18:00:00+00:00,2
url_shortener,2026-05-27 19:00:00+00:00,2
url_shortener,2026-05-27 20:00:00+00:00,2
url_shortener,2026-05-27 21:00:00+00:00,2
url_shortener,2026-05-27 22:00:00+00:00,2
url_shortener,2026-05-27 23:00:00+00:00,2
url_shortener,2026-05-28 00:00:00+00:00,2
url_shortener,2026-05-28 01:00:00+00:00,2
url_shortener,2026-05-28 02:00:00+00:00,2
url_shortener,2026-05-28 03:00:00+00:00,2
url_shortener,2026-05-28 04:00:00+00:00,2
url_shortener,2026-05-28 05:00:00+00:00,2
url_shortener,2026-05-28 06:00:00+00:00,2
url_shortener,2026-05-28 07:00:00+00:00,2
url_shortener,2026-05-28 08:00:00+00:00,2
url_shortener,2026-05-28 09:00:00+00:00,2
url_shortener,2026-05-28 10:00:00+00:00,2
url_shortener,2026-05-28 11:00:00+00:00,2
url_shortener,2026-05-28 12:00:00+00:00,2
url_shortener,2026-05-28 13:00:00+00:00,2
url_shortener,2026-05-28 14:00:00+00:00,2
url_shortener,2026-05-28 15:00:00+00:00,2
url_shortener,2026-05-28 16:00:00+00:00,2
url_shortener,2026-05-28 17:00:00+00:00,2
url_shortener,2026-05-28 18:00:00+00:00,2
url_shortener,2026-05-28 19:00:00+00:00,2
url_shortener,2026-05-28 20:00:00+00:00,3
url_shortener,2026-05-28 21:00:00+00:00,3
url_shortener,2026-05-28 22:00:00+00:00,3
url_shortener,2026-05-28 23:00:00+00:00,3
url_shortener,2026-05-29 00:00:00+00:00,3
url_shortener,2026-05-29 01:00:00+00:00,3
url_shortener,2026-05-29 02:00:00+00:00,3
url_shortener,2026-05-29 03:00:00+00:00,3
url_shortener,2026-05-29 04:00:00+00:00,3
url_shortener,2026-05-29 05:00:00+00:00,3
url_shortener,2026-05-29 06:00:00+00:00,3
url_shortener,2026-05-29 07:00:00+00:00,3
url_shortener,2026-05-29 08:00:00+00:00,3
url_shortener,2026-05-29 09:00:00+00:00,3
url_shortener,2026-05-29 10:00:00+00:00,3
url_shortener,2026-05-29 11:00:00+00:00,3
url_shortener,2026-05-29 12:00:00+00:00,3
url_shortener,2026-05-29 13:00:00+00:00,3
url_shortener,2026-05-29 14:00:00+00:00,3
url_shortener,2026-05-29 15:00:00+00:00,3
url_shortener,2026-05-29 16:00:00+00:00,3
url_shortener,2026-05-29 17:00:00+00:00,3
url_shortener,2026-05-29 18:00:00+00:00,3
url_shortener,2026-05-29 19:00:00+00:00,3
url_shortener,2026-05-29 20:00:00+00:00,3
url_shortener,2026-05-29 21:00:00+00:00,3
url_shortener,2026-05-29 22:00:00+00:00,3
url_shortener,2026-05-29 23:00:00+00:00,3
url_shortener,2026-05-30 00:00:00+00:00,3
url_shortener,2026-05-30 01:00:00+00:00,3
url_shortener,2026-05-30 02:00:00+00:00,3
url_shortener,2026-05-30 03:00:00+00:00,3
url_shortener,2026-05-30 04:00:00+00:00,3
url_shortener,2026-05-30 05:00:00+00:00,3
url_shortener,2026-05-30 06:00:00+00:00,3
url_shortener,2026-05-30 07:00:00+00:00,3
url_shortener,2026-05-30 08:00:00+00:00,3
url_shortener,2026-05-30 09:00:00+00:00,3
url_shortener,2026-05-30 10:00:00+00:00,3
url_shortener,2026-05-30 11:00:00+00:00,3
url_shortener,2026-05-30 12:00:00+00:00,3
url_shortener,2026-05-30 13:00:00+00:00,3
url_shortener,2026-05-30 14:00:00+00:00,3
url_shortener,2026-05-30 15:00:00+00:00,3
url_shortener,2026-05-30 16:00:00+00:00,3
url_shortener,2026-05-30 17:00:00+00:00,3
url_shortener,2026-05-30 18:00:00+00:00,3
url_shortener,2026-05-30 19:00:00+00:00,3
url_shortener,2026-05-30 20:00:00+00:00,3
url_shortener,2026-05-30 21:00:00+00:00,3
url_shortener,2026-05-30 22:00:00+00:00,3
url_shortener,2026-05-30 23:00:00+00:00,3
url_shortener,2026-05-31 00:00:00+00:00,3
url_shortener,2026-05-31 01:00:00+00:00,3
url_shortener,2026-05-31 02:00:00+00:00,3
url_shortener,2026-05-31 03:00:00+00:00,3
url_shortener,2026-05-31 04:00:00+00:00,3
url_shortener,2026-05-31 05:00:00+00:00,3
url_shortener,2026-05-31 06:00:00+00:00,3
url_shortener,2026-05-31 07:00:00+00:00,3
url_shortener,2026-05-31 08:00:00+00:00,3
url_shortener,2026-05-31 09:00:00+00:00,3
url_shortener,2026-05-31 10:00:00+00:00,3
url_shortener,2026-05-31 11:00:00+00:00,3
url_shortener,2026-05-31 12:00:00+00:00,3
url_shortener,2026-05-31 13:00:00+00:00,3
url_shortener,2026-05-31 14:00:00+00:00,3
url_shortener,2026-05-31 15:00:00+00:00,3
url_shortener,2026-05-31 16:00:00+00:00,3
url_shortener,2026-05-31 17:00:00+00:00,3
url_shortener,2026-05-31 18:00:00+00:00,3
url_shortener,2026-05-31 19:00:00+00:00,3
url_shortener,2026-05-31 20:00:00+00:00,3
url_shortener,2026-05-31 21:00:00+00:00,3
url_shortener,2026-05-31 22:00:00+00:00,3
url_shortener,2026-05-31 23:00:00+00:00,3
url_shortener,2026-06-01 00:00:00+00:00,3
url_shortener,2026-06-01 01:00:00+00:00,3
url_shortener,2026-06-01 02:00:00+00:00,3
url_shortener,2026-06-01 03:00:00+00:00,3
url_shortener,2026-06-01 04:00:00+00:00,3
url_shortener,2026-06-01 05:00:00+00:00,3
url_shortener,2026-06-01 06:00:00+00:00,3
url_shortener,2026-06-01 07:00:00+00:00,3
url_shortener,2026-06-01 08:00:00+00:00,3
url_shortener,2026-06-01 09:00:00+00:00,3
url_shortener,2026-06-01 10:00:00+00:00,3
url_shortener,2026-06-01 11:00:00+00:00,3
url_shortener,2026-06-01 12:00:00+00:00,3
url_shortener,2026-06-01 13:00:00+00:00,3
url_shortener,2026-06-01 14:00:00+00:00,3
url_shortener,2026-06-01 15:00:00+00:00,3
url_shortener,2026-06-01 16:00:00+00:00,3
url_shortener,2026-06-01 17:00:00+00:00,3
url_shortener,2026-06-01 18:00:00+00:00,3
url_shortener,2026-06-01 19:00:00+00:00,3
url_shortener,2026-06-01 20:00:00+00:00,3
url_shortener,2026-06-01 21:00:00+00:00,3
url_shortener,2026-06-01 22:00:00+00:00,3
url_shortener,2026-06-01 23:00:00+00:00,3
url_shortener,2026-06-02 00:00:00+00:00,3
url_shortener,2026-06-02 01:00:00+00:00,3
url_shortener,2026-06-02 02:00:00+00:00,3
url_shortener,2026-06-02 03:00:00+00:00,3
url_shortener,2026-06-02 04:00:00+00:00,3
url_shortener,2026-06-02 05:00:00+00:00,3
url_shortener,2026-06-02 06:00:00+00:00,3
url_shortener,2026-06-02 07:00:00+00:00,3
url_shortener,2026-06-02 08:00:00+00:00,3
url_shortener,2026-06-02 09:00:00+00:00,3
url_shortener,2026-06-02 10:00:00+00:00,3
url_shortener,2026-06-02 11:00:00+00:00,3
url_shortener,2026-06-02 12:00:00+00:00,3
url_shortener,2026-06-02 13:00:00+00:00,3
url_shortener,2026-06-02 14:00:00+00:00,3
url_shortener,2026-06-02 15:00:00+00:00,3
url_shortener,2026-06-02 16:00:00+00:00,3
url_shortener,2026-06-02 17:00:00+00:00,3
url_shortener,2026-06-02 18:00:00+00:00,3
url_shortener,2026-06-02 19:00:00+00:00,3
url_shortener,2026-06-02 20:00:00+00:00,3
url_shortener,2026-06-02 21:00:00+00:00,3
url_shortener,2026-06-02 22:00:00+00:00,3
url_shortener,2026-06-02 23:00:00+00:00,3
url_shortener,2026-06-03 00:00:00+00:00,3
url_shortener,2026-06-03 01:00:00+00:00,3
url_shortener,2026-06-03 02:00:00+00:00,3
url_shortener,2026-06-03 03:00:00+00:00,3
url_shortener,2026-06-03 04:00:00+00:00,3
url_shortener,2026-06-03 05:00:00+00:00,3
url_shortener,2026-06-03 06:00:00+00:00,3
url_shortener,2026-06-03 07:00:00+00:00,3
url_shortener,2026-06-03 08:00:00+00:00,3
url_shortener,2026-06-03 09:00:00+00:00,3
url_shortener,2026-06-03 10:00:00+00:00,3
url_shortener,2026-06-03 11:00:00+00:00,3
url_shortener,2026-06-03 12:00:00+00:00,3
url_shortener,2026-06-03 13:00:00+00:00,3
url_shortener,2026-06-03 14:00:00+00:00,3
url_shortener,2026-06-03 15:00:00+00:00,3
url_shortener,2026-06-03 16:00:00+00:00,3
url_shortener,2026-06-03 17:00:00+00:00,3
url_shortener,2026-06-03 18:00:00+00:00,3
url_shortener,2026-06-03 19:00:00+00:00,3
url_shortener,2026-06-03 20:00:00+00:00,3
url_shortener,2026-06-03 21:00:00+00:00,3
url_shortener,2026-06-03 22:00:00+00:00,3
url_shortener,2026-06-03 23:00:00+00:00,3
url_shortener,2026-06-04 00:00:00+00:00,3
url_shortener,2026-06-04 01:00:00+00:00,3
url_shortener,2026-06-04 02:00:00+00:00,3
url_shortener,2026-06-04 03:00:00+00:00,3
url_shortener,2026-06-04 04:00:00+00:00,3
url_shortener,2026-06-04 05:00:00+00:00,3
url_shortener,2026-06-04 06:00:00+00:00,3
url_shortener,2026-06-04 07:00:00+00:00,3
url_shortener,2026-06-04 08:00:00+00:00,3
url_shortener,2026-06-04 09:00:00+00:00,3
url_shortener,2026-06-04 10:00:00+00:00,3
url_shortener,2026-06-04 11:00:00+00:00,3
url_shortener,2026-06-04 12:00:00+00:00,3
url_shortener,2026-06-04 13:00:00+00:00,3
url_shortener,2026-06-04 14:00:00+00:00,3
url_shortener,2026-06-04 15:00:00+00:00,3
url_shortener,2026-06-04 16:00:00+00:00,3
url_shortener,2026-06-04 17:00:00+00:00,4
url_shortener,2026-06-04 18:00:00+00:00,4
url_shortener,2026-06-04 19:00:00+00:00,4
url_shortener,2026-06-04 20:00:00+00:00,4
url_shortener,2026-06-04 21:00:00+00:00,4
url_shortener,2026-06-04 22:00:00+00:00,4
url_shortener,2026-06-04 23:00:00+00:00,4
url_shortener,2026-06-05 00:00:00+00:00,4
url_shortener,2026-06-05 01:00:00+00:00,4
url_shortener,2026-06-05 02:00:00+00:00,4
url_shortener,2026-06-05 03:00:00+00:00,4
url_shortener,2026-06-05 04:00:00+00:00,4
url_shortener,2026-06-05 05:00:00+00:00,4
url_shortener,2026-06-05 06:00:00+00:00,4
url_shortener,2026-06-05 07:00:00+00:00,4
url_shortener,2026-06-05 08:00:00+00:00,4
url_shortener,2026-06-05 09:00:00+00:00,4
url_shortener,2026-06-05 10:00:00+00:00,4
url_shortener,2026-06-05 11:00:00+00:00,4
url_shortener,2026-06-05 12:00:00+00:00,4
url_shortener,2026-06-05 13:00:00+00:00,4
url_shortener,2026-06-05 14:00:00+00:00,4
url_shortener,2026-06-05 15:00:00+00:00,4
url_shortener,2026-06-05 16:00:00+00:00,4
url_shortener,2026-06-05 17:00:00+00:00,4
url_shortener,2026-06-05 18:00:00+00:00,4
url_shortener,2026-06-05 19:00:00+00:00,4
url_shortener,2026-06-05 20:00:00+00:00,4
url_shortener,2026-06-05 21:00:00+00:00,4
url_shortener,2026-06-05 22:00:00+00:00,4
url_shortener,2026-06-05 23:00:00+00:00,4
url_shortener,2026-06-06 00:00:00+00:00,4
url_shortener,2026-06-06 01:00:00+00:00,4
url_shortener,2026-06-06 02:00:00+00:00,4
url_shortener,2026-06-06 03:00:00+00:00,4
url_shortener,2026-06-06 04:00:00+00:00,4
url_shortener,2026-06-06 05:00:00+00:00,4
url_shortener,2026-06-06 06:00:00+00:00,4
url_shortener,2026-06-06 07:00:00+00:00,4
url_shortener,2026-06-06 08:00:00+00:00,4
url_shortener,2026-06-06 09:00:00+00:00,4
url_shortener,2026-06-06 10:00:00+00:00,4
url_shortener,2026-06-06 11:00:00+00:00,4
url_shortener,2026-06-06 12:00:00+00:00,4
url_shortener,2026-06-06 13:00:00+00:00,4
url_shortener,2026-06-06 14:00:00+00:00,4
url_shortener,2026-06-06 15:00:00+00:00,4
url_shortener,2026-06-06 16:00:00+00:00,4
url_shortener,2026-06-06 17:00:00+00:00,4
url_shortener,2026-06-06 18:00:00+00:00,4
url_shortener,2026-06-06 19:00:00+00:00,4
url_shortener,2026-06-06 20:00:00+00:00,4
url_shortener,2026-06-06 21:00:00+00:00,4
url_shortener,2026-06-06 22:00:00+00:00,4
url_shortener,2026-06-06 23:00:00+00:00,4
url_shortener,2026-06-07 00:00:00+00:00,4
url_shortener,2026-06-07 01:00:00+00:00,4
url_shortener,2026-06-07 02:00:00+00:00,4
url_shortener,2026-06-07 03:00:00+00:00,4
url_shortener,2026-06-07 04:00:00+00:00,4
url_shortener,2026-06-07 05:00:00+00:00,4
url_shortener,2026-06-07 06:00:00+00:00,4
url_shortener,2026-06-07 07:00:00+00:00,4
url_shortener,2026-06-07 08:00:00+00:00,4
url_shortener,2026-06-07 09:00:00+00:00,4
url_shortener,2026-06-07 10:00:00+00:00,4
url_shortener,2026-06-07 11:00:00+00:00,4
url_shortener,2026-06-07 12:00:00+00:00,4
url_shortener,2026-06-07 13:00:00+00:00,4
url_shortener,2026-06-07 14:00:00+00:00,4
url_shortener,2026-06-07 15:00:00+00:00,4
url_shortener,2026-06-07 16:00:00+00:00,4
url_shortener,2026-06-07 17:00:00+00:00,4
url_shortener,2026-06-07 18:00:00+00:00,4
url_shortener,2026-06-07 19:00:00+00:00,4
url_shortener,2026-06-07 20:00:00+00:00,4
url_shortener,2026-06-07 21:00:00+00:00,4
url_shortener,2026-06-07 22:00:00+00:00,4
url_shortener,2026-06-07 23:00:00+00:00,4
url_shortener,2026-06-08 00:00:00+00:00,4
url_shortener,2026-06-08 01:00:00+00:00,4
url_shortener,2026-06-08 02:00:00+00:00,4
url_shortener,2026-06-08 03:00:00+00:00,4
url_shortener,2026-06-08 04:00:00+00:00,5
url_shortener,2026-06-08 05:00:00+00:00,5
url_shortener,2026-06-08 06:00:00+00:00,5
url_shortener,2026-06-08 07:00:00+00:00,5
url_shortener,2026-06-08 08:00:00+00:00,5
url_shortener,2026-06-08 09:00:00+00:00,5
url_shortener,2026-06-08 10:00:00+00:00,5
url_shortener,2026-06-08 11:00:00+00:00,5
url_shortener,2026-06-08 12:00:00+00:00,5
url_shortener,2026-06-08 13:00:00+00:00,5
url_shortener,2026-06-08 14:00:00+00:00,5
url_shortener,2026-06-08 15:00:00+00:00,5
url_shortener,2026-06-08 16:00:00+00:00,5
url_shortener,2026-06-08 17:00:00+00:00,5
url_shortener,2026-06-08 18:00:00+00:00,5
url_shortener,2026-06-08 19:00:00+00:00,5
url_shortener,2026-06-08 20:00:00+00:00,5
url_shortener,2026-06-08 21:00:00+00:00,5
url_shortener,2026-06-08 22:00:00+00:00,5
url_shortener,2026-06-08 23:00:00+00:00,5
url_shortener,2026-06-09 00:00:00+00:00,5
url_shortener,2026-06-09 01:00:00+00:00,5
url_shortener,2026-06-09 02:00:00+00:00,5
url_shortener,2026-06-09 03:00:00+00:00,5
url_shortener,2026-06-09 04:00:00+00:00,5
url_shortener,2026-06-09 05:00:00+00:00,5
url_shortener,2026-06-09 06:00:00+00:00,5
url_shortener,2026-06-09 07:00:00+00:00,5
url_shortener,2026-06-09 08:00:00+00:00,5
url_shortener,2026-06-09 09:00:00+00:00,5
url_shortener,2026-06-09 10:00:00+00:00,5
url_shortener,2026-06-09 11:00:00+00:00,5
url_shortener,2026-06-09 12:00:00+00:00,5
url_shortener,2026-06-09 13:00:00+00:00,5
url_shortener,2026-06-09 14:00:00+00:00,5
url_shortener,2026-06-09 15:00:00+00:00,5
url_shortener,2026-06-09 16:00:00+00:00,5
url_shortener,2026-06-09 17:00:00+00:00,5
url_shortener,2026-06-09 18:00:00+00:00,5
url_shortener,2026-06-09 19:00:00+00:00,5
url_shortener,2026-06-09 20:00:00+00:00,5
url_shortener,2026-06-09 21:00:00+00:00,5
url_shortener,2026-06-09 22:00:00+00:00,5
url_shortener,2026-06-09 23:00:00+00:00,5
url_shortener,2026-06-10 00:00:00+00:00,5
url_shortener,2026-06-10 01:00:00+00:00,5
url_shortener,2026-06-10 02:00:00+00:00,5
url_shortener,2026-06-10 03:00:00+00:00,5
url_shortener,2026-06-10 04:00:00+00:00,5
url_shortener,2026-06-10 05:00:00+00:00,5
url_shortener,2026-06-10 06:00:00+00:00,5
url_shortener,2026-06-10 07:00:00+00:00,5
url_shortener,2026-06-10 08:00:00+00:00,5
url_shortener,2026-06-10 09:00:00+00:00,5
url_shortener,2026-06-10 10:00:00+00:00,5
url_shortener,2026-06-10 11:00:00+00:00,5
url_shortener,2026-06-10 12:00:00+00:00,5
url_shortener,2026-06-10 13:00:00+00:00,5
url_shortener,2026-06-10 14:00:00+00:00,5
url_shortener,2026-06-10 15:00:00+00:00,5
url_shortener,2026-06-10 16:00:00+00:00,5
url_shortener,2026-06-10 17:00:00+00:00,5
url_shortener,2026-06-10 18:00:00+00:00,5
url_shortener,2026-06-10 19:00:00+00:00,5
url_shortener,2026-06-10 20:00:00+00:00,5
url_shortener,2026-06-10 21:00:00+00:00,5
url_shortener,2026-06-10 22:00:00+00:00,5
url_shortener,2026-06-10 23:00:00+00:00,5
url_shortener,2026-06-11 00:00:00+00:00,5
url_shortener,2026-06-11 01:00:00+00:00,5
url_shortener,2026-06-11 02:00:00+00:00,5
url_shortener,2026-06-11 03:00:00+00:00,5
url_shortener,2026-06-11 04:00:00+00:00,5
url_shortener,2026-06-11 05:00:00+00:00,5
url_shortener,2026-06-11 06:00:00+00:00,5
url_shortener,2026-06-11 07:00:00+00:00,5
url_shortener,2026-06-11 08:00:00+00:00,5
url_shortener,2026-06-11 09:00:00+00:00,5
url_shortener,2026-06-11 10:00:00+00:00,5
url_shortener,2026-06-11 11:00:00+00:00,5
url_shortener,2026-06-11 12:00:00+00:00,5
url_shortener,2026-06-11 13:00:00+00:00,5
url_shortener,2026-06-11 14:00:00+00:00,5
url_shortener,2026-06-11 15:00:00+00:00,5
url_shortener,2026-06-11 16:00:00+00:00,5
url_shortener,2026-06-11 17:00:00+00:00,5
url_shortener,2026-06-11 18:00:00+00:00,5
url_shortener,2026-06-11 19:00:00+00:00,5
url_shortener,2026-06-11 20:00:00+00:00,5
url_shortener,2026-06-11 21:00:00+00:00,5
url_shortener,2026-06-11 22:00:00+00:00,5
url_shortener,2026-06-11 23:00:00+00:00,5
url_shortener,2026-06-12 00:00:00+00:00,5
url_shortener,2026-06-12 01:00:00+00:00,5
url_shortener,2026-06-12 02:00:00+00:00,5
url_shortener,2026-06-12 03:00:00+00:00,5
url_shortener,2026-06-12 04:00:00+00:00,5
url_shortener,2026-06-12 05:00:00+00:00,5
url_shortener,2026-06-12 06:00:00+00:00,5
url_shortener,2026-06-12 07:00:00+00:00,5
url_shortener,2026-06-12 08:00:00+00:00,5
url_shortener,2026-06-12 09:00:00+00:00,5
url_shortener,2026-06-12 10:00:00+00:00,5
url_shortener,2026-06-12 11:00:00+00:00,5
url_shortener,2026-06-12 12:00:00+00:00,5
url_shortener,2026-06-12 13:00:00+00:00,5
url_shortener,2026-06-12 14:00:00+00:00,5
url_shortener,2026-06-12 15:00:00+00:00,5
url_shortener,2026-06-12 16:00:00+00:00,5
url_shortener,2026-06-12 17:00:00+00:00,5
url_shortener,2026-06-12 18:00:00+00:00,5
url_shortener,2026-06-12 19:00:00+00:00,5
url_shortener,2026-06-12 20:00:00+00:00,5
url_shortener,2026-06-12 21:00:00+00:00,5
url_shortener,2026-06-12 22:00:00+00:00,5
url_shortener,2026-06-12 23:00:00+00:00,5
url_shortener,2026-06-13 00:00:00+00:00,5
url_shortener,2026-06-13 01:00:00+00:00,5
url_shortener,2026-06-13 02:00:00+00:00,5
url_shortener,2026-06-13 03:00:00+00:00,5
url_shortener,2026-06-13 04:00:00+00:00,5
url_shortener,2026-06-13 05:00:00+00:00,5
url_shortener,2026-06-13 06:00:00+00:00,5
url_shortener,2026-06-13 07:00:00+00:00,5
url_shortener,2026-06-13 08:00:00+00:00,5
url_shortener,2026-06-13 09:00:00+00:00,5
url_shortener,2026-06-13 10:00:00+00:00,5
url_shortener,2026-06-13 11:00:00+00:00,5
url_shortener,2026-06-13 12:00:00+00:00,5
url_shortener,2026-06-13 13:00:00+00:00,5
url_shortener,2026-06-13 14:00:00+00:00,5
url_shortener,2026-06-13 15:00:00+00:00,5
url_shortener,2026-06-13 16:00:00+00:00,5
url_shortener,2026-06-13 17:00:00+00:00,5
url_shortener,2026-06-13 18:00:00+00:00,5
url_shortener,2026-06-13 19:00:00+00:00,5
url_shortener,2026-06-13 20:00:00+00:00,5
url_shortener,2026-06-13 21:00:00+00:00,5
url_shortener,2026-06-13 22:00:00+00:00,5
url_shortener,2026-06-13 23:00:00+00:00,5
url_shortener,2026-06-14 00:00:00+00:00,5
url_shortener,2026-06-14 01:00:00+00:00,5
url_shortener,2026-06-14 02:00:00+00:00,5
url_shortener,2026-06-14 03:00:00+00:00,5
url_shortener,2026-06-14 04:00:00+00:00,5
url_shortener,2026-06-14 05:00:00+00:00,5
url_shortener,2026-06-14 06:00:00+00:00,5
url_shortener,2026-06-14 07:00:00+00:00,5
url_shortener,2026-06-14 08:00:00+00:00,5
url_shortener,2026-06-14 09:00:00+00:00,5
url_shortener,2026-06-14 10:00:00+00:00,5
url_shortener,2026-06-14 11:00:00+00:00,5
url_shortener,2026-06-14 12:00:00+00:00,5
url_shortener,2026-06-14 13:00:00+00:00,5
url_shortener,2026-06-14 14:00:00+00:00,5
url_shortener,2026-06-14 15:00:00+00:00,5
url_shortener,2026-06-14 16:00:00+00:00,5
url_shortener,2026-06-14 17:00:00+00:00,5
url_shortener,2026-06-14 18:00:00+00:00,5
url_shortener,2026-06-14 19:00:00+00:00,5
url_shortener,2026-06-14 20:00:00+00:00,5
url_shortener,2026-06-14 21:00:00+00:00,5
url_shortener,2026-06-14 22:00:00+00:00,5
url_shortener,2026-06-14 23:00:00+00:00,5
url_shortener,2026-06-15 00:00:00+00:00,5
url_shortener,2026-06-15 01:00:00+00:00,5
url_shortener,2026-06-15 02:00:00+00:00,5
url_shortener,2026-06-15 03:00:00+00:00,5
url_shortener,2026-06-15 04:00:00+00:00,5
url_shortener,2026-06-15 05:00:00+00:00,5
url_shortener,2026-06-15 06:00:00+00:00,5
url_shortener,2026-06-15 07:00:00+00:00,5
url_shortener,2026-06-15 08:00:00+00:00,5
url_shortener,2026-06-15 09:00:00+00:00,5
url_shortener,2026-06-15 10:00:00+00:00,5
url_shortener,2026-06-15 11:00:00+00:00,5
url_shortener,2026-06-15 12:00:00+00:00,5
url_shortener,2026-06-15 13:00:00+00:00,5
url_shortener,2026-06-15 14:00:00+00:00,5
url_shortener,2026-06-15 15:00:00+00:00,5
url_shortener,2026-06-15 16:00:00+00:00,5
url_shortener,2026-06-15 17:00:00+00:00,5
url_shortener,2026-06-15 18:00:00+00:00,5
url_shortener,2026-06-15 19:00:00+00:00,5
url_shortener,2026-06-15 20:00:00+00:00,5
url_shortener,2026-06-15 21:00:00+00:00,5
url_shortener,2026-06-15 22:00:00+00:00,5
url_shortener,2026-06-15 23:00:00+00:00,5
url_shortener,2026-06-16 00:00:00+00:00,5
url_shortener,2026-06-16 01:00:00+00:00,5
url_shortener,2026-06-16 02:00:00+00:00,5
url_shortener,2026-06-16 03:00:00+00:00,5
url_shortener,2026-06-16 04:00:00+00:00,5
url_shortener,2026-06-16 05:00:00+00:00,5
url_shortener,2026-06-16 06:00:00+00:00,5
url_shortener,2026-06-16 07:00:00+00:00,7
url_shortener,2026-06-16 08:00:00+00:00,12
url_shortener,2026-06-16 09:00:00+00:00,18
url_shortener,2026-06-16 10:00:00+00:00,18
url_shortener,2026-06-16 11:00:00+00:00,19
url_shortener,2026-06-16 12:00:00+00:00,19
url_shortener,2026-06-16 13:00:00+00:00,19
url_shortener,2026-06-16 14:00:00+00:00,19
url_shortener,2026-06-16 15:00:00+00:00,19
url_shortener,2026-06-16 16:00:00+00:00,19
url_shortener,2026-06-16 17:00:00+00:00,19
url_shortener,2026-06-16 18:00:00+00:00,19
url_shortener,2026-06-16 19:00:00+00:00,20
url_shortener,2026-06-16 20:00:00+00:00,20
url_shortener,2026-06-16 21:00:00+00:00,21
url_shortener,2026-06-16 22:00:00+00:00,21
url_shortener,2026-06-16 23:00:00+00:00,21
url_shortener,2026-06-17 00:00:00+00:00,21
url_shortener,2026-06-17 01:00:00+00:00,22
url_shortener,2026-06-17 02:00:00+00:00,27
url_shortener,2026-06-17 03:00:00+00:00,27
url_shortener,2026-06-17 04:00:00+00:00,27
url_shortener,2026-06-17 05:00:00+00:00,27
url_shortener,2026-06-17 06:00:00+00:00,27
url_shortener,2026-06-17 07:00:00+00:00,28
url_shortener,2026-06-17 08:00:00+00:00,28
url_shortener,2026-06-17 09:00:00+00:00,29
url_shortener,2026-06-17 10:00:00+00:00,29
url_shortener,2026-06-17 11:00:00+00:00,29
url_shortener,2026-06-17 12:00:00+00:00,31
url_shortener,2026-06-17 13:00:00+00:00,31
url_shortener,2026-06-17 14:00:00+00:00,31
url_shortener,2026-06-17 15:00:00+00:00,31
url_shortener,2026-06-17 16:00:00+00:00,31
url_shortener,2026-06-17 17:00:00+00:00,32
url_shortener,2026-06-17 18:00:00+00:00,32
url_shortener,2026-06-17 19:00:00+00:00,32
url_shortener,2026-06-17 20:00:00+00:00,32
url_shortener,2026-06-17 21:00:00+00:00,32
url_shortener,2026-06-17 22:00:00+00:00,32
url_shortener,2026-06-17 23:00:00+00:00,32
url_shortener,2026-06-18 00:00:00+00:00,33
url_shortener,2026-06-18 01:00:00+00:00,33
url_shortener,2026-06-18 02:00:00+00:00,33
url_shortener,2026-06-18 03:00:00+00:00,33
url_shortener,2026-06-18 04:00:00+00:00,33
url_shortener,2026-06-18 05:00:00+00:00,34
url_shortener,2026-06-18 06:00:00+00:00,34
url_shortener,2026-06-18 07:00:00+00:00,34
url_shortener,2026-06-18 08:00:00+00:00,34
url_shortener,2026-06-18 09:00:00+00:00,34
url_shortener,2026-06-18 10:00:00+00:00,34
url_shortener,2026-06-18 11:00:00+00:00,34
url_shortener,2026-06-18 12:00:00+00:00,34
url_shortener,2026-06-18 13:00:00+00:00,34
url_shortener,2026-06-18 14:00:00+00:00,35
url_shortener,2026-06-18 15:00:00+00:00,40
url_shortener,2026-06-18 16:00:00+00:00,54
url_shortener,2026-06-18 17:00:00+00:00,97
url_shortener,2026-06-18 18:00:00+00:00,131
url_shortener,2026-06-18 19:00:00+00:00,170
url_shortener,2026-06-18 20:00:00+00:00,180
url_shortener,2026-06-18 21:00:00+00:00,183
url_shortener,2026-06-18 22:00:00+00:00,183
url_shortener,2026-06-18 23:00:00+00:00,183
url_shortener,2026-06-19 00:00:00+00:00,183
url_shortener,2026-06-19 01:00:00+00:00,183
url_shortener,2026-06-19 02:00:00+00:00,183
url_shortener,2026-06-19 03:00:00+00:00,183
url_shortener,2026-06-19 04:00:00+00:00,183
url_shortener,2026-06-19 05:00:00+00:00,183
url_shortener,2026-06-19 06:00:00+00:00,183
url_shortener,2026-06-19 07:00:00+00:00,183
url_shortener,2026-06-19 08:00:00+00:00,183
url_shortener,2026-06-19 09:00:00+00:00,183
url_shortener,2026-06-19 10:00:00+00:00,183
url_shortener,2026-06-19 11:00:00+00:00,183
url_shortener,2026-06-19 12:00:00+00:00,183
url_shortener,2026-06-19 13:00:00+00:00,183
url_shortener,2026-06-19 14:00:00+00:00,183
url_shortener,2026-06-19 15:00:00+00:00,183
url_shortener,2026-06-19 16:00:00+00:00,183
url_shortener,2026-06-19 17:00:00+00:00,183
url_shortener,2026-06-19 18:00:00+00:00,183
url_shortener,2026-06-19 19:00:00+00:00,183
url_shortener,2026-06-19 20:00:00+00:00,183
url_shortener,2026-06-19 21:00:00+00:00,183
url_shortener,2026-06-19 22:00:00+00:00,183
url_shortener,2026-06-19 23:00:00+00:00,183
url_shortener,2026-06-20 00:00:00+00:00,183
url_shortener,2026-06-20 01:00:00+00:00,183
url_shortener,2026-06-20 02:00:00+00:00,183
url_shortener,2026-06-20 03:00:00+00:00,183
url_shortener,2026-06-20 04:00:00+00:00,183
url_shortener,2026-06-20 05:00:00+00:00,183
url_shortener,2026-06-20 06:00:00+00:00,183
url_shortener,2026-06-20 07:00:00+00:00,183
url_shortener,2026-06-20 08:00:00+00:00,183
url_shortener,2026-06-20 09:00:00+00:00,183
url_shortener,2026-06-20 10:00:00+00:00,183
url_shortener,2026-06-20 11:00:00+00:00,183
url_shortener,2026-06-20 12:00:00+00:00,183
url_shortener,2026-06-20 13:00:00+00:00,184
url_shortener,2026-06-20 14:00:00+00:00,184
url_shortener,2026-06-20 15:00:00+00:00,184
url_shortener,2026-06-20 16:00:00+00:00,184
url_shortener,2026-06-20 17:00:00+00:00,184
url_shortener,2026-06-20 18:00:00+00:00,184
url_shortener,2026-06-20 19:00:00+00:00,184
url_shortener,2026-06-20 20:00:00+00:00,184
url_shortener,2026-06-20 21:00:00+00:00,184
url_shortener,2026-06-20 22:00:00+00:00,184
url_shortener,2026-06-20 23:00:00+00:00,184
url_shortener,2026-06-21 00:00:00+00:00,184
url_shortener,2026-06-21 01:00:00+00:00,184
url_shortener,2026-06-21 02:00:00+00:00,184
url_shortener,2026-06-21 03:00:00+00:00,184
url_shortener,2026-06-21 04:00:00+00:00,184
url_shortener,2026-06-21 05:00:00+00:00,184
url_shortener,2026-06-21 06:00:00+00:00,186
url_shortener,2026-06-21 07:00:00+00:00,187
url_shortener,2026-06-21 08:00:00+00:00,187
url_shortener,2026-06-21 09:00:00+00:00,187
url_shortener,2026-06-21 10:00:00+00:00,187
url_shortener,2026-06-21 11:00:00+00:00,187
url_shortener,2026-06-21 12:00:00+00:00,187
url_shortener,2026-06-21 13:00:00+00:00,187
url_shortener,2026-06-21 14:00:00+00:00,187
url_shortener,2026-06-21 15:00:00+00:00,187
url_shortener,2026-06-21 16:00:00+00:00,187
url_shortener,2026-06-21 17:00:00+00:00,187
url_shortener,2026-06-21 18:00:00+00:00,187
url_shortener,2026-06-21 19:00:00+00:00,187
url_shortener,2026-06-21 20:00:00+00:00,187
url_shortener,2026-06-21 21:00:00+00:00,187
url_shortener,2026-06-21 22:00:00+00:00,187
url_shortener,2026-06-21 23:00:00+00:00,187
url_shortener,2026-06-22 00:00:00+00:00,187
url_shortener,2026-06-22 01:00:00+00:00,187
url_shortener,2026-06-22 02:00:00+00:00,187
url_shortener,2026-06-22 03:00:00+00:00,187
url_shortener,2026-06-22 04:00:00+00:00,187
url_shortener,2026-06-22 05:00:00+00:00,187
url_shortener,2026-06-22 06:00:00+00:00,187
url_shortener,2026-06-22 07:00:00+00:00,187
url_shortener,2026-06-22 08:00:00+00:00,188
url_shortener,2026-06-22 09:00:00+00:00,188
url_shortener,2026-06-22 10:00:00+00:00,188
url_shortener,2026-06-22 11:00:00+00:00,188
url_shortener,2026-06-22 12:00:00+00:00,188
url_shortener,2026-06-22 13:00:00+00:00,188
url_shortener,2026-06-22 14:00:00+00:00,188
url_shortener,2026-06-22 15:00:00+00:00,188
url_shortener,2026-06-22 16:00:00+00:00,188
url_shortener,2026-06-22 17:00:00+00:00,188
url_shortener,2026-06-22 18:00:00+00:00,188
url_shortener,2026-06-22 19:00:00+00:00,188
url_shortener,2026-06-22 20:00:00+00:00,188
url_shortener,2026-06-22 21:00:00+00:00,188
url_shortener,2026-06-22 22:00:00+00:00,188
url_shortener,2026-06-22 23:00:00+00:00,188
url_shortener,2026-06-23 00:00:00+00:00,188
url_shortener,2026-06-23 01:00:00+00:00,188
url_shortener,2026-06-23 02:00:00+00:00,188
url_shortener,2026-06-23 03:00:00+00:00,188
url_shortener,2026-06-23 04:00:00+00:00,188
url_shortener,2026-06-23 05:00:00+00:00,188
url_shortener,2026-06-23 06:00:00+00:00,188
url_shortener,2026-06-23 07:00:00+00:00,188
url_shortener,2026-06-23 08:00:00+00:00,188
url_shortener,2026-06-23 09:00:00+00:00,188
url_shortener,2026-06-23 10:00:00+00:00,188
url_shortener,2026-06-23 11:00:00+00:00,188
url_shortener,2026-06-23 12:00:00+00:00,188
url_shortener,2026-06-23 13:00:00+00:00,188
url_shortener,2026-06-23 14:00:00+00:00,188
url_shortener,2026-06-23 15:00:00+00:00,188
url_shortener,2026-06-23 16:00:00+00:00,188
url_shortener,2026-06-23 17:00:00+00:00,188
url_shortener,2026-06-23 18:00:00+00:00,188
url_shortener,2026-06-23 19:00:00+00:00,188
url_shortener,2026-06-23 20:00:00+00:00,188
url_shortener,2026-06-23 21:00:00+00:00,188
url_shortener,2026-06-23 22:00:00+00:00,188
url_shortener,2026-06-23 23:00:00+00:00,188
url_shortener,2026-06-24 00:00:00+00:00,188
url_shortener,2026-06-24 01:00:00+00:00,188
url_shortener,2026-06-24 02:00:00+00:00,188
url_shortener,2026-06-24 03:00:00+00:00,188
url_shortener,2026-06-24 04:00:00+00:00,188
url_shortener,2026-06-24 05:00:00+00:00,188
url_shortener,2026-06-24 06:00:00+00:00,188
url_shortener,2026-06-24 07:00:00+00:00,188
url_shortener,2026-06-24 08:00:00+00:00,188
url_shortener,2026-06-24 09:00:00+00:00,188
url_shortener,2026-06-24 10:00:00+00:00,188
url_shortener,2026-06-24 11:00:00+00:00,188
url_shortener,2026-06-24 12:00:00+00:00,188
url_shortener,2026-06-24 13:00:00+00:00,188
url_shortener,2026-06-24 14:00:00+00:00,188
url_shortener,2026-06-24 15:00:00+00:00,188
url_shortener,2026-06-24 16:00:00+00:00,188
url_shortener,2026-06-24 17:00:00+00:00,188
url_shortener,2026-06-24 18:00:00+00:00,188
url_shortener,2026-06-24 19:00:00+00:00,188
url_shortener,2026-06-24 20:00:00+00:00,188
url_shortener,2026-06-24 21:00:00+00:00,188
url_shortener,2026-06-24 22:00:00+00:00,188
url_shortener,2026-06-24 23:00:00+00:00,188
url_shortener,2026-06-25 00:00:00+00:00,188
url_shortener,2026-06-25 01:00:00+00:00,188
url_shortener,2026-06-25 02:00:00+00:00,188
url_shortener,2026-06-25 03:00:00+00:00,188
url_shortener,2026-06-25 04:00:00+00:00,188
url_shortener,2026-06-25 05:00:00+00:00,188
url_shortener,2026-06-25 06:00:00+00:00,188
url_shortener,2026-06-25 07:00:00+00:00,188
url_shortener,2026-06-25 08:00:00+00:00,188
url_shortener,2026-06-25 09:00:00+00:00,188
url_shortener,2026-06-25 10:00:00+00:00,188
url_shortener,2026-06-25 11:00:00+00:00,188
url_shortener,2026-06-25 12:00:00+00:00,188
url_shortener,2026-06-25 13:00:00+00:00,188
url_shortener,2026-06-25 14:00:00+00:00,188
url_shortener,2026-06-25 15:00:00+00:00,188
url_shortener,2026-06-25 16:00:00+00:00,188
url_shortener,2026-06-25 17:00:00+00:00,188
url_shortener,2026-06-25 18:00:00+00:00,188
url_shortener,2026-06-25 19:00:00+00:00,188
url_shortener,2026-06-25 20:00:00+00:00,188
url_shortener,2026-06-25 21:00:00+00:00,188
url_shortener,2026-06-25 22:00:00+00:00,188
url_shortener,2026-06-25 23:00:00+00:00,188
url_shortener,2026-06-26 00:00:00+00:00,188
url_shortener,2026-06-26 01:00:00+00:00,188
url_shortener,2026-06-26 02:00:00+00:00,188
url_shortener,2026-06-26 03:00:00+00:00,188
url_shortener,2026-06-26 04:00:00+00:00,188
url_shortener,2026-06-26 05:00:00+00:00,188
url_shortener,2026-06-26 06:00:00+00:00,188
url_shortener,2026-06-26 07:00:00+00:00,188
url_shortener,2026-06-26 08:00:00+00:00,188
url_shortener,2026-06-26 09:00:00+00:00,188
url_shortener,2026-06-26 10:00:00+00:00,188
url_shortener,2026-06-26 11:00:00+00:00,188
url_shortener,2026-06-26 12:00:00+00:00,188
url_shortener,2026-06-26 13:00:00+00:00,188
url_shortener,2026-06-26 14:00:00+00:00,188
url_shortener,2026-06-26 15:00:00+00:00,188
url_shortener,2026-06-26 16:00:00+00:00,188
url_shortener,2026-06-26 17:00:00+00:00,188
url_shortener,2026-06-26 18:00:00+00:00,188
url_shortener,2026-06-26 19:00:00+00:00,188
url_shortener,2026-06-26 20:00:00+00:00,188
url_shortener,2026-06-26 21:00:00+00:00,188
url_shortener,2026-06-26 22:00:00+00:00,188
url_shortener,2026-06-26 23:00:00+00:00,188
url_shortener,2026-06-27 00:00:00+00:00,188
url_shortener,2026-06-27 01:00:00+00:00,188
url_shortener,2026-06-27 02:00:00+00:00,188
url_shortener,2026-06-27 03:00:00+00:00,188
url_shortener,2026-06-27 04:00:00+00:00,188
url_shortener,2026-06-27 05:00:00+00:00,188
url_shortener,2026-06-27 06:00:00+00:00,188
url_shortener,2026-06-27 07:00:00+00:00,188
url_shortener,2026-06-27 08:00:00+00:00,188
url_shortener,2026-06-27 09:00:00+00:00,188
url_shortener,2026-06-27 10:00:00+00:00,188
url_shortener,2026-06-27 11:00:00+00:00,188
url_shortener,2026-06-27 12:00:00+00:00,188
url_shortener,2026-06-27 13:00:00+00:00,188
url_shortener,2026-06-27 14:00:00+00:00,188
url_shortener,2026-06-27 15:00:00+00:00,188
url_shortener,2026-06-27 16:00:00+00:00,188
url_shortener,2026-06-27 17:00:00+00:00,188
url_shortener,2026-06-27 18:00:00+00:00,188
url_shortener,2026-06-27 19:00:00+00:00,188
url_shortener,2026-06-27 20:00:00+00:00,188
url_shortener,2026-06-27 21:00:00+00:00,188
url_shortener,2026-06-27 22:00:00+00:00,188
url_shortener,2026-06-27 23:00:00+00:00,188
url_shortener,2026-06-28 00:00:00+00:00,188
url_shortener,2026-06-28 01:00:00+00:00,188
url_shortener,2026-06-28 02:00:00+00:00,188
url_shortener,2026-06-28 03:00:00+00:00,188
url_shortener,2026-06-28 04:00:00+00:00,188
url_shortener,2026-06-28 05:00:00+00:00,188
url_shortener,2026-06-28 06:00:00+00:00,188
url_shortener,2026-06-28 07:00:00+00:00,188
url_shortener,2026-06-28 08:00:00+00:00,188
url_shortener,2026-06-28 09:00:00+00:00,188
url_shortener,2026-06-28 10:00:00+00:00,188
url_shortener,2026-06-28 11:00:00+00:00,188
url_shortener,2026-06-28 12:00:00+00:00,188
url_shortener,2026-06-28 13:00:00+00:00,188
url_shortener,2026-06-28 14:00:00+00:00,188
url_shortener,2026-06-28 15:00:00+00:00,188
url_shortener,2026-06-28 16:00:00+00:00,188
url_shortener,2026-06-28 17:00:00+00:00,188
url_shortener,2026-06-28 18:00:00+00:00,188
url_shortener,2026-06-28 19:00:00+00:00,188
url_shortener,2026-06-28 20:00:00+00:00,188
url_shortener,2026-06-28 21:00:00+00:00,188
url_shortener,2026-06-28 22:00:00+00:00,188
url_shortener,2026-06-28 23:00:00+00:00,188
url_shortener,2026-06-29 00:00:00+00:00,188
url_shortener,2026-06-29 01:00:00+00:00,188
url_shortener,2026-06-29 02:00:00+00:00,188
url_shortener,2026-06-29 03:00:00+00:00,188
url_shortener,2026-06-29 04:00:00+00:00,188
url_shortener,2026-06-29 05:00:00+00:00,188
url_shortener,2026-06-29 06:00:00+00:00,188
url_shortener,2026-06-29 07:00:00+00:00,188
url_shortener,2026-06-29 08:00:00+00:00,188
url_shortener,2026-06-29 09:00:00+00:00,188
url_shortener,2026-06-29 10:00:00+00:00,188
url_shortener,2026-06-29 11:00:00+00:00,188
url_shortener,2026-06-29 12:00:00+00:00,188
url_shortener,2026-06-29 13:00:00+00:00,188
url_shortener,2026-06-29 14:00:00+00:00,188
url_shortener,2026-06-29 15:00:00+00:00,188
url_shortener,2026-06-29 16:00:00+00:00,188
url_shortener,2026-06-29 17:00:00+00:00,188
url_shortener,2026-06-29 18:00:00+00:00,188
url_shortener,2026-06-29 19:00:00+00:00,188
url_shortener,2026-06-29 20:00:00+00:00,188
url_shortener,2026-06-29 21:00:00+00:00,188
url_shortener,2026-06-29 22:00:00+00:00,188
url_shortener,2026-06-29 23:00:00+00:00,188
url_shortener,2026-06-30 00:00:00+00:00,188
url_shortener,2026-06-30 01:00:00+00:00,188
url_shortener,2026-06-30 02:00:00+00:00,188
url_shortener,2026-06-30 03:00:00+00:00,188
url_shortener,2026-06-30 04:00:00+00:00,188
url_shortener,2026-06-30 05:00:00+00:00,188
url_shortener,2026-06-30 06:00:00+00:00,188
url_shortener,2026-06-30 07:00:00+00:00,188
url_shortener,2026-06-30 08:00:00+00:00,188
url_shortener,2026-06-30 09:00:00+00:00,188
url_shortener,2026-06-30 10:00:00+00:00,188
url_shortener,2026-06-30 11:00:00+00:00,188
url_shortener,2026-06-30 12:00:00+00:00,188
url_shortener,2026-06-30 13:00:00+00:00,188
url_shortener,2026-06-30 14:00:00+00:00,188
url_shortener,2026-06-30 15:00:00+00:00,188
url_shortener,2026-06-30 16:00:00+00:00,188
url_shortener,2026-06-30 17:00:00+00:00,188
url_shortener,2026-06-30 18:00:00+00:00,188
url_shortener,2026-06-30 19:00:00+00:00,188
url_shortener,2026-06-30 20:00:00+00:00,188
url_shortener,2026-06-30 21:00:00+00:00,188
url_shortener,2026-06-30 22:00:00+00:00,188
url_shortener,2026-06-30 23:00:00+00:00,188
url_shortener,2026-07-01 00:00:00+00:00,188
url_shortener,2026-07-01 01:00:00+00:00,188
url_shortener,2026-07-01 02:00:00+00:00,188
url_shortener,2026-07-01 03:00:00+00:00,188
url_shortener,2026-07-01 04:00:00+00:00,188
url_shortener,2026-07-01 05:00:00+00:00,188
url_shortener,2026-07-01 06:00:00+00:00,188
url_shortener,2026-07-01 07:00:00+00:00,188
url_shortener,2026-07-01 08:00:00+00:00,188
url_shortener,2026-07-01 09:00:00+00:00,188
url_shortener,2026-07-01 10:00:00+00:00,188
url_shortener,2026-07-01 11:00:00+00:00,188
url_shortener,2026-07-01 12:00:00+00:00,188
url_shortener,2026-07-01 13:00:00+00:00,188
url_shortener,2026-07-01 14:00:00+00:00,188
url_shortener,2026-07-01 15:00:00+00:00,188
url_shortener,2026-07-01 16:00:00+00:00,188
url_shortener,2026-07-01 17:00:00+00:00,188
url_shortener,2026-07-01 18:00:00+00:00,188
url_shortener,2026-07-01 19:00:00+00:00,188
url_shortener,2026-07-01 20:00:00+00:00,188
url_shortener,2026-07-01 21:00:00+00:00,188
url_shortener,2026-07-01 22:00:00+00:00,188
url_shortener,2026-07-01 23:00:00+00:00,188
url_shortener,2026-07-02 00:00:00+00:00,188
url_shortener,2026-07-02 01:00:00+00:00,188
url_shortener,2026-07-02 02:00:00+00:00,188
url_shortener,2026-07-02 03:00:00+00:00,188
url_shortener,2026-07-02 04:00:00+00:00,188
url_shortener,2026-07-02 05:00:00+00:00,188
url_shortener,2026-07-02 06:00:00+00:00,188
url_shortener,2026-07-02 07:00:00+00:00,188
url_shortener,2026-07-02 08:00:00+00:00,188
url_shortener,2026-07-02 09:00:00+00:00,188
url_shortener,2026-07-02 10:00:00+00:00,188
url_shortener,2026-07-02 11:00:00+00:00,188
url_shortener,2026-07-02 12:00:00+00:00,188
url_shortener,2026-07-02 13:00:00+00:00,188
url_shortener,2026-07-02 14:00:00+00:00,188
url_shortener,2026-07-02 15:00:00+00:00,188
url_shortener,2026-07-02 16:00:00+00:00,188
url_shortener,2026-07-02 17:00:00+00:00,188
wiki_self,2026-05-24 06:00:00+00:00,0
wiki_self,2026-05-24 07:00:00+00:00,0
wiki_self,2026-05-24 08:00:00+00:00,0
wiki_self,2026-05-24 09:00:00+00:00,0
wiki_self,2026-05-24 10:00:00+00:00,0
wiki_self,2026-05-24 11:00:00+00:00,1
wiki_self,2026-05-24 12:00:00+00:00,2
wiki_self,2026-05-24 13:00:00+00:00,5
wiki_self,2026-05-24 14:00:00+00:00,6
wiki_self,2026-05-24 15:00:00+00:00,6
wiki_self,2026-05-24 16:00:00+00:00,6
wiki_self,2026-05-24 17:00:00+00:00,6
wiki_self,2026-05-24 18:00:00+00:00,6
wiki_self,2026-05-24 19:00:00+00:00,6
wiki_self,2026-05-24 20:00:00+00:00,6
wiki_self,2026-05-24 21:00:00+00:00,6
wiki_self,2026-05-24 22:00:00+00:00,6
wiki_self,2026-05-24 23:00:00+00:00,6
wiki_self,2026-05-25 00:00:00+00:00,6
wiki_self,2026-05-25 01:00:00+00:00,6
wiki_self,2026-05-25 02:00:00+00:00,6
wiki_self,2026-05-25 03:00:00+00:00,6
wiki_self,2026-05-25 04:00:00+00:00,6
wiki_self,2026-05-25 05:00:00+00:00,6
wiki_self,2026-05-25 06:00:00+00:00,6
wiki_self,2026-05-25 07:00:00+00:00,6
wiki_self,2026-05-25 08:00:00+00:00,6
wiki_self,2026-05-25 09:00:00+00:00,6
wiki_self,2026-05-25 10:00:00+00:00,6
wiki_self,2026-05-25 11:00:00+00:00,6
wiki_self,2026-05-25 12:00:00+00:00,6
wiki_self,2026-05-25 13:00:00+00:00,6
wiki_self,2026-05-25 14:00:00+00:00,6
wiki_self,2026-05-25 15:00:00+00:00,6
wiki_self,2026-05-25 16:00:00+00:00,6
wiki_self,2026-05-25 17:00:00+00:00,6
wiki_self,2026-05-25 18:00:00+00:00,6
wiki_self,2026-05-25 19:00:00+00:00,6
wiki_self,2026-05-25 20:00:00+00:00,6
wiki_self,2026-05-25 21:00:00+00:00,6
wiki_self,2026-05-25 22:00:00+00:00,6
wiki_self,2026-05-25 23:00:00+00:00,6
wiki_self,2026-05-26 00:00:00+00:00,6
wiki_self,2026-05-26 01:00:00+00:00,6
wiki_self,2026-05-26 02:00:00+00:00,6
wiki_self,2026-05-26 03:00:00+00:00,6
wiki_self,2026-05-26 04:00:00+00:00,6
wiki_self,2026-05-26 05:00:00+00:00,6
wiki_self,2026-05-26 06:00:00+00:00,6
wiki_self,2026-05-26 07:00:00+00:00,6
wiki_self,2026-05-26 08:00:00+00:00,6
wiki_self,2026-05-26 09:00:00+00:00,7
wiki_self,2026-05-26 10:00:00+00:00,11
wiki_self,2026-05-26 11:00:00+00:00,19
wiki_self,2026-05-26 12:00:00+00:00,21
wiki_self,2026-05-26 13:00:00+00:00,32
wiki_self,2026-05-26 14:00:00+00:00,45
wiki_self,2026-05-26 15:00:00+00:00,48
wiki_self,2026-05-26 16:00:00+00:00,65
wiki_self,2026-05-26 17:00:00+00:00,66
wiki_self,2026-05-26 18:00:00+00:00,66
wiki_self,2026-05-26 19:00:00+00:00,66
wiki_self,2026-05-26 20:00:00+00:00,66
wiki_self,2026-05-26 21:00:00+00:00,66
wiki_self,2026-05-26 22:00:00+00:00,66
wiki_self,2026-05-26 23:00:00+00:00,66
wiki_self,2026-05-27 00:00:00+00:00,66
wiki_self,2026-05-27 01:00:00+00:00,66
wiki_self,2026-05-27 02:00:00+00:00,68
wiki_self,2026-05-27 03:00:00+00:00,68
wiki_self,2026-05-27 04:00:00+00:00,69
wiki_self,2026-05-27 05:00:00+00:00,69
wiki_self,2026-05-27 06:00:00+00:00,71
wiki_self,2026-05-27 07:00:00+00:00,73
wiki_self,2026-05-27 08:00:00+00:00,77
wiki_self,2026-05-27 09:00:00+00:00,77
wiki_self,2026-05-27 10:00:00+00:00,77
wiki_self,2026-05-27 11:00:00+00:00,77
wiki_self,2026-05-27 12:00:00+00:00,77
wiki_self,2026-05-27 13:00:00+00:00,77
wiki_self,2026-05-27 14:00:00+00:00,77
wiki_self,2026-05-27 15:00:00+00:00,77
wiki_self,2026-05-27 16:00:00+00:00,77
wiki_self,2026-05-27 17:00:00+00:00,77
wiki_self,2026-05-27 18:00:00+00:00,77
wiki_self,2026-05-27 19:00:00+00:00,77
wiki_self,2026-05-27 20:00:00+00:00,77
wiki_self,2026-05-27 21:00:00+00:00,77
wiki_self,2026-05-27 22:00:00+00:00,77
wiki_self,2026-05-27 23:00:00+00:00,77
wiki_self,2026-05-28 00:00:00+00:00,77
wiki_self,2026-05-28 01:00:00+00:00,77
wiki_self,2026-05-28 02:00:00+00:00,77
wiki_self,2026-05-28 03:00:00+00:00,77
wiki_self,2026-05-28 04:00:00+00:00,77
wiki_self,2026-05-28 05:00:00+00:00,77
wiki_self,2026-05-28 06:00:00+00:00,77
wiki_self,2026-05-28 07:00:00+00:00,77
wiki_self,2026-05-28 08:00:00+00:00,77
wiki_self,2026-05-28 09:00:00+00:00,77
wiki_self,2026-05-28 10:00:00+00:00,77
wiki_self,2026-05-28 11:00:00+00:00,77
wiki_self,2026-05-28 12:00:00+00:00,77
wiki_self,2026-05-28 13:00:00+00:00,77
wiki_self,2026-05-28 14:00:00+00:00,79
wiki_self,2026-05-28 15:00:00+00:00,80
wiki_self,2026-05-28 16:00:00+00:00,80
wiki_self,2026-05-28 17:00:00+00:00,80
wiki_self,2026-05-28 18:00:00+00:00,80
wiki_self,2026-05-28 19:00:00+00:00,80
wiki_self,2026-05-28 20:00:00+00:00,80
wiki_self,2026-05-28 21:00:00+00:00,80
wiki_self,2026-05-28 22:00:00+00:00,80
wiki_self,2026-05-28 23:00:00+00:00,80
wiki_self,2026-05-29 00:00:00+00:00,80
wiki_self,2026-05-29 01:00:00+00:00,80
wiki_self,2026-05-29 02:00:00+00:00,80
wiki_self,2026-05-29 03:00:00+00:00,80
wiki_self,2026-05-29 04:00:00+00:00,80
wiki_self,2026-05-29 05:00:00+00:00,80
wiki_self,2026-05-29 06:00:00+00:00,80
wiki_self,2026-05-29 07:00:00+00:00,80
wiki_self,2026-05-29 08:00:00+00:00,80
wiki_self,2026-05-29 09:00:00+00:00,80
wiki_self,2026-05-29 10:00:00+00:00,80
wiki_self,2026-05-29 11:00:00+00:00,80
wiki_self,2026-05-29 12:00:00+00:00,80
wiki_self,2026-05-29 13:00:00+00:00,80
wiki_self,2026-05-29 14:00:00+00:00,80
wiki_self,2026-05-29 15:00:00+00:00,80
wiki_self,2026-05-29 16:00:00+00:00,80
wiki_self,2026-05-29 17:00:00+00:00,80
wiki_self,2026-05-29 18:00:00+00:00,80
wiki_self,2026-05-29 19:00:00+00:00,80
wiki_self,2026-05-29 20:00:00+00:00,80
wiki_self,2026-05-29 21:00:00+00:00,80
wiki_self,2026-05-29 22:00:00+00:00,82
wiki_self,2026-05-29 23:00:00+00:00,82
wiki_self,2026-05-30 00:00:00+00:00,82
wiki_self,2026-05-30 01:00:00+00:00,82
wiki_self,2026-05-30 02:00:00+00:00,82
wiki_self,2026-05-30 03:00:00+00:00,82
wiki_self,2026-05-30 04:00:00+00:00,82
wiki_self,2026-05-30 05:00:00+00:00,82
wiki_self,2026-05-30 06:00:00+00:00,82
wiki_self,2026-05-30 07:00:00+00:00,82
wiki_self,2026-05-30 08:00:00+00:00,82
wiki_self,2026-05-30 09:00:00+00:00,82
wiki_self,2026-05-30 10:00:00+00:00,82
wiki_self,2026-05-30 11:00:00+00:00,82
wiki_self,2026-05-30 12:00:00+00:00,82
wiki_self,2026-05-30 13:00:00+00:00,82
wiki_self,2026-05-30 14:00:00+00:00,82
wiki_self,2026-05-30 15:00:00+00:00,82
wiki_self,2026-05-30 16:00:00+00:00,82
wiki_self,2026-05-30 17:00:00+00:00,82
wiki_self,2026-05-30 18:00:00+00:00,82
wiki_self,2026-05-30 19:00:00+00:00,82
wiki_self,2026-05-30 20:00:00+00:00,83
wiki_self,2026-05-30 21:00:00+00:00,84
wiki_self,2026-05-30 22:00:00+00:00,84
wiki_self,2026-05-30 23:00:00+00:00,85
wiki_self,2026-05-31 00:00:00+00:00,85
wiki_self,2026-05-31 01:00:00+00:00,85
wiki_self,2026-05-31 02:00:00+00:00,85
wiki_self,2026-05-31 03:00:00+00:00,85
wiki_self,2026-05-31 04:00:00+00:00,85
wiki_self,2026-05-31 05:00:00+00:00,85
wiki_self,2026-05-31 06:00:00+00:00,85
wiki_self,2026-05-31 07:00:00+00:00,85
wiki_self,2026-05-31 08:00:00+00:00,85
wiki_self,2026-05-31 09:00:00+00:00,85
wiki_self,2026-05-31 10:00:00+00:00,85
wiki_self,2026-05-31 11:00:00+00:00,85
wiki_self,2026-05-31 12:00:00+00:00,85
wiki_self,2026-05-31 13:00:00+00:00,85
wiki_self,2026-05-31 14:00:00+00:00,85
wiki_self,2026-05-31 15:00:00+00:00,85
wiki_self,2026-05-31 16:00:00+00:00,85
wiki_self,2026-05-31 17:00:00+00:00,85
wiki_self,2026-05-31 18:00:00+00:00,85
wiki_self,2026-05-31 19:00:00+00:00,85
wiki_self,2026-05-31 20:00:00+00:00,85
wiki_self,2026-05-31 21:00:00+00:00,85
wiki_self,2026-05-31 22:00:00+00:00,85
wiki_self,2026-05-31 23:00:00+00:00,85
wiki_self,2026-06-01 00:00:00+00:00,85
wiki_self,2026-06-01 01:00:00+00:00,85
wiki_self,2026-06-01 02:00:00+00:00,85
wiki_self,2026-06-01 03:00:00+00:00,85
wiki_self,2026-06-01 04:00:00+00:00,85
wiki_self,2026-06-01 05:00:00+00:00,85
wiki_self,2026-06-01 06:00:00+00:00,85
wiki_self,2026-06-01 07:00:00+00:00,85
wiki_self,2026-06-01 08:00:00+00:00,85
wiki_self,2026-06-01 09:00:00+00:00,85
wiki_self,2026-06-01 10:00:00+00:00,85
wiki_self,2026-06-01 11:00:00+00:00,85
wiki_self,2026-06-01 12:00:00+00:00,85
wiki_self,2026-06-01 13:00:00+00:00,85
wiki_self,2026-06-01 14:00:00+00:00,86
wiki_self,2026-06-01 15:00:00+00:00,87
wiki_self,2026-06-01 16:00:00+00:00,88
wiki_self,2026-06-01 17:00:00+00:00,88
wiki_self,2026-06-01 18:00:00+00:00,88
wiki_self,2026-06-01 19:00:00+00:00,88
wiki_self,2026-06-01 20:00:00+00:00,88
wiki_self,2026-06-01 21:00:00+00:00,88
wiki_self,2026-06-01 22:00:00+00:00,88
wiki_self,2026-06-01 23:00:00+00:00,88
wiki_self,2026-06-02 00:00:00+00:00,88
wiki_self,2026-06-02 01:00:00+00:00,88
wiki_self,2026-06-02 02:00:00+00:00,88
wiki_self,2026-06-02 03:00:00+00:00,88
wiki_self,2026-06-02 04:00:00+00:00,88
wiki_self,2026-06-02 05:00:00+00:00,88
wiki_self,2026-06-02 06:00:00+00:00,88
wiki_self,2026-06-02 07:00:00+00:00,88
wiki_self,2026-06-02 08:00:00+00:00,88
wiki_self,2026-06-02 09:00:00+00:00,88
wiki_self,2026-06-02 10:00:00+00:00,88
wiki_self,2026-06-02 11:00:00+00:00,88
wiki_self,2026-06-02 12:00:00+00:00,88
wiki_self,2026-06-02 13:00:00+00:00,88
wiki_self,2026-06-02 14:00:00+00:00,88
wiki_self,2026-06-02 15:00:00+00:00,88
wiki_self,2026-06-02 16:00:00+00:00,88
wiki_self,2026-06-02 17:00:00+00:00,88
wiki_self,2026-06-02 18:00:00+00:00,88
wiki_self,2026-06-02 19:00:00+00:00,88
wiki_self,2026-06-02 20:00:00+00:00,88
wiki_self,2026-06-02 21:00:00+00:00,88
wiki_self,2026-06-02 22:00:00+00:00,88
wiki_self,2026-06-02 23:00:00+00:00,88
wiki_self,2026-06-03 00:00:00+00:00,88
wiki_self,2026-06-03 01:00:00+00:00,88
wiki_self,2026-06-03 02:00:00+00:00,88
wiki_self,2026-06-03 03:00:00+00:00,88
wiki_self,2026-06-03 04:00:00+00:00,88
wiki_self,2026-06-03 05:00:00+00:00,88
wiki_self,2026-06-03 06:00:00+00:00,88
wiki_self,2026-06-03 07:00:00+00:00,88
wiki_self,2026-06-03 08:00:00+00:00,88
wiki_self,2026-06-03 09:00:00+00:00,88
wiki_self,2026-06-03 10:00:00+00:00,88
wiki_self,2026-06-03 11:00:00+00:00,88
wiki_self,2026-06-03 12:00:00+00:00,88
wiki_self,2026-06-03 13:00:00+00:00,88
wiki_self,2026-06-03 14:00:00+00:00,88
wiki_self,2026-06-03 15:00:00+00:00,88
wiki_self,2026-06-03 16:00:00+00:00,88
wiki_self,2026-06-03 17:00:00+00:00,88
wiki_self,2026-06-03 18:00:00+00:00,88
wiki_self,2026-06-03 19:00:00+00:00,88
wiki_self,2026-06-03 20:00:00+00:00,88
wiki_self,2026-06-03 21:00:00+00:00,88
wiki_self,2026-06-03 22:00:00+00:00,88
wiki_self,2026-06-03 23:00:00+00:00,88
wiki_self,2026-06-04 00:00:00+00:00,88
wiki_self,2026-06-04 01:00:00+00:00,88
wiki_self,2026-06-04 02:00:00+00:00,88
wiki_self,2026-06-04 03:00:00+00:00,88
wiki_self,2026-06-04 04:00:00+00:00,88
wiki_self,2026-06-04 05:00:00+00:00,88
wiki_self,2026-06-04 06:00:00+00:00,88
wiki_self,2026-06-04 07:00:00+00:00,88
wiki_self,2026-06-04 08:00:00+00:00,88
wiki_self,2026-06-04 09:00:00+00:00,88
wiki_self,2026-06-04 10:00:00+00:00,88
wiki_self,2026-06-04 11:00:00+00:00,88
wiki_self,2026-06-04 12:00:00+00:00,88
wiki_self,2026-06-04 13:00:00+00:00,88
wiki_self,2026-06-04 14:00:00+00:00,88
wiki_self,2026-06-04 15:00:00+00:00,88
wiki_self,2026-06-04 16:00:00+00:00,88
wiki_self,2026-06-04 17:00:00+00:00,88
wiki_self,2026-06-04 18:00:00+00:00,88
wiki_self,2026-06-04 19:00:00+00:00,88
wiki_self,2026-06-04 20:00:00+00:00,88
wiki_self,2026-06-04 21:00:00+00:00,88
wiki_self,2026-06-04 22:00:00+00:00,88
wiki_self,2026-06-04 23:00:00+00:00,88
wiki_self,2026-06-05 00:00:00+00:00,88
wiki_self,2026-06-05 01:00:00+00:00,88
wiki_self,2026-06-05 02:00:00+00:00,88
wiki_self,2026-06-05 03:00:00+00:00,88
wiki_self,2026-06-05 04:00:00+00:00,88
wiki_self,2026-06-05 05:00:00+00:00,88
wiki_self,2026-06-05 06:00:00+00:00,88
wiki_self,2026-06-05 07:00:00+00:00,88
wiki_self,2026-06-05 08:00:00+00:00,88
wiki_self,2026-06-05 09:00:00+00:00,88
wiki_self,2026-06-05 10:00:00+00:00,88
wiki_self,2026-06-05 11:00:00+00:00,88
wiki_self,2026-06-05 12:00:00+00:00,88
wiki_self,2026-06-05 13:00:00+00:00,88
wiki_self,2026-06-05 14:00:00+00:00,88
wiki_self,2026-06-05 15:00:00+00:00,88
wiki_self,2026-06-05 16:00:00+00:00,88
wiki_self,2026-06-05 17:00:00+00:00,88
wiki_self,2026-06-05 18:00:00+00:00,88
wiki_self,2026-06-05 19:00:00+00:00,88
wiki_self,2026-06-05 20:00:00+00:00,88
wiki_self,2026-06-05 21:00:00+00:00,88
wiki_self,2026-06-05 22:00:00+00:00,88
wiki_self,2026-06-05 23:00:00+00:00,88
wiki_self,2026-06-06 00:00:00+00:00,88
wiki_self,2026-06-06 01:00:00+00:00,88
wiki_self,2026-06-06 02:00:00+00:00,88
wiki_self,2026-06-06 03:00:00+00:00,88
wiki_self,2026-06-06 04:00:00+00:00,88
wiki_self,2026-06-06 05:00:00+00:00,88
wiki_self,2026-06-06 06:00:00+00:00,88
wiki_self,2026-06-06 07:00:00+00:00,89
wiki_self,2026-06-06 08:00:00+00:00,89
wiki_self,2026-06-06 09:00:00+00:00,89
wiki_self,2026-06-06 10:00:00+00:00,89
wiki_self,2026-06-06 11:00:00+00:00,89
wiki_self,2026-06-06 12:00:00+00:00,89
wiki_self,2026-06-06 13:00:00+00:00,89
wiki_self,2026-06-06 14:00:00+00:00,89
wiki_self,2026-06-06 15:00:00+00:00,89
wiki_self,2026-06-06 16:00:00+00:00,89
wiki_self,2026-06-06 17:00:00+00:00,89
wiki_self,2026-06-06 18:00:00+00:00,89
wiki_self,2026-06-06 19:00:00+00:00,89
wiki_self,2026-06-06 20:00:00+00:00,89
wiki_self,2026-06-06 21:00:00+00:00,89
wiki_self,2026-06-06 22:00:00+00:00,89
wiki_self,2026-06-06 23:00:00+00:00,89
wiki_self,2026-06-07 00:00:00+00:00,89
wiki_self,2026-06-07 01:00:00+00:00,89
wiki_self,2026-06-07 02:00:00+00:00,89
wiki_self,2026-06-07 03:00:00+00:00,89
wiki_self,2026-06-07 04:00:00+00:00,89
wiki_self,2026-06-07 05:00:00+00:00,89
wiki_self,2026-06-07 06:00:00+00:00,89
wiki_self,2026-06-07 07:00:00+00:00,89
wiki_self,2026-06-07 08:00:00+00:00,89
wiki_self,2026-06-07 09:00:00+00:00,89
wiki_self,2026-06-07 10:00:00+00:00,89
wiki_self,2026-06-07 11:00:00+00:00,89
wiki_self,2026-06-07 12:00:00+00:00,89
wiki_self,2026-06-07 13:00:00+00:00,89
wiki_self,2026-06-07 14:00:00+00:00,89
wiki_self,2026-06-07 15:00:00+00:00,89
wiki_self,2026-06-07 16:00:00+00:00,89
wiki_self,2026-06-07 17:00:00+00:00,89
wiki_self,2026-06-07 18:00:00+00:00,89
wiki_self,2026-06-07 19:00:00+00:00,89
wiki_self,2026-06-07 20:00:00+00:00,89
wiki_self,2026-06-07 21:00:00+00:00,89
wiki_self,2026-06-07 22:00:00+00:00,89
wiki_self,2026-06-07 23:00:00+00:00,89
wiki_self,2026-06-08 00:00:00+00:00,89
wiki_self,2026-06-08 01:00:00+00:00,89
wiki_self,2026-06-08 02:00:00+00:00,89
wiki_self,2026-06-08 03:00:00+00:00,89
wiki_self,2026-06-08 04:00:00+00:00,89
wiki_self,2026-06-08 05:00:00+00:00,89
wiki_self,2026-06-08 06:00:00+00:00,89
wiki_self,2026-06-08 07:00:00+00:00,89
wiki_self,2026-06-08 08:00:00+00:00,89
wiki_self,2026-06-08 09:00:00+00:00,89
wiki_self,2026-06-08 10:00:00+00:00,89
wiki_self,2026-06-08 11:00:00+00:00,89
wiki_self,2026-06-08 12:00:00+00:00,89
wiki_self,2026-06-08 13:00:00+00:00,89
wiki_self,2026-06-08 14:00:00+00:00,89
wiki_self,2026-06-08 15:00:00+00:00,89
wiki_self,2026-06-08 16:00:00+00:00,89
wiki_self,2026-06-08 17:00:00+00:00,89
wiki_self,2026-06-08 18:00:00+00:00,89
wiki_self,2026-06-08 19:00:00+00:00,89
wiki_self,2026-06-08 20:00:00+00:00,89
wiki_self,2026-06-08 21:00:00+00:00,89
wiki_self,2026-06-08 22:00:00+00:00,89
wiki_self,2026-06-08 23:00:00+00:00,89
wiki_self,2026-06-09 00:00:00+00:00,89
wiki_self,2026-06-09 01:00:00+00:00,89
wiki_self,2026-06-09 02:00:00+00:00,89
wiki_self,2026-06-09 03:00:00+00:00,89
wiki_self,2026-06-09 04:00:00+00:00,89
wiki_self,2026-06-09 05:00:00+00:00,89
wiki_self,2026-06-09 06:00:00+00:00,89
wiki_self,2026-06-09 07:00:00+00:00,89
wiki_self,2026-06-09 08:00:00+00:00,89
wiki_self,2026-06-09 09:00:00+00:00,89
wiki_self,2026-06-09 10:00:00+00:00,89
wiki_self,2026-06-09 11:00:00+00:00,89
wiki_self,2026-06-09 12:00:00+00:00,89
wiki_self,2026-06-09 13:00:00+00:00,89
wiki_self,2026-06-09 14:00:00+00:00,89
wiki_self,2026-06-09 15:00:00+00:00,89
wiki_self,2026-06-09 16:00:00+00:00,89
wiki_self,2026-06-09 17:00:00+00:00,89
wiki_self,2026-06-09 18:00:00+00:00,89
wiki_self,2026-06-09 19:00:00+00:00,89
wiki_self,2026-06-09 20:00:00+00:00,89
wiki_self,2026-06-09 21:00:00+00:00,89
wiki_self,2026-06-09 22:00:00+00:00,89
wiki_self,2026-06-09 23:00:00+00:00,89
wiki_self,2026-06-10 00:00:00+00:00,89
wiki_self,2026-06-10 01:00:00+00:00,89
wiki_self,2026-06-10 02:00:00+00:00,89
wiki_self,2026-06-10 03:00:00+00:00,89
wiki_self,2026-06-10 04:00:00+00:00,89
wiki_self,2026-06-10 05:00:00+00:00,89
wiki_self,2026-06-10 06:00:00+00:00,89
wiki_self,2026-06-10 07:00:00+00:00,89
wiki_self,2026-06-10 08:00:00+00:00,89
wiki_self,2026-06-10 09:00:00+00:00,89
wiki_self,2026-06-10 10:00:00+00:00,89
wiki_self,2026-06-10 11:00:00+00:00,89
wiki_self,2026-06-10 12:00:00+00:00,89
wiki_self,2026-06-10 13:00:00+00:00,89
wiki_self,2026-06-10 14:00:00+00:00,89
wiki_self,2026-06-10 15:00:00+00:00,89
wiki_self,2026-06-10 16:00:00+00:00,89
wiki_self,2026-06-10 17:00:00+00:00,89
wiki_self,2026-06-10 18:00:00+00:00,89
wiki_self,2026-06-10 19:00:00+00:00,89
wiki_self,2026-06-10 20:00:00+00:00,89
wiki_self,2026-06-10 21:00:00+00:00,89
wiki_self,2026-06-10 22:00:00+00:00,89
wiki_self,2026-06-10 23:00:00+00:00,89
wiki_self,2026-06-11 00:00:00+00:00,89
wiki_self,2026-06-11 01:00:00+00:00,89
wiki_self,2026-06-11 02:00:00+00:00,89
wiki_self,2026-06-11 03:00:00+00:00,89
wiki_self,2026-06-11 04:00:00+00:00,89
wiki_self,2026-06-11 05:00:00+00:00,91
wiki_self,2026-06-11 06:00:00+00:00,93
wiki_self,2026-06-11 07:00:00+00:00,94
wiki_self,2026-06-11 08:00:00+00:00,94
wiki_self,2026-06-11 09:00:00+00:00,94
wiki_self,2026-06-11 10:00:00+00:00,95
wiki_self,2026-06-11 11:00:00+00:00,96
wiki_self,2026-06-11 12:00:00+00:00,98
wiki_self,2026-06-11 13:00:00+00:00,98
wiki_self,2026-06-11 14:00:00+00:00,102
wiki_self,2026-06-11 15:00:00+00:00,103
wiki_self,2026-06-11 16:00:00+00:00,103
wiki_self,2026-06-11 17:00:00+00:00,103
wiki_self,2026-06-11 18:00:00+00:00,104
wiki_self,2026-06-11 19:00:00+00:00,104
wiki_self,2026-06-11 20:00:00+00:00,104
wiki_self,2026-06-11 21:00:00+00:00,104
wiki_self,2026-06-11 22:00:00+00:00,104
wiki_self,2026-06-11 23:00:00+00:00,104
wiki_self,2026-06-12 00:00:00+00:00,104
wiki_self,2026-06-12 01:00:00+00:00,104
wiki_self,2026-06-12 02:00:00+00:00,104
wiki_self,2026-06-12 03:00:00+00:00,104
wiki_self,2026-06-12 04:00:00+00:00,104
wiki_self,2026-06-12 05:00:00+00:00,104
wiki_self,2026-06-12 06:00:00+00:00,104
wiki_self,2026-06-12 07:00:00+00:00,104
wiki_self,2026-06-12 08:00:00+00:00,104
wiki_self,2026-06-12 09:00:00+00:00,104
wiki_self,2026-06-12 10:00:00+00:00,104
wiki_self,2026-06-12 11:00:00+00:00,104
wiki_self,2026-06-12 12:00:00+00:00,104
wiki_self,2026-06-12 13:00:00+00:00,104
wiki_self,2026-06-12 14:00:00+00:00,104
wiki_self,2026-06-12 15:00:00+00:00,104
wiki_self,2026-06-12 16:00:00+00:00,104
wiki_self,2026-06-12 17:00:00+00:00,104
wiki_self,2026-06-12 18:00:00+00:00,104
wiki_self,2026-06-12 19:00:00+00:00,104
wiki_self,2026-06-12 20:00:00+00:00,104
wiki_self,2026-06-12 21:00:00+00:00,104
wiki_self,2026-06-12 22:00:00+00:00,104
wiki_self,2026-06-12 23:00:00+00:00,104
wiki_self,2026-06-13 00:00:00+00:00,104
wiki_self,2026-06-13 01:00:00+00:00,104
wiki_self,2026-06-13 02:00:00+00:00,104
wiki_self,2026-06-13 03:00:00+00:00,104
wiki_self,2026-06-13 04:00:00+00:00,104
wiki_self,2026-06-13 05:00:00+00:00,104
wiki_self,2026-06-13 06:00:00+00:00,104
wiki_self,2026-06-13 07:00:00+00:00,104
wiki_self,2026-06-13 08:00:00+00:00,104
wiki_self,2026-06-13 09:00:00+00:00,104
wiki_self,2026-06-13 10:00:00+00:00,104
wiki_self,2026-06-13 11:00:00+00:00,104
wiki_self,2026-06-13 12:00:00+00:00,104
wiki_self,2026-06-13 13:00:00+00:00,104
wiki_self,2026-06-13 14:00:00+00:00,104
wiki_self,2026-06-13 15:00:00+00:00,104
wiki_self,2026-06-13 16:00:00+00:00,104
wiki_self,2026-06-13 17:00:00+00:00,104
wiki_self,2026-06-13 18:00:00+00:00,104
wiki_self,2026-06-13 19:00:00+00:00,104
wiki_self,2026-06-13 20:00:00+00:00,104
wiki_self,2026-06-13 21:00:00+00:00,104
wiki_self,2026-06-13 22:00:00+00:00,104
wiki_self,2026-06-13 23:00:00+00:00,104
wiki_self,2026-06-14 00:00:00+00:00,104
wiki_self,2026-06-14 01:00:00+00:00,104
wiki_self,2026-06-14 02:00:00+00:00,104
wiki_self,2026-06-14 03:00:00+00:00,104
wiki_self,2026-06-14 04:00:00+00:00,104
wiki_self,2026-06-14 05:00:00+00:00,104
wiki_self,2026-06-14 06:00:00+00:00,104
wiki_self,2026-06-14 07:00:00+00:00,104
wiki_self,2026-06-14 08:00:00+00:00,104
wiki_self,2026-06-14 09:00:00+00:00,104
wiki_self,2026-06-14 10:00:00+00:00,104
wiki_self,2026-06-14 11:00:00+00:00,104
wiki_self,2026-06-14 12:00:00+00:00,104
wiki_self,2026-06-14 13:00:00+00:00,104
wiki_self,2026-06-14 14:00:00+00:00,104
wiki_self,2026-06-14 15:00:00+00:00,104
wiki_self,2026-06-14 16:00:00+00:00,104
wiki_self,2026-06-14 17:00:00+00:00,104
wiki_self,2026-06-14 18:00:00+00:00,104
wiki_self,2026-06-14 19:00:00+00:00,104
wiki_self,2026-06-14 20:00:00+00:00,104
wiki_self,2026-06-14 21:00:00+00:00,104
wiki_self,2026-06-14 22:00:00+00:00,104
wiki_self,2026-06-14 23:00:00+00:00,104
wiki_self,2026-06-15 00:00:00+00:00,104
wiki_self,2026-06-15 01:00:00+00:00,104
wiki_self,2026-06-15 02:00:00+00:00,104
wiki_self,2026-06-15 03:00:00+00:00,104
wiki_self,2026-06-15 04:00:00+00:00,104
wiki_self,2026-06-15 05:00:00+00:00,104
wiki_self,2026-06-15 06:00:00+00:00,104
wiki_self,2026-06-15 07:00:00+00:00,104
wiki_self,2026-06-15 08:00:00+00:00,104
wiki_self,2026-06-15 09:00:00+00:00,104
wiki_self,2026-06-15 10:00:00+00:00,104
wiki_self,2026-06-15 11:00:00+00:00,104
wiki_self,2026-06-15 12:00:00+00:00,104
wiki_self,2026-06-15 13:00:00+00:00,104
wiki_self,2026-06-15 14:00:00+00:00,104
wiki_self,2026-06-15 15:00:00+00:00,104
wiki_self,2026-06-15 16:00:00+00:00,104
wiki_self,2026-06-15 17:00:00+00:00,104
wiki_self,2026-06-15 18:00:00+00:00,104
wiki_self,2026-06-15 19:00:00+00:00,104
wiki_self,2026-06-15 20:00:00+00:00,104
wiki_self,2026-06-15 21:00:00+00:00,104
wiki_self,2026-06-15 22:00:00+00:00,104
wiki_self,2026-06-15 23:00:00+00:00,104
wiki_self,2026-06-16 00:00:00+00:00,104
wiki_self,2026-06-16 01:00:00+00:00,104
wiki_self,2026-06-16 02:00:00+00:00,104
wiki_self,2026-06-16 03:00:00+00:00,104
wiki_self,2026-06-16 04:00:00+00:00,104
wiki_self,2026-06-16 05:00:00+00:00,104
wiki_self,2026-06-16 06:00:00+00:00,104
wiki_self,2026-06-16 07:00:00+00:00,107
wiki_self,2026-06-16 08:00:00+00:00,111
wiki_self,2026-06-16 09:00:00+00:00,116
wiki_self,2026-06-16 10:00:00+00:00,116
wiki_self,2026-06-16 11:00:00+00:00,116
wiki_self,2026-06-16 12:00:00+00:00,116
wiki_self,2026-06-16 13:00:00+00:00,118
wiki_self,2026-06-16 14:00:00+00:00,118
wiki_self,2026-06-16 15:00:00+00:00,118
wiki_self,2026-06-16 16:00:00+00:00,118
wiki_self,2026-06-16 17:00:00+00:00,118
wiki_self,2026-06-16 18:00:00+00:00,124
wiki_self,2026-06-16 19:00:00+00:00,138
wiki_self,2026-06-16 20:00:00+00:00,147
wiki_self,2026-06-16 21:00:00+00:00,154
wiki_self,2026-06-16 22:00:00+00:00,167
wiki_self,2026-06-16 23:00:00+00:00,167
wiki_self,2026-06-17 00:00:00+00:00,172
wiki_self,2026-06-17 01:00:00+00:00,179
wiki_self,2026-06-17 02:00:00+00:00,193
wiki_self,2026-06-17 03:00:00+00:00,196
wiki_self,2026-06-17 04:00:00+00:00,196
wiki_self,2026-06-17 05:00:00+00:00,196
wiki_self,2026-06-17 06:00:00+00:00,197
wiki_self,2026-06-17 07:00:00+00:00,199
wiki_self,2026-06-17 08:00:00+00:00,202
wiki_self,2026-06-17 09:00:00+00:00,204
wiki_self,2026-06-17 10:00:00+00:00,204
wiki_self,2026-06-17 11:00:00+00:00,204
wiki_self,2026-06-17 12:00:00+00:00,205
wiki_self,2026-06-17 13:00:00+00:00,205
wiki_self,2026-06-17 14:00:00+00:00,205
wiki_self,2026-06-17 15:00:00+00:00,205
wiki_self,2026-06-17 16:00:00+00:00,205
wiki_self,2026-06-17 17:00:00+00:00,205
wiki_self,2026-06-17 18:00:00+00:00,205
wiki_self,2026-06-17 19:00:00+00:00,205
wiki_self,2026-06-17 20:00:00+00:00,205
wiki_self,2026-06-17 21:00:00+00:00,205
wiki_self,2026-06-17 22:00:00+00:00,205
wiki_self,2026-06-17 23:00:00+00:00,205
wiki_self,2026-06-18 00:00:00+00:00,206
wiki_self,2026-06-18 01:00:00+00:00,206
wiki_self,2026-06-18 02:00:00+00:00,206
wiki_self,2026-06-18 03:00:00+00:00,206
wiki_self,2026-06-18 04:00:00+00:00,206
wiki_self,2026-06-18 05:00:00+00:00,207
wiki_self,2026-06-18 06:00:00+00:00,207
wiki_self,2026-06-18 07:00:00+00:00,207
wiki_self,2026-06-18 08:00:00+00:00,207
wiki_self,2026-06-18 09:00:00+00:00,207
wiki_self,2026-06-18 10:00:00+00:00,207
wiki_self,2026-06-18 11:00:00+00:00,207
wiki_self,2026-06-18 12:00:00+00:00,207
wiki_self,2026-06-18 13:00:00+00:00,207
wiki_self,2026-06-18 14:00:00+00:00,209
wiki_self,2026-06-18 15:00:00+00:00,221
wiki_self,2026-06-18 16:00:00+00:00,246
wiki_self,2026-06-18 17:00:00+00:00,319
wiki_self,2026-06-18 18:00:00+00:00,509
wiki_self,2026-06-18 19:00:00+00:00,675
wiki_self,2026-06-18 20:00:00+00:00,819
wiki_self,2026-06-18 21:00:00+00:00,868
wiki_self,2026-06-18 22:00:00+00:00,868
wiki_self,2026-06-18 23:00:00+00:00,868
wiki_self,2026-06-19 00:00:00+00:00,869
wiki_self,2026-06-19 01:00:00+00:00,871
wiki_self,2026-06-19 02:00:00+00:00,871
wiki_self,2026-06-19 03:00:00+00:00,872
wiki_self,2026-06-19 04:00:00+00:00,872
wiki_self,2026-06-19 05:00:00+00:00,872
wiki_self,2026-06-19 06:00:00+00:00,872
wiki_self,2026-06-19 07:00:00+00:00,872
wiki_self,2026-06-19 08:00:00+00:00,872
wiki_self,2026-06-19 09:00:00+00:00,872
wiki_self,2026-06-19 10:00:00+00:00,872
wiki_self,2026-06-19 11:00:00+00:00,872
wiki_self,2026-06-19 12:00:00+00:00,872
wiki_self,2026-06-19 13:00:00+00:00,872
wiki_self,2026-06-19 14:00:00+00:00,872
wiki_self,2026-06-19 15:00:00+00:00,872
wiki_self,2026-06-19 16:00:00+00:00,872
wiki_self,2026-06-19 17:00:00+00:00,872
wiki_self,2026-06-19 18:00:00+00:00,872
wiki_self,2026-06-19 19:00:00+00:00,872
wiki_self,2026-06-19 20:00:00+00:00,872
wiki_self,2026-06-19 21:00:00+00:00,872
wiki_self,2026-06-19 22:00:00+00:00,872
wiki_self,2026-06-19 23:00:00+00:00,872
wiki_self,2026-06-20 00:00:00+00:00,872
wiki_self,2026-06-20 01:00:00+00:00,873
wiki_self,2026-06-20 02:00:00+00:00,873
wiki_self,2026-06-20 03:00:00+00:00,873
wiki_self,2026-06-20 04:00:00+00:00,873
wiki_self,2026-06-20 05:00:00+00:00,873
wiki_self,2026-06-20 06:00:00+00:00,873
wiki_self,2026-06-20 07:00:00+00:00,873
wiki_self,2026-06-20 08:00:00+00:00,873
wiki_self,2026-06-20 09:00:00+00:00,873
wiki_self,2026-06-20 10:00:00+00:00,873
wiki_self,2026-06-20 11:00:00+00:00,873
wiki_self,2026-06-20 12:00:00+00:00,873
wiki_self,2026-06-20 13:00:00+00:00,873
wiki_self,2026-06-20 14:00:00+00:00,873
wiki_self,2026-06-20 15:00:00+00:00,873
wiki_self,2026-06-20 16:00:00+00:00,873
wiki_self,2026-06-20 17:00:00+00:00,873
wiki_self,2026-06-20 18:00:00+00:00,873
wiki_self,2026-06-20 19:00:00+00:00,873
wiki_self,2026-06-20 20:00:00+00:00,873
wiki_self,2026-06-20 21:00:00+00:00,873
wiki_self,2026-06-20 22:00:00+00:00,873
wiki_self,2026-06-20 23:00:00+00:00,873
wiki_self,2026-06-21 00:00:00+00:00,873
wiki_self,2026-06-21 01:00:00+00:00,873
wiki_self,2026-06-21 02:00:00+00:00,873
wiki_self,2026-06-21 03:00:00+00:00,876
wiki_self,2026-06-21 04:00:00+00:00,876
wiki_self,2026-06-21 05:00:00+00:00,876
wiki_self,2026-06-21 06:00:00+00:00,876
wiki_self,2026-06-21 07:00:00+00:00,876
wiki_self,2026-06-21 08:00:00+00:00,876
wiki_self,2026-06-21 09:00:00+00:00,876
wiki_self,2026-06-21 10:00:00+00:00,876
wiki_self,2026-06-21 11:00:00+00:00,878
wiki_self,2026-06-21 12:00:00+00:00,880
wiki_self,2026-06-21 13:00:00+00:00,883
wiki_self,2026-06-21 14:00:00+00:00,883
wiki_self,2026-06-21 15:00:00+00:00,883
wiki_self,2026-06-21 16:00:00+00:00,884
wiki_self,2026-06-21 17:00:00+00:00,885
wiki_self,2026-06-21 18:00:00+00:00,886
wiki_self,2026-06-21 19:00:00+00:00,886
wiki_self,2026-06-21 20:00:00+00:00,886
wiki_self,2026-06-21 21:00:00+00:00,886
wiki_self,2026-06-21 22:00:00+00:00,886
wiki_self,2026-06-21 23:00:00+00:00,886
wiki_self,2026-06-22 00:00:00+00:00,886
wiki_self,2026-06-22 01:00:00+00:00,886
wiki_self,2026-06-22 02:00:00+00:00,896
wiki_self,2026-06-22 03:00:00+00:00,896
wiki_self,2026-06-22 04:00:00+00:00,896
wiki_self,2026-06-22 05:00:00+00:00,896
wiki_self,2026-06-22 06:00:00+00:00,897
wiki_self,2026-06-22 07:00:00+00:00,898
wiki_self,2026-06-22 08:00:00+00:00,930
wiki_self,2026-06-22 09:00:00+00:00,930
wiki_self,2026-06-22 10:00:00+00:00,930
wiki_self,2026-06-22 11:00:00+00:00,930
wiki_self,2026-06-22 12:00:00+00:00,930
wiki_self,2026-06-22 13:00:00+00:00,930
wiki_self,2026-06-22 14:00:00+00:00,930
wiki_self,2026-06-22 15:00:00+00:00,930
wiki_self,2026-06-22 16:00:00+00:00,930
wiki_self,2026-06-22 17:00:00+00:00,930
wiki_self,2026-06-22 18:00:00+00:00,930
wiki_self,2026-06-22 19:00:00+00:00,930
wiki_self,2026-06-22 20:00:00+00:00,930
wiki_self,2026-06-22 21:00:00+00:00,930
wiki_self,2026-06-22 22:00:00+00:00,930
wiki_self,2026-06-22 23:00:00+00:00,930
wiki_self,2026-06-23 00:00:00+00:00,930
wiki_self,2026-06-23 01:00:00+00:00,930
wiki_self,2026-06-23 02:00:00+00:00,930
wiki_self,2026-06-23 03:00:00+00:00,930
wiki_self,2026-06-23 04:00:00+00:00,930
wiki_self,2026-06-23 05:00:00+00:00,930
wiki_self,2026-06-23 06:00:00+00:00,930
wiki_self,2026-06-23 07:00:00+00:00,930
wiki_self,2026-06-23 08:00:00+00:00,930
wiki_self,2026-06-23 09:00:00+00:00,930
wiki_self,2026-06-23 10:00:00+00:00,930
wiki_self,2026-06-23 11:00:00+00:00,930
wiki_self,2026-06-23 12:00:00+00:00,930
wiki_self,2026-06-23 13:00:00+00:00,930
wiki_self,2026-06-23 14:00:00+00:00,930
wiki_self,2026-06-23 15:00:00+00:00,930
wiki_self,2026-06-23 16:00:00+00:00,930
wiki_self,2026-06-23 17:00:00+00:00,930
wiki_self,2026-06-23 18:00:00+00:00,930
wiki_self,2026-06-23 19:00:00+00:00,930
wiki_self,2026-06-23 20:00:00+00:00,930
wiki_self,2026-06-23 21:00:00+00:00,930
wiki_self,2026-06-23 22:00:00+00:00,930
wiki_self,2026-06-23 23:00:00+00:00,930
wiki_self,2026-06-24 00:00:00+00:00,930
wiki_self,2026-06-24 01:00:00+00:00,930
wiki_self,2026-06-24 02:00:00+00:00,930
wiki_self,2026-06-24 03:00:00+00:00,930
wiki_self,2026-06-24 04:00:00+00:00,930
wiki_self,2026-06-24 05:00:00+00:00,930
wiki_self,2026-06-24 06:00:00+00:00,930
wiki_self,2026-06-24 07:00:00+00:00,930
wiki_self,2026-06-24 08:00:00+00:00,930
wiki_self,2026-06-24 09:00:00+00:00,930
wiki_self,2026-06-24 10:00:00+00:00,930
wiki_self,2026-06-24 11:00:00+00:00,930
wiki_self,2026-06-24 12:00:00+00:00,930
wiki_self,2026-06-24 13:00:00+00:00,930
wiki_self,2026-06-24 14:00:00+00:00,930
wiki_self,2026-06-24 15:00:00+00:00,930
wiki_self,2026-06-24 16:00:00+00:00,930
wiki_self,2026-06-24 17:00:00+00:00,930
wiki_self,2026-06-24 18:00:00+00:00,930
wiki_self,2026-06-24 19:00:00+00:00,930
wiki_self,2026-06-24 20:00:00+00:00,930
wiki_self,2026-06-24 21:00:00+00:00,930
wiki_self,2026-06-24 22:00:00+00:00,930
wiki_self,2026-06-24 23:00:00+00:00,930
wiki_self,2026-06-25 00:00:00+00:00,930
wiki_self,2026-06-25 01:00:00+00:00,930
wiki_self,2026-06-25 02:00:00+00:00,930
wiki_self,2026-06-25 03:00:00+00:00,930
wiki_self,2026-06-25 04:00:00+00:00,930
wiki_self,2026-06-25 05:00:00+00:00,930
wiki_self,2026-06-25 06:00:00+00:00,930
wiki_self,2026-06-25 07:00:00+00:00,930
wiki_self,2026-06-25 08:00:00+00:00,930
wiki_self,2026-06-25 09:00:00+00:00,930
wiki_self,2026-06-25 10:00:00+00:00,930
wiki_self,2026-06-25 11:00:00+00:00,930
wiki_self,2026-06-25 12:00:00+00:00,930
wiki_self,2026-06-25 13:00:00+00:00,930
wiki_self,2026-06-25 14:00:00+00:00,930
wiki_self,2026-06-25 15:00:00+00:00,930
wiki_self,2026-06-25 16:00:00+00:00,930
wiki_self,2026-06-25 17:00:00+00:00,930
wiki_self,2026-06-25 18:00:00+00:00,930
wiki_self,2026-06-25 19:00:00+00:00,930
wiki_self,2026-06-25 20:00:00+00:00,930
wiki_self,2026-06-25 21:00:00+00:00,930
wiki_self,2026-06-25 22:00:00+00:00,930
wiki_self,2026-06-25 23:00:00+00:00,930
wiki_self,2026-06-26 00:00:00+00:00,930
wiki_self,2026-06-26 01:00:00+00:00,930
wiki_self,2026-06-26 02:00:00+00:00,930
wiki_self,2026-06-26 03:00:00+00:00,930
wiki_self,2026-06-26 04:00:00+00:00,930
wiki_self,2026-06-26 05:00:00+00:00,930
wiki_self,2026-06-26 06:00:00+00:00,930
wiki_self,2026-06-26 07:00:00+00:00,930
wiki_self,2026-06-26 08:00:00+00:00,930
wiki_self,2026-06-26 09:00:00+00:00,930
wiki_self,2026-06-26 10:00:00+00:00,930
wiki_self,2026-06-26 11:00:00+00:00,930
wiki_self,2026-06-26 12:00:00+00:00,930
wiki_self,2026-06-26 13:00:00+00:00,930
wiki_self,2026-06-26 14:00:00+00:00,930
wiki_self,2026-06-26 15:00:00+00:00,930
wiki_self,2026-06-26 16:00:00+00:00,930
wiki_self,2026-06-26 17:00:00+00:00,930
wiki_self,2026-06-26 18:00:00+00:00,930
wiki_self,2026-06-26 19:00:00+00:00,930
wiki_self,2026-06-26 20:00:00+00:00,930
wiki_self,2026-06-26 21:00:00+00:00,930
wiki_self,2026-06-26 22:00:00+00:00,930
wiki_self,2026-06-26 23:00:00+00:00,930
wiki_self,2026-06-27 00:00:00+00:00,930
wiki_self,2026-06-27 01:00:00+00:00,930
wiki_self,2026-06-27 02:00:00+00:00,930
wiki_self,2026-06-27 03:00:00+00:00,930
wiki_self,2026-06-27 04:00:00+00:00,930
wiki_self,2026-06-27 05:00:00+00:00,930
wiki_self,2026-06-27 06:00:00+00:00,930
wiki_self,2026-06-27 07:00:00+00:00,930
wiki_self,2026-06-27 08:00:00+00:00,930
wiki_self,2026-06-27 09:00:00+00:00,930
wiki_self,2026-06-27 10:00:00+00:00,930
wiki_self,2026-06-27 11:00:00+00:00,930
wiki_self,2026-06-27 12:00:00+00:00,930
wiki_self,2026-06-27 13:00:00+00:00,930
wiki_self,2026-06-27 14:00:00+00:00,930
wiki_self,2026-06-27 15:00:00+00:00,930
wiki_self,2026-06-27 16:00:00+00:00,930
wiki_self,2026-06-27 17:00:00+00:00,930
wiki_self,2026-06-27 18:00:00+00:00,930
wiki_self,2026-06-27 19:00:00+00:00,930
wiki_self,2026-06-27 20:00:00+00:00,930
wiki_self,2026-06-27 21:00:00+00:00,930
wiki_self,2026-06-27 22:00:00+00:00,930
wiki_self,2026-06-27 23:00:00+00:00,930
wiki_self,2026-06-28 00:00:00+00:00,930
wiki_self,2026-06-28 01:00:00+00:00,930
wiki_self,2026-06-28 02:00:00+00:00,930
wiki_self,2026-06-28 03:00:00+00:00,930
wiki_self,2026-06-28 04:00:00+00:00,930
wiki_self,2026-06-28 05:00:00+00:00,930
wiki_self,2026-06-28 06:00:00+00:00,930
wiki_self,2026-06-28 07:00:00+00:00,930
wiki_self,2026-06-28 08:00:00+00:00,930
wiki_self,2026-06-28 09:00:00+00:00,930
wiki_self,2026-06-28 10:00:00+00:00,930
wiki_self,2026-06-28 11:00:00+00:00,930
wiki_self,2026-06-28 12:00:00+00:00,930
wiki_self,2026-06-28 13:00:00+00:00,930
wiki_self,2026-06-28 14:00:00+00:00,930
wiki_self,2026-06-28 15:00:00+00:00,930
wiki_self,2026-06-28 16:00:00+00:00,930
wiki_self,2026-06-28 17:00:00+00:00,930
wiki_self,2026-06-28 18:00:00+00:00,930
wiki_self,2026-06-28 19:00:00+00:00,930
wiki_self,2026-06-28 20:00:00+00:00,930
wiki_self,2026-06-28 21:00:00+00:00,930
wiki_self,2026-06-28 22:00:00+00:00,930
wiki_self,2026-06-28 23:00:00+00:00,930
wiki_self,2026-06-29 00:00:00+00:00,930
wiki_self,2026-06-29 01:00:00+00:00,930
wiki_self,2026-06-29 02:00:00+00:00,930
wiki_self,2026-06-29 03:00:00+00:00,930
wiki_self,2026-06-29 04:00:00+00:00,930
wiki_self,2026-06-29 05:00:00+00:00,930
wiki_self,2026-06-29 06:00:00+00:00,930
wiki_self,2026-06-29 07:00:00+00:00,930
wiki_self,2026-06-29 08:00:00+00:00,930
wiki_self,2026-06-29 09:00:00+00:00,930
wiki_self,2026-06-29 10:00:00+00:00,930
wiki_self,2026-06-29 11:00:00+00:00,930
wiki_self,2026-06-29 12:00:00+00:00,930
wiki_self,2026-06-29 13:00:00+00:00,930
wiki_self,2026-06-29 14:00:00+00:00,930
wiki_self,2026-06-29 15:00:00+00:00,930
wiki_self,2026-06-29 16:00:00+00:00,930
wiki_self,2026-06-29 17:00:00+00:00,930
wiki_self,2026-06-29 18:00:00+00:00,930
wiki_self,2026-06-29 19:00:00+00:00,930
wiki_self,2026-06-29 20:00:00+00:00,930
wiki_self,2026-06-29 21:00:00+00:00,930
wiki_self,2026-06-29 22:00:00+00:00,930
wiki_self,2026-06-29 23:00:00+00:00,930
wiki_self,2026-06-30 00:00:00+00:00,930
wiki_self,2026-06-30 01:00:00+00:00,930
wiki_self,2026-06-30 02:00:00+00:00,930
wiki_self,2026-06-30 03:00:00+00:00,930
wiki_self,2026-06-30 04:00:00+00:00,930
wiki_self,2026-06-30 05:00:00+00:00,930
wiki_self,2026-06-30 06:00:00+00:00,930
wiki_self,2026-06-30 07:00:00+00:00,930
wiki_self,2026-06-30 08:00:00+00:00,930
wiki_self,2026-06-30 09:00:00+00:00,930
wiki_self,2026-06-30 10:00:00+00:00,930
wiki_self,2026-06-30 11:00:00+00:00,930
wiki_self,2026-06-30 12:00:00+00:00,930
wiki_self,2026-06-30 13:00:00+00:00,930
wiki_self,2026-06-30 14:00:00+00:00,930
wiki_self,2026-06-30 15:00:00+00:00,930
wiki_self,2026-06-30 16:00:00+00:00,930
wiki_self,2026-06-30 17:00:00+00:00,930
wiki_self,2026-06-30 18:00:00+00:00,930
wiki_self,2026-06-30 19:00:00+00:00,930
wiki_self,2026-06-30 20:00:00+00:00,930
wiki_self,2026-06-30 21:00:00+00:00,930
wiki_self,2026-06-30 22:00:00+00:00,930
wiki_self,2026-06-30 23:00:00+00:00,930
wiki_self,2026-07-01 00:00:00+00:00,930
wiki_self,2026-07-01 01:00:00+00:00,930
wiki_self,2026-07-01 02:00:00+00:00,930
wiki_self,2026-07-01 03:00:00+00:00,930
wiki_self,2026-07-01 04:00:00+00:00,930
wiki_self,2026-07-01 05:00:00+00:00,930
wiki_self,2026-07-01 06:00:00+00:00,930
wiki_self,2026-07-01 07:00:00+00:00,930
wiki_self,2026-07-01 08:00:00+00:00,930
wiki_self,2026-07-01 09:00:00+00:00,930
wiki_self,2026-07-01 10:00:00+00:00,930
wiki_self,2026-07-01 11:00:00+00:00,930
wiki_self,2026-07-01 12:00:00+00:00,930
wiki_self,2026-07-01 13:00:00+00:00,930
wiki_self,2026-07-01 14:00:00+00:00,930
wiki_self,2026-07-01 15:00:00+00:00,930
wiki_self,2026-07-01 16:00:00+00:00,930
wiki_self,2026-07-01 17:00:00+00:00,930
wiki_self,2026-07-01 18:00:00+00:00,930
wiki_self,2026-07-01 19:00:00+00:00,930
wiki_self,2026-07-01 20:00:00+00:00,930
wiki_self,2026-07-01 21:00:00+00:00,930
wiki_self,2026-07-01 22:00:00+00:00,930
wiki_self,2026-07-01 23:00:00+00:00,930
wiki_self,2026-07-02 00:00:00+00:00,930
wiki_self,2026-07-02 01:00:00+00:00,930
wiki_self,2026-07-02 02:00:00+00:00,930
wiki_self,2026-07-02 03:00:00+00:00,930
wiki_self,2026-07-02 04:00:00+00:00,930
wiki_self,2026-07-02 05:00:00+00:00,930
wiki_self,2026-07-02 06:00:00+00:00,930
wiki_self,2026-07-02 07:00:00+00:00,930
wiki_self,2026-07-02 08:00:00+00:00,930
wiki_self,2026-07-02 09:00:00+00:00,930
wiki_self,2026-07-02 10:00:00+00:00,930
wiki_self,2026-07-02 11:00:00+00:00,930
wiki_self,2026-07-02 12:00:00+00:00,930
wiki_self,2026-07-02 13:00:00+00:00,930
wiki_self,2026-07-02 14:00:00+00:00,930
wiki_self,2026-07-02 15:00:00+00:00,930
wiki_self,2026-07-02 16:00:00+00:00,930
wiki_self,2026-07-02 17:00:00+00:00,930
